comp,year,comedian_name,comedian_number,rank,catchphrase,first_group,first_order,first_result,first_title,first_movie,second_order,second_result,second_title,second_movie,third_order,third_result,third_title,third_movie
m1,2025,たくろう,,優勝,軟弱の星,,7,861点,リングアナ,,3番,8票,ビバリーヒルズ,,,,,
m1,2025,ドンデコルテ,,2位,不惑の主張,,8,845点,デジタルデトックス,,1番,1票,町の名物おじさん,,,,,
m1,2025,エバース,,3位,雑談ファンタジスタ,,4,870点,ドライブデート,,2番,0票,腹話術師,,,,,
m1,2025,真空ジェシカ,,4位,アンコントロールV,,5,844点,ペーパードライバー講習,,,,,,,,,
m1,2025,ヤーレンズ,,5位,エンドレス・ウザ,,1,843点,結婚したい,,,,,,,,,
m1,2025,豪快キャプテン,,6位,説教ゴリラ襲来,,9,839点,小さいカバン,,,,,,,,,
m1,2025,カナメストーン,,7位,（敗者復活組）,,3,830点,ダーツの旅,,,,,,,,,
m1,2025,ヨネダ2000,,8位,おかえり奇想天外,,6,826点,ドリブル,,,,,,,,,
m1,2025,ママタルト,,9位,じゃあ、あんたが太ってみろよ,,10,823点,初詣,,,,,,,,,
m1,2025,めぞん,,10位,情熱フルスロットル,,2,820点,彼氏のふり,,,,,,,,,
m1,2025,20世紀,,準決勝進出,,,,,,,,,,,,,,
m1,2025,例えば炎,,準決勝進出,,,,,,,,,,,,,,
m1,2025,生姜猫,,準決勝進出,,,,,,,,,,,,,,
m1,2025,ドーナツ・ピーナツ,,準決勝進出,,,,,,,,,,,,,,
m1,2025,黒帯,,準決勝進出,,,,,,,,,,,,,,
m1,2025,カベポスター,,準決勝進出,,,,,,,,,,,,,,
m1,2025,ゼロカラン,,準決勝進出,,,,,,,,,,,,,,
m1,2025,大王,,準決勝進出,,,,,,,,,,,,,,
m1,2025,おおぞらモード,,準決勝進出,,,,,,,,,,,,,,
m1,2025,センチネル,,準決勝進出,,,,,,,,,,,,,,
m1,2025,今夜も星が綺麗,,準決勝進出,,,,,,,,,,,,,,
m1,2025,TCクラクション,,準決勝進出,,,,,,,,,,,,,,
m1,2025,イチゴ,,準決勝進出,,,,,,,,,,,,,,
m1,2025,ひつじねいり,,準決勝進出,,,,,,,,,,,,,,
m1,2025,フランツ,,準決勝進出,,,,,,,,,,,,,,
m1,2025,スタミナパン,,準決勝進出,,,,,,,,,,,,,,
m1,2025,ミカボ,,準決勝進出,,,,,,,,,,,,,,
m1,2025,ネコニスズ,,準決勝進出,,,,,,,,,,,,,,
m1,2025,ミキ,,準決勝進出,,,,,,,,,,,,,,
m1,2025,豆鉄砲,,準決勝進出,,,,,,,,,,,,,,
m1,2025,滝音,,準決勝進出,（TVerワイルドカード枠）,,,,,,,,,,,,,
m1,2025,タチマチ,,準々決勝進出,,,,,,,,,,,,,,
m1,2025,ラメ入り,,準々決勝進出,,,,,,,,,,,,,,
m1,2025,天才ピアニスト,,準々決勝進出,,,,,,,,,,,,,,
m1,2025,ハスキーポーズ,,準々決勝進出,,,,,,,,,,,,,,
m1,2025,もも,,準々決勝進出,,,,,,,,,,,,,,
m1,2025,華山,,準々決勝進出,,,,,,,,,,,,,,
m1,2025,釈迦虎,,準々決勝進出,,,,,,,,,,,,,,
m1,2025,チェリー大作戦,,準々決勝進出,,,,,,,,,,,,,,
m1,2025,彼岸花,,準々決勝進出,,,,,,,,,,,,,,
m1,2025,ぎょうぶ,,準々決勝進出,,,,,,,,,,,,,,
m1,2025,翠星チークダンス,,準々決勝進出,,,,,,,,,,,,,,
m1,2025,マーティー,,準々決勝進出,,,,,,,,,,,,,,
m1,2025,ダブルヒガシ,,準々決勝進出,,,,,,,,,,,,,,
m1,2025,鬼としみちゃむ,,準々決勝進出,,,,,,,,,,,,,,
m1,2025,センリーズ,,準々決勝進出,,,,,,,,,,,,,,
m1,2025,オーパスツー,,準々決勝進出,,,,,,,,,,,,,,
m1,2025,ライムギ,,準々決勝進出,,,,,,,,,,,,,,
m1,2025,チューリップフィクサー,,準々決勝進出,,,,,,,,,,,,,,
m1,2025,ネイビーズアフロ,,準々決勝進出,,,,,,,,,,,,,,
m1,2025,空前メテオ,,準々決勝進出,,,,,,,,,,,,,,
m1,2025,マーメイド,,準々決勝進出,,,,,,,,,,,,,,
m1,2025,カシスオレンジ,,準々決勝進出,,,,,,,,,,,,,,
m1,2025,ザ・布団,,準々決勝進出,,,,,,,,,,,,,,
m1,2025,フースーヤ,,準々決勝進出,,,,,,,,,,,,,,
m1,2025,牛ぺぺ,,準々決勝進出,,,,,,,,,,,,,,
m1,2025,タイムキーパー,,準々決勝進出,,,,,,,,,,,,,,
m1,2025,マイスイートメモリーズ,,準々決勝進出,,,,,,,,,,,,,,
m1,2025,隣人,,準々決勝進出,,,,,,,,,,,,,,
m1,2025,愛凛冴,,準々決勝進出,,,,,,,,,,,,,,
m1,2025,三遊間,,準々決勝進出,,,,,,,,,,,,,,
m1,2025,ジョックロック,,準々決勝進出,,,,,,,,,,,,,,
m1,2025,サンタモニカ,,準々決勝進出,,,,,,,,,,,,,,
m1,2025,ダンビラムーチョ,,準々決勝進出,,,,,,,,,,,,,,
m1,2025,ゼスト,,準々決勝進出,,,,,,,,,,,,,,
m1,2025,カーネーション,,準々決勝進出,,,,,,,,,,,,,,
m1,2025,EXIT,,準々決勝進出,,,,,,,,,,,,,,
m1,2025,ピ夜,,準々決勝進出,,,,,,,,,,,,,,
m1,2025,金魚番長,,準々決勝進出,,,,,,,,,,,,,,
m1,2025,マリーマリー,,準々決勝進出,,,,,,,,,,,,,,
m1,2025,1000,,準々決勝進出,,,,,,,,,,,,,,
m1,2025,ちょんまげラーメン,,準々決勝進出,,,,,,,,,,,,,,
m1,2025,家族チャーハン,,準々決勝進出,,,,,,,,,,,,,,
m1,2025,インテイク,,準々決勝進出,,,,,,,,,,,,,,
m1,2025,6000,,準々決勝進出,,,,,,,,,,,,,,
m1,2025,グリーンランプ,,準々決勝進出,,,,,,,,,,,,,,
m1,2025,ナユタ,,準々決勝進出,,,,,,,,,,,,,,
m1,2025,4000,,準々決勝進出,,,,,,,,,,,,,,
m1,2025,おちもり,,準々決勝進出,,,,,,,,,,,,,,
m1,2025,ドンココ,,準々決勝進出,,,,,,,,,,,,,,
m1,2025,ナイチンゲールダンス,,準々決勝進出,,,,,,,,,,,,,,
m1,2025,からし蓮根,,準々決勝進出,,,,,,,,,,,,,,
m1,2025,CITY,,準々決勝進出,,,,,,,,,,,,,,
m1,2025,シシガシラ,,準々決勝進出,,,,,,,,,,,,,,
m1,2025,足腰げんき教室,,準々決勝進出,,,,,,,,,,,,,,
m1,2025,太鵬,,準々決勝進出,,,,,,,,,,,,,,
m1,2025,東京ホテイソン,,準々決勝進出,,,,,,,,,,,,,,
m1,2025,ジグロポッカ,,準々決勝進出,,,,,,,,,,,,,,
m1,2025,伝書鳩,,準々決勝進出,,,,,,,,,,,,,,
m1,2025,くらげ,,準々決勝進出,,,,,,,,,,,,,,
m1,2025,一刻,,準々決勝進出,,,,,,,,,,,,,,
m1,2025,さすらいラビー,,準々決勝進出,,,,,,,,,,,,,,
m1,2025,うちまつげ,,準々決勝進出,,,,,,,,,,,,,,
m1,2025,ビスケットブラザーズ,,準々決勝進出,,,,,,,,,,,,,,
m1,2025,軟水,,準々決勝進出,,,,,,,,,,,,,,
m1,2025,いぬ,,準々決勝進出,,,,,,,,,,,,,,
m1,2025,シャウト!!,,準々決勝進出,,,,,,,,,,,,,,
m1,2025,素敵じゃないか,,準々決勝進出,,,,,,,,,,,,,,
m1,2025,やさしい王様,,準々決勝進出,,,,,,,,,,,,,,
m1,2025,ラパルフェ,,準々決勝進出,,,,,,,,,,,,,,
m1,2025,四千頭身,,準々決勝進出,,,,,,,,,,,,,,
m1,2025,狛犬,,準々決勝進出,,,,,,,,,,,,,,
m1,2025,ダンゴ虫たち,,準々決勝進出,,,,,,,,,,,,,,
m1,2025,紅しょうが,,準々決勝進出,,,,,,,,,,,,,,
m1,2025,マードック,,準々決勝進出,,,,,,,,,,,,,,
m1,2025,兄弟,,準々決勝進出,,,,,,,,,,,,,,
m1,2025,ロボドカーン,,準々決勝進出,,,,,,,,,,,,,,
m1,2025,フランスピアノ,,準々決勝進出,,,,,,,,,,,,,,
m1,2025,オッパショ石,,準々決勝進出,,,,,,,,,,,,,,
m1,2025,コメジマン,,準々決勝進出,,,,,,,,,,,,,,
m1,2025,グラム,,準々決勝進出,,,,,,,,,,,,,,
m1,2025,ケビンス,,準々決勝進出,,,,,,,,,,,,,,
m1,2025,アルバカーキ,,準々決勝進出,,,,,,,,,,,,,,
m1,2025,コーツ,,準々決勝進出,,,,,,,,,,,,,,
m1,2025,きしたかの,,準々決勝進出,,,,,,,,,,,,,,
m1,2025,ただならぬ刀,,準々決勝進出,,,,,,,,,,,,,,
m1,2025,ド桜,,準々決勝進出,,,,,,,,,,,,,,
m1,2025,爆走マシン,,準々決勝進出,,,,,,,,,,,,,,
m1,2025,無尽蔵,,準々決勝進出,,,,,,,,,,,,,,
m1,2025,十九人,,準々決勝進出,,,,,,,,,,,,,,
m1,2025,観音日和,,準々決勝進出,,,,,,,,,,,,,,
m1,2025,キュウ,,準々決勝進出,,,,,,,,,,,,,,
m1,2025,ストレッチーズ,,準々決勝進出,,,,,,,,,,,,,,
m1,2025,ムネタ,,準々決勝進出,,,,,,,,,,,,,,
m1,2025,ブラゴーリ,,準々決勝進出,,,,,,,,,,,,,,
m1,2025,百恵,,準々決勝進出,,,,,,,,,,,,,,
m1,2025,世間知らズ,,準々決勝進出,,,,,,,,,,,,,,
m1,2025,ゆにばーす,,準々決勝進出,,,,,,,,,,,,,,
m1,2025,共犯者,,準々決勝進出,,,,,,,,,,,,,,
m1,2025,湘南ブースト,,準々決勝進出,,,,,,,,,,,,,,
m1,2025,パンプキンポテトフライ,,準々決勝進出,,,,,,,,,,,,,,
m1,2025,シンクロニシティ,,準々決勝進出,,,,,,,,,,,,,,
m1,2025,イワサキ,,準々決勝進出,,,,,,,,,,,,,,
m1,2025,オズワルド,,準々決勝進出,,,,,,,,,,,,,,
m1,2024,令和ロマン,,優勝,Champion,,1,850点,名字,https://www.youtube.com/watch?v=r2lOuUYATYA,2番,5票,タイムスリップ,https://www.youtube.com/watch?v=GNt7dOc_u6U,,,,
m1,2024,バッテリィズ,,2位,浪花のド直球,,7,861点,偉人の名言,,3番,3票,世界遺産,,,,,
m1,2024,真空ジェシカ,,3位,アンコントロールIV,,3,849点,商店街,,1番,1票,ピアノがデカすぎるアンジェラ・アキのコンサート,,,,,
m1,2024,エバース,,4位,雑談ファンタジスタ,,9,848点,桜の木の下,https://www.youtube.com/watch?v=kfbpoEgKsmU,,,,,,,,
m1,2024,ヤーレンズ,,5位,逆襲のノンストップ・ウザ,,2,825点,おにぎり屋さん,https://www.youtube.com/watch?v=xpoRX4JvvV4,,,,,,,,
m1,2024,トム・ブラウン,,6位,ラスト無秩序,,10,823点,コール,https://www.youtube.com/watch?v=qUm89bwMg8A,,,,,,,,
m1,2024,ダイタク,,7位,双子無双,,5,820点,ヒーローインタビュー,,,,,,,,,
m1,2024,マユリカ,,7位,（敗者復活組）,,4,820点,同窓会,,,,,,,,,
m1,2024,ジョックロック,,9位,爆音ダークホース,,6,819点,医療ドラマ,https://www.youtube.com/watch?v=tIYiy3YPPeI,,,,,,,,
m1,2024,ママタルト,,10位,デカすぎるにもほどがある!,,8,812点,銭湯,,,,,,,,,
m1,2024,インディアンス,,準決勝進出,,,,,,,,,,,,,,
m1,2024,金魚番長,,準決勝進出,,,,,,,,,,,,,,
m1,2024,十九人,,準決勝進出,,,,,,,,,,,,,,
m1,2024,今夜も星が綺麗,,準決勝進出,,,,,,,,,,,,,,
m1,2024,フースーヤ,,準決勝進出,,,,,,,,,,,,,,
m1,2024,ドンデコルテ,,準決勝進出,,,,,,,,,,,,,,
m1,2024,ダンビラムーチョ,,準決勝進出,,,,,,,,,,,,,,
m1,2024,カベポスター,,準決勝進出,,,,,,,,,,,,,,
m1,2024,カラタチ,,準決勝進出,,,,,,,,,,,,,,
m1,2024,ナイチンゲールダンス,,準決勝進出,,,,,,,,,,,,,,
m1,2024,滝音,,準決勝進出,,,,,,,,,,,,,,
m1,2024,家族チャーハン,,準決勝進出,,,,,,,,,,,,,,
m1,2024,男性ブランコ,,準決勝進出,,,,,,,,,,,,,,
m1,2024,豪快キャプテン,,準決勝進出,,,,,,,,,,,,,,
m1,2024,シシガシラ,,準決勝進出,,,,,,,,,,,,,,
m1,2024,豆鉄砲,,準決勝進出,,,,,,,,,,,,,,
m1,2024,オズワルド,,準決勝進出,,,,,,,,,,,,,,
m1,2024,スタミナパン,,準決勝進出,,,,,,,,,,,,,,
m1,2024,例えば炎,,準決勝進出,,,,,,,,,,,,,,
m1,2024,ひつじねいり,,準決勝進出,,,,,,,,,,,,,,
m1,2024,ロングコートダディ,,準決勝進出,（TVerワイルドカード枠）,,,,,,,,,,,,,
m1,2024,ダブルヒガシ,,準々決勝進出,,,,,,,,,,,,,,
m1,2024,天才ピアニスト,,準々決勝進出,,,,,,,,,,,,,,
m1,2024,駐輪ガム,,準々決勝進出,,,,,,,,,,,,,,
m1,2024,鬼としみちゃむ,,準々決勝進出,,,,,,,,,,,,,,
m1,2024,涼風,,準々決勝進出,,,,,,,,,,,,,,
m1,2024,茜250cc,,準々決勝進出,,,,,,,,,,,,,,
m1,2024,いつもたいしゃ,,準々決勝進出,,,,,,,,,,,,,,
m1,2024,華山,,準々決勝進出,,,,,,,,,,,,,,
m1,2024,愛凛冴,,準々決勝進出,,,,,,,,,,,,,,
m1,2024,タチマチ,,準々決勝進出,,,,,,,,,,,,,,
m1,2024,たくろう,,準々決勝進出,,,,,,,,,,,,,,
m1,2024,マーメイド,,準々決勝進出,,,,,,,,,,,,,,
m1,2024,チェリー大作戦,,準々決勝進出,,,,,,,,,,,,,,
m1,2024,カンフーカンフー,,準々決勝進出,,,,,,,,,,,,,,
m1,2024,パーティーパーティー,,準々決勝進出,,,,,,,,,,,,,,
m1,2024,タレンチ,,準々決勝進出,,,,,,,,,,,,,,
m1,2024,帝国チーズグラタン,,準々決勝進出,,,,,,,,,,,,,,
m1,2024,三遊間,,準々決勝進出,,,,,,,,,,,,,,
m1,2024,オーサカクレオパトラ,,準々決勝進出,,,,,,,,,,,,,,
m1,2024,ぐろう,,準々決勝進出,,,,,,,,,,,,,,
m1,2024,セルライトスパ,,準々決勝進出,,,,,,,,,,,,,,
m1,2024,イチオク,,準々決勝進出,,,,,,,,,,,,,,
m1,2024,黒帯,,準々決勝進出,,,,,,,,,,,,,,
m1,2024,デルマパンゲ,,準々決勝進出,,,,,,,,,,,,,,
m1,2024,からし蓮根,,準々決勝進出,,,,,,,,,,,,,,
m1,2024,チューリップフィクサー,,準々決勝進出,,,,,,,,,,,,,,
m1,2024,スナフキンズ,,準々決勝進出,,,,,,,,,,,,,,
m1,2024,生姜猫,,準々決勝進出,,,,,,,,,,,,,,
m1,2024,ヤマシタマキシ,,準々決勝進出,,,,,,,,,,,,,,
m1,2024,ドーナツ・ピーナツ,,準々決勝進出,,,,,,,,,,,,,,
m1,2024,20世紀,,準々決勝進出,,,,,,,,,,,,,,
m1,2024,センリーズ,,準々決勝進出,,,,,,,,,,,,,,
m1,2024,カゲヤマ,,準々決勝進出,,,,,,,,,,,,,,
m1,2024,ぱろぱろ,,準々決勝進出,,,,,,,,,,,,,,
m1,2024,マリーマリー,,準々決勝進出,,,,,,,,,,,,,,
m1,2024,トンツカタン,,準々決勝進出,,,,,,,,,,,,,,
m1,2024,ビスケットブラザーズ,,準々決勝進出,,,,,,,,,,,,,,
m1,2024,無尽蔵,,準々決勝進出,,,,,,,,,,,,,,
m1,2024,シカゴ実業,,準々決勝進出,,,,,,,,,,,,,,
m1,2024,四千頭身,,準々決勝進出,,,,,,,,,,,,,,
m1,2024,ドラゴン,,準々決勝進出,,,,,,,,,,,,,,
m1,2024,カーネーション,,準々決勝進出,,,,,,,,,,,,,,
m1,2024,ちゃんぴおんず,,準々決勝進出,,,,,,,,,,,,,,
m1,2024,マウンテンブック,,準々決勝進出,,,,,,,,,,,,,,
m1,2024,素敵じゃないか,,準々決勝進出,,,,,,,,,,,,,,
m1,2024,イチゴ,,準々決勝進出,,,,,,,,,,,,,,
m1,2024,ナユタ,,準々決勝進出,,,,,,,,,,,,,,
m1,2024,乙女ブレンド,,準々決勝進出,,,,,,,,,,,,,,
m1,2024,鶴亀,,準々決勝進出,,,,,,,,,,,,,,
m1,2024,紅しょうが,,準々決勝進出,,,,,,,,,,,,,,
m1,2024,さすらいラビー,,準々決勝進出,,,,,,,,,,,,,,
m1,2024,EXIT,,準々決勝進出,,,,,,,,,,,,,,
m1,2024,コットン,,準々決勝進出,,,,,,,,,,,,,,
m1,2024,サルベース,,準々決勝進出,,,,,,,,,,,,,,
m1,2024,コロコロチキチキペッパーズ,,準々決勝進出,,,,,,,,,,,,,,
m1,2024,コーツ,,準々決勝進出,,,,,,,,,,,,,,
m1,2024,シンクロニシティ,,準々決勝進出,,,,,,,,,,,,,,
m1,2024,スロッピ,,準々決勝進出,,,,,,,,,,,,,,
m1,2024,レインボー,,準々決勝進出,,,,,,,,,,,,,,
m1,2024,世間知らズ,,準々決勝進出,,,,,,,,,,,,,,
m1,2024,ゆにばーす,,準々決勝進出,,,,,,,,,,,,,,
m1,2024,TOKYO COOL,,準々決勝進出,,,,,,,,,,,,,,
m1,2024,戦慄のピーカブー,,準々決勝進出,,,,,,,,,,,,,,
m1,2024,軟水,,準々決勝進出,,,,,,,,,,,,,,
m1,2024,ネイチャーバーガー,,準々決勝進出,,,,,,,,,,,,,,
m1,2024,わらふぢなるお,,準々決勝進出,,,,,,,,,,,,,,
m1,2024,東京ホテイソン,,準々決勝進出,,,,,,,,,,,,,,
m1,2024,ワラバランス,,準々決勝進出,,,,,,,,,,,,,,
m1,2024,キュウ,,準々決勝進出,,,,,,,,,,,,,,
m1,2024,おとうふ,,準々決勝進出,,,,,,,,,,,,,,
m1,2024,きしたかの,,準々決勝進出,,,,,,,,,,,,,,
m1,2024,トット,,準々決勝進出,,,,,,,,,,,,,,
m1,2024,太鵬,,準々決勝進出,,,,,,,,,,,,,,
m1,2024,ボブのコーラ,,準々決勝進出,,,,,,,,,,,,,,
m1,2024,くらげ,,準々決勝進出,,,,,,,,,,,,,,
m1,2024,頭虚偽罪,,準々決勝進出,,,,,,,,,,,,,,
m1,2024,きつね日和,,準々決勝進出,,,,,,,,,,,,,,
m1,2024,まぐろ兄弟,,準々決勝進出,,,,,,,,,,,,,,
m1,2024,デニス,,準々決勝進出,,,,,,,,,,,,,,
m1,2024,ミキ,,準々決勝進出,,,,,,,,,,,,,,
m1,2024,アズーロ24,,準々決勝進出,,,,,,,,,,,,,,
m1,2024,ケビンス,,準々決勝進出,,,,,,,,,,,,,,
m1,2024,オダウエダ,,準々決勝進出,,,,,,,,,,,,,,
m1,2024,大自然,,準々決勝進出,,,,,,,,,,,,,,
m1,2024,夕げ,,準々決勝進出,,,,,,,,,,,,,,
m1,2024,ヨネダ2000,,準々決勝進出,,,,,,,,,,,,,,
m1,2024,カナメストーン,,準々決勝進出,,,,,,,,,,,,,,
m1,2024,インテイク,,準々決勝進出,,,,,,,,,,,,,,
m1,2024,キンボシ,,準々決勝進出,,,,,,,,,,,,,,
m1,2024,ダンゴ虫たち,,準々決勝進出,,,,,,,,,,,,,,
m1,2024,フランスピアノ,,準々決勝進出,,,,,,,,,,,,,,
m1,2024,ガクヅケ,,準々決勝進出,,,,,,,,,,,,,,
m1,2024,TCクラクション,,準々決勝進出,,,,,,,,,,,,,,
m1,2024,ニッポンの社長,,準々決勝進出,,,,,,,,,,,,,,
m1,2024,とらふぐ,,準々決勝進出,,,,,,,,,,,,,,
m1,2024,ネコニスズ,,準々決勝進出,,,,,,,,,,,,,,
m1,2024,パパパスタ!?,,準々決勝進出,,,,,,,,,,,,,,
m1,2024,シモリュウ,,準々決勝進出,,,,,,,,,,,,,,
m1,2024,オフローズ,,準々決勝進出,,,,,,,,,,,,,,
m1,2024,じぐざぐ,,準々決勝進出,,,,,,,,,,,,,,
m1,2024,ラパルフェ,,準々決勝進出,,,,,,,,,,,,,,
m1,2023,令和ロマン,,優勝,エキセントリックルーキー,,1,648点,少女漫画,https://www.youtube.com/watch?v=mPMcWNPlTro,1番,4票,町工場,https://www.youtube.com/watch?v=-rMr9YYw6e8,,,,
m1,2023,ヤーレンズ,,2位,ノンストップ・ウザ,,6,656点,お引越し,https://www.youtube.com/watch?v=qMTmqRsy7Eo,2番,3票,ラーメン屋さん,https://www.youtube.com/watch?v=IRsPOxLeDxk,,,,
m1,2023,さや香,,3位,激情リベンジ,,3,659点,ホームステイ,,3番,0票,見せ算,,,,,
m1,2023,マユリカ,,4位,ずっとキモダチ,,5,645点,倦怠期,,,,,,,,,
m1,2023,真空ジェシカ,,5位,アンコントロールIII,,7,643点,Z画館,,,,,,,,,
m1,2023,カベポスター,,6位,草食系ロジカルモンスター,,4,635点,おまじない,,,,,,,,,
m1,2023,モグライダー,,7位,メジャーポンコツ,,10,632点,空に太陽がある限り,,,,,,,,,
m1,2023,ダンビラムーチョ,,8位,M-POP,,8,631点,カラオケボックス,,,,,,,,,
m1,2023,シシガシラ,,9位,（敗者復活組）,,2,627点,合コン,,,,,,,,,
m1,2023,くらげ,,10位,純情!ワイシャツとアロハ,,9,620点,思い出せない,https://www.youtube.com/watch?v=Aja2bsegJcM,,,,,,,,
m1,2023,ダブルヒガシ,,準決勝進出,（TVerワイルドカード枠）,,,,,,,,,,,,,
m1,2023,ぎょうぶ,,準決勝進出,,,,,,,,,,,,,,
m1,2023,きしたかの,,準決勝進出,,,,,,,,,,,,,,
m1,2023,ドーナツ・ピーナツ,,準決勝進出,,,,,,,,,,,,,,
m1,2023,ママタルト,,準決勝進出,,,,,,,,,,,,,,
m1,2023,フースーヤ,,準決勝進出,,,,,,,,,,,,,,
m1,2023,トム・ブラウン,,準決勝進出,,,,,,,,,,,,,,
m1,2023,華山,,準決勝進出,,,,,,,,,,,,,,
m1,2023,スタミナパン,,準決勝進出,,,,,,,,,,,,,,
m1,2023,豪快キャプテン,,準決勝進出,,,,,,,,,,,,,,
m1,2023,オズワルド,,準決勝進出,,,,,,,,,,,,,,
m1,2023,ヘンダーソン,,準決勝進出,,,,,,,,,,,,,,
m1,2023,バッテリィズ,,準決勝進出,,,,,,,,,,,,,,
m1,2023,ナイチンゲールダンス,,準決勝進出,,,,,,,,,,,,,,
m1,2023,鬼としみちゃむ,,準決勝進出,,,,,,,,,,,,,,
m1,2023,ニッポンの社長,,準決勝進出,,,,,,,,,,,,,,
m1,2023,ダイタク,,準決勝進出,,,,,,,,,,,,,,
m1,2023,20世紀,,準決勝進出,,,,,,,,,,,,,,
m1,2023,エバース,,準決勝進出,,,,,,,,,,,,,,
m1,2023,ロングコートダディ,,準決勝進出,,,,,,,,,,,,,,
m1,2023,ななまがり,,準決勝進出,,,,,,,,,,,,,,
m1,2023,人間横丁,,準々決勝進出,,,,,,,,,,,,,,
m1,2023,豆鉄砲,,準々決勝進出,,,,,,,,,,,,,,
m1,2023,アインシュタイン,,準々決勝進出,,,,,,,,,,,,,,
m1,2023,シンクロニシティ,,準々決勝進出,,,,,,,,,,,,,,
m1,2023,ちゃんぴおんず,,準々決勝進出,,,,,,,,,,,,,,
m1,2023,10億円,,準々決勝進出,,,,,,,,,,,,,,
m1,2023,戦慄のピーカブー,,準々決勝進出,,,,,,,,,,,,,,
m1,2023,ミカボ,,準々決勝進出,,,,,,,,,,,,,,
m1,2023,めっちゃ最高ズ,,準々決勝進出,,,,,,,,,,,,,,
m1,2023,イチゴ,,準々決勝進出,,,,,,,,,,,,,,
m1,2023,紅しょうが,,準々決勝進出,,,,,,,,,,,,,,
m1,2023,金魚番長,,準々決勝進出,,,,,,,,,,,,,,
m1,2023,インディアンス,,準々決勝進出,,,,,,,,,,,,,,
m1,2023,カラタチ,,準々決勝進出,,,,,,,,,,,,,,
m1,2023,そいつどいつ,,準々決勝進出,,,,,,,,,,,,,,
m1,2023,とらふぐ,,準々決勝進出,,,,,,,,,,,,,,
m1,2023,すゑひろがりず,,準々決勝進出,,,,,,,,,,,,,,
m1,2023,いぬ,,準々決勝進出,,,,,,,,,,,,,,
m1,2023,アイロンヘッド,,準々決勝進出,,,,,,,,,,,,,,
m1,2023,シカゴ実業,,準々決勝進出,,,,,,,,,,,,,,
m1,2023,男性ブランコ,,準々決勝進出,,,,,,,,,,,,,,
m1,2023,カゲヤマ,,準々決勝進出,,,,,,,,,,,,,,
m1,2023,ケビンス,,準々決勝進出,,,,,,,,,,,,,,
m1,2023,キンボシ,,準々決勝進出,,,,,,,,,,,,,,
m1,2023,ダイヤモンド,,準々決勝進出,,,,,,,,,,,,,,
m1,2023,春組織,,準々決勝進出,,,,,,,,,,,,,,
m1,2023,THIS IS パン,,準々決勝進出,,,,,,,,,,,,,,
m1,2023,スーパーニュウニュウ,,準々決勝進出,,,,,,,,,,,,,,
m1,2023,素敵じゃないか,,準々決勝進出,,,,,,,,,,,,,,
m1,2023,オフローズ,,準々決勝進出,,,,,,,,,,,,,,
m1,2023,ヨネダ2000,,準々決勝進出,,,,,,,,,,,,,,
m1,2023,9番街レトロ,,準々決勝進出,,,,,,,,,,,,,,
m1,2023,ひつじねいり,,準々決勝進出,,,,,,,,,,,,,,
m1,2023,カナメストーン,,準々決勝進出,,,,,,,,,,,,,,
m1,2023,じぐざぐ,,準々決勝進出,,,,,,,,,,,,,,
m1,2023,トンツカタン,,準々決勝進出,,,,,,,,,,,,,,
m1,2023,エルフ,,準々決勝進出,,,,,,,,,,,,,,
m1,2023,十九人,,準々決勝進出,,,,,,,,,,,,,,
m1,2023,オッパショ石,,準々決勝進出,,,,,,,,,,,,,,
m1,2023,TCクラクション,,準々決勝進出,,,,,,,,,,,,,,
m1,2023,ゆにばーす,,準々決勝進出,,,,,,,,,,,,,,
m1,2023,ナユタ,,準々決勝進出,,,,,,,,,,,,,,
m1,2023,マチルダ,,準々決勝進出,,,,,,,,,,,,,,
m1,2023,EXIT,,準々決勝進出,,,,,,,,,,,,,,
m1,2023,1000,,準々決勝進出,,,,,,,,,,,,,,
m1,2023,ダウ90000,1,準々決勝進出,,,,,,,,,,,,,,
m1,2023,バンビーノ,,準々決勝進出,,,,,,,,,,,,,,
m1,2023,からし蓮根,,準々決勝進出,,,,,,,,,,,,,,
m1,2023,わらふぢなるお,,準々決勝進出,,,,,,,,,,,,,,
m1,2023,大仰天,,準々決勝進出,,,,,,,,,,,,,,
m1,2023,Let Me Show You THE まごころ,,準々決勝進出,,,,,,,,,,,,,,
m1,2023,キュウ,,準々決勝進出,,,,,,,,,,,,,,
m1,2023,きつね日和,,準々決勝進出,,,,,,,,,,,,,,
m1,2023,忘れる。,,準々決勝進出,,,,,,,,,,,,,,
m1,2023,東京ホテイソン,,準々決勝進出,,,,,,,,,,,,,,
m1,2023,ストレッチーズ,,準々決勝進出,,,,,,,,,,,,,,
m1,2023,パンプキンポテトフライ,,準々決勝進出,,,,,,,,,,,,,,
m1,2023,やわら,,準々決勝進出,,,,,,,,,,,,,,
m1,2023,ミキ,,準々決勝進出,,,,,,,,,,,,,,
m1,2023,オダウエダ,,準々決勝進出,,,,,,,,,,,,,,
m1,2023,モシモシ,,準々決勝進出,,,,,,,,,,,,,,
m1,2023,サブマごり押し,,準々決勝進出,,,,,,,,,,,,,,
m1,2023,ジグザグジギー,,準々決勝進出,,,,,,,,,,,,,,
m1,2023,コーツ,,準々決勝進出,,,,,,,,,,,,,,
m1,2023,パーフェクトパワーズ,,準々決勝進出,,,,,,,,,,,,,,
m1,2023,隣人,,準々決勝進出,,,,,,,,,,,,,,
m1,2023,滝音,,準々決勝進出,,,,,,,,,,,,,,
m1,2023,天才ピアニスト,,準々決勝進出,,,,,,,,,,,,,,
m1,2023,モンスーン,,準々決勝進出,,,,,,,,,,,,,,
m1,2023,ジョックロック,,準々決勝進出,,,,,,,,,,,,,,
m1,2023,ハスキーポーズ,,準々決勝進出,,,,,,,,,,,,,,
m1,2023,三遊間,,準々決勝進出,,,,,,,,,,,,,,
m1,2023,デルマパンゲ,,準々決勝進出,,,,,,,,,,,,,,
m1,2023,ハイツ友の会,,準々決勝進出,,,,,,,,,,,,,,
m1,2023,アキナ,,準々決勝進出,,,,,,,,,,,,,,
m1,2023,イノシカチョウ,,準々決勝進出,,,,,,,,,,,,,,
m1,2023,オーサカクレオパトラ,,準々決勝進出,,,,,,,,,,,,,,
m1,2023,祇園,,準々決勝進出,,,,,,,,,,,,,,
m1,2023,ウイスキーカノン,,準々決勝進出,,,,,,,,,,,,,,
m1,2023,らぶらいken,,準々決勝進出,,,,,,,,,,,,,,
m1,2023,釈迦虎,,準々決勝進出,,,,,,,,,,,,,,
m1,2023,セルライトスパ,,準々決勝進出,,,,,,,,,,,,,,
m1,2023,盆と正月,,準々決勝進出,,,,,,,,,,,,,,
m1,2023,ヤングタウン,,準々決勝進出,,,,,,,,,,,,,,
m1,2023,ぐろう,,準々決勝進出,,,,,,,,,,,,,,
m1,2023,ツートライブ,,準々決勝進出,,,,,,,,,,,,,,
m1,2023,黒帯,,準々決勝進出,,,,,,,,,,,,,,
m1,2023,ビスケットブラザーズ,,準々決勝進出,,,,,,,,,,,,,,
m1,2023,ボニーボニー,,準々決勝進出,,,,,,,,,,,,,,
m1,2023,チューリップフィクサー,,準々決勝進出,,,,,,,,,,,,,,
m1,2023,きっと君はくるさ,,準々決勝進出,,,,,,,,,,,,,,
m1,2023,フランスピアノ,,準々決勝進出,,,,,,,,,,,,,,
m1,2022,ウエストランド,,優勝,小市民怒涛の叫び,,10,659点,あるなしクイズ〜YouTuberにはあるけどタレントにはない,https://www.youtube.com/watch?v=w-R5jQOOPWE,1番,6票,あるなしクイズ〜アイドルにはあるけど役者にはない,,,,,
m1,2022,さや香,,2位,熱血リベンジ,,5,667点,免許返納,,3番,1票,男女の友情,,,,,
m1,2022,ロングコートダディ,,3位,ゆるハイブリッド,,4,660点,マラソンの世界大会,,2番,0票,タイムスリップ,,,,,
m1,2022,男性ブランコ,,4位,あぶない地味男,,6,650点,音符運び,,,,,,,,,
m1,2022,真空ジェシカ,,5位,アンコントロール,,2,647点,シルバー人材センター,,,,,,,,,
m1,2022,ヨネダ2000,,5位,なかよし奇想天外,,8,647点,餅つき,https://www.youtube.com/watch?v=KIgQgg7W-vc,,,,,,,,
m1,2022,オズワルド,,7位,（敗者復活組）,,3,639点,明晰夢,https://www.youtube.com/watch?v=uTOzOAhZdqs,,,,,,,,
m1,2022,カベポスター,,8位,草食系ロジカル,,1,634点,大声大会,,,,,,,,,
m1,2022,キュウ,,9位,ノーリアル,,9,620点,全然違うもの,https://www.youtube.com/watch?v=9eioS16rZ2g,,,,,,,,
m1,2022,ダイヤモンド,,10位,クレイジーな輝き,,7,616点,レトロニム,https://www.youtube.com/watch?v=cTu3n8TGwFA,,,,,,,,
m1,2022,金属バット,,準決勝進出,（GYAO!ワイルドカード枠）,,,,,,,,,,,,,
m1,2022,令和ロマン,,準決勝進出,,,,,,,,,,,,,,
m1,2022,ミキ,,準決勝進出,,,,,,,,,,,,,,
m1,2022,からし蓮根,,準決勝進出,,,,,,,,,,,,,,
m1,2022,マユリカ,,準決勝進出,,,,,,,,,,,,,,
m1,2022,ヤーレンズ,,準決勝進出,,,,,,,,,,,,,,
m1,2022,ビスケットブラザーズ,,準決勝進出,,,,,,,,,,,,,,
m1,2022,ななまがり,,準決勝進出,,,,,,,,,,,,,,
m1,2022,ダンビラムーチョ,,準決勝進出,,,,,,,,,,,,,,
m1,2022,ハイツ友の会,,準決勝進出,,,,,,,,,,,,,,
m1,2022,ケビンス,,準決勝進出,,,,,,,,,,,,,,
m1,2022,カゲヤマ,,準決勝進出,,,,,,,,,,,,,,
m1,2022,かもめんたる,,準決勝進出,,,,,,,,,,,,,,
m1,2022,シンクロニシティ,,準決勝進出,,,,,,,,,,,,,,
m1,2022,THIS IS パン,,準決勝進出,,,,,,,,,,,,,,
m1,2022,ママタルト,,準決勝進出,,,,,,,,,,,,,,
m1,2022,ストレッチーズ,,準決勝進出,,,,,,,,,,,,,,
m1,2022,コウテイ,,準決勝進出,（敗者復活戦欠場）,,,,,,,,,,,,,
m1,2022,鬼としみちゃむ,,準々決勝進出,,,,,,,,,,,,,,
m1,2022,紅しょうが,,準々決勝進出,,,,,,,,,,,,,,
m1,2022,にぼしいわし,,準々決勝進出,,,,,,,,,,,,,,
m1,2022,モンスターエンジン,,準々決勝進出,,,,,,,,,,,,,,
m1,2022,ヘンダーソン,,準々決勝進出,,,,,,,,,,,,,,
m1,2022,タチマチ,,準々決勝進出,,,,,,,,,,,,,,
m1,2022,セルライトスパ,,準々決勝進出,,,,,,,,,,,,,,
m1,2022,たくろう,,準々決勝進出,,,,,,,,,,,,,,
m1,2022,タイムキーパー,,準々決勝進出,,,,,,,,,,,,,,
m1,2022,チェリー大作戦,,準々決勝進出,,,,,,,,,,,,,,
m1,2022,吉田たち,,準々決勝進出,,,,,,,,,,,,,,
m1,2022,生ファラオ,,準々決勝進出,,,,,,,,,,,,,,
m1,2022,どんちっち,,準々決勝進出,,,,,,,,,,,,,,
m1,2022,天才ピアニスト,,準々決勝進出,,,,,,,,,,,,,,
m1,2022,ツートライブ,,準々決勝進出,,,,,,,,,,,,,,
m1,2022,ダブルヒガシ,,準々決勝進出,,,,,,,,,,,,,,
m1,2022,令和喜多みな実,,準々決勝進出,,,,,,,,,,,,,,
m1,2022,豪快キャプテン,,準々決勝進出,,,,,,,,,,,,,,
m1,2022,軍艦,,準々決勝進出,,,,,,,,,,,,,,
m1,2022,バッテリィズ,,準々決勝進出,,,,,,,,,,,,,,
m1,2022,デルマパンゲ,,準々決勝進出,,,,,,,,,,,,,,
m1,2022,滝音,,準々決勝進出,,,,,,,,,,,,,,
m1,2022,隣人,,準々決勝進出,,,,,,,,,,,,,,
m1,2022,黒帯,,準々決勝進出,,,,,,,,,,,,,,
m1,2022,マルセイユ,,準々決勝進出,,,,,,,,,,,,,,
m1,2022,華山,,準々決勝進出,,,,,,,,,,,,,,
m1,2022,三遊間,,準々決勝進出,,,,,,,,,,,,,,
m1,2022,ダブルアート,,準々決勝進出,,,,,,,,,,,,,,
m1,2022,見取り図,,準々決勝進出,,,,,,,,,,,,,,
m1,2022,祇園,,準々決勝進出,,,,,,,,,,,,,,
m1,2022,カナメストーン,,準々決勝進出,,,,,,,,,,,,,,
m1,2022,ゆにばーす,,準々決勝進出,,,,,,,,,,,,,,
m1,2022,きしたかの,,準々決勝進出,,,,,,,,,,,,,,
m1,2022,パンプキンポテトフライ,,準々決勝進出,,,,,,,,,,,,,,
m1,2022,深海魚,,準々決勝進出,,,,,,,,,,,,,,
m1,2022,モグライダー,,準々決勝進出,,,,,,,,,,,,,,
m1,2022,オッパショ石,,準々決勝進出,,,,,,,,,,,,,,
m1,2022,大仰天,,準々決勝進出,,,,,,,,,,,,,,
m1,2022,オフローズ,,準々決勝進出,,,,,,,,,,,,,,
m1,2022,コマンダンテ,,準々決勝進出,,,,,,,,,,,,,,
m1,2022,サツキ,,準々決勝進出,,,,,,,,,,,,,,
m1,2022,マリオネットブラザーズ,,準々決勝進出,,,,,,,,,,,,,,
m1,2022,くらげ,,準々決勝進出,,,,,,,,,,,,,,
m1,2022,シシガシラ,,準々決勝進出,,,,,,,,,,,,,,
m1,2022,さすらいラビー,,準々決勝進出,,,,,,,,,,,,,,
m1,2022,入間国際宣言,,準々決勝進出,,,,,,,,,,,,,,
m1,2022,大自然,,準々決勝進出,,,,,,,,,,,,,,
m1,2022,ブレード・ランナー,,準々決勝進出,,,,,,,,,,,,,,
m1,2022,エバース,,準々決勝進出,,,,,,,,,,,,,,
m1,2022,コロコロチキチキペッパーズ,,準々決勝進出,,,,,,,,,,,,,,
m1,2022,忘れる。,,準々決勝進出,,,,,,,,,,,,,,
m1,2022,インテイク,,準々決勝進出,,,,,,,,,,,,,,
m1,2022,リニア,,準々決勝進出,,,,,,,,,,,,,,
m1,2022,鶴亀,,準々決勝進出,,,,,,,,,,,,,,
m1,2022,怪奇！YesどんぐりRPG,,準々決勝進出,,,,,,,,,,,,,,
m1,2022,10億円,,準々決勝進出,,,,,,,,,,,,,,
m1,2022,インディアンス,,準々決勝進出,,,,,,,,,,,,,,
m1,2022,カラタチ,,準々決勝進出,,,,,,,,,,,,,,
m1,2022,オドるキネマ,,準々決勝進出,,,,,,,,,,,,,,
m1,2022,トム・ブラウン,,準々決勝進出,,,,,,,,,,,,,,
m1,2022,ナイチンゲールダンス,,準々決勝進出,,,,,,,,,,,,,,
m1,2022,演芸おんせん,,準々決勝進出,,,,,,,,,,,,,,
m1,2022,ひつじねいり,,準々決勝進出,,,,,,,,,,,,,,
m1,2022,キンボシ,,準々決勝進出,,,,,,,,,,,,,,
m1,2022,阿佐ヶ谷姉妹,,準々決勝進出,,,,,,,,,,,,,,
m1,2022,素敵じゃないか,,準々決勝進出,,,,,,,,,,,,,,
m1,2022,アイロンヘッド,,準々決勝進出,,,,,,,,,,,,,,
m1,2022,EXIT,,準々決勝進出,,,,,,,,,,,,,,
m1,2022,とらふぐ,,準々決勝進出,,,,,,,,,,,,,,
m1,2022,TEAM BANANA,,準々決勝進出,,,,,,,,,,,,,,
m1,2022,ぶるファー吉岡,,準々決勝進出,,,,,,,,,,,,,,
m1,2022,9番街レトロ,,準々決勝進出,,,,,,,,,,,,,,
m1,2022,ダイタク,,準々決勝進出,,,,,,,,,,,,,,
m1,2022,Aマッソ,,準々決勝進出,,,,,,,,,,,,,,
m1,2022,納言,,準々決勝進出,,,,,,,,,,,,,,
m1,2022,アインシュタイン,,準々決勝進出,,,,,,,,,,,,,,
m1,2022,ランジャタイ,,準々決勝進出,,,,,,,,,,,,,,
m1,2022,蛙亭,,準々決勝進出,,,,,,,,,,,,,,
m1,2022,コットン,,準々決勝進出,,,,,,,,,,,,,,
m1,2022,TCクラクション,,準々決勝進出,,,,,,,,,,,,,,
m1,2022,井下好井,,準々決勝進出,,,,,,,,,,,,,,
m1,2022,マッハスピード豪速球,,準々決勝進出,,,,,,,,,,,,,,
m1,2022,東京ホテイソン,,準々決勝進出,,,,,,,,,,,,,,
m1,2022,カミナリ,,準々決勝進出,,,,,,,,,,,,,,
m1,2022,ニッポンの社長,,準々決勝進出,,,,,,,,,,,,,,
m1,2022,スパイク,,準々決勝進出,,,,,,,,,,,,,,
m1,2022,骨付きバナナ,,準々決勝進出,,,,,,,,,,,,,,
m1,2022,キングブルブリン,,準々決勝進出,,,,,,,,,,,,,,
m1,2021,錦鯉,,優勝,50歳おバカの大冒険,,8,655点,合コン,,2番,5票,サルを捕まえる,https://www.youtube.com/watch?v=0q8pelrEfQ0,,,,
m1,2021,オズワルド,,2位,シン・東京スタイル,,6,665点,友達,https://www.youtube.com/watch?v=k4r0nemISys,3番,1票,割り込み,https://www.youtube.com/watch?v=L89nlBhjOwE,,,,
m1,2021,インディアンス,,3位,快速ボケ特急,,9,655点,怖い動画,,1番,1票,売れたい,,,,,
m1,2021,ロングコートダディ,,4位,やわらかハード,,7,649点,ワニになりたい,,,,,,,,,
m1,2021,もも,,5位,なにわNEWフェイス,,10,645点,欲しいもの,https://www.youtube.com/watch?v=bfpDKbDsmWE,,,,,,,,
m1,2021,真空ジェシカ,,6位,屈折のエリート,,5,638点,一日市長,,,,,,,,,
m1,2021,ゆにばーす,,"6位","NO M-1,NO LIFE.",,3,638点,男女の友情,https://www.youtube.com/watch?v=iFMJ9YkydC8,,,,,,,,
m1,2021,モグライダー,,8位,やんちゃとぶきっちょ,,1,637点,さそり座の女,,,,,,,,,
m1,2021,ハライチ,,9位,（敗者復活組）,,4,636点,やりたいこと,,,,,,,,,
m1,2021,ランジャタイ,,10位,奇天烈の極み,,2,628点,風猫,https://www.youtube.com/watch?v=yW-GMsoLGqw,,,,,,,,
m1,2021,滝音,,準決勝進出,（GYAO!ワイルドカード枠）,,,,,,,,,,,,,
m1,2021,金属バット,,準決勝進出,,,,,,,,,,,,,,
m1,2021,男性ブランコ,,準決勝進出,,,,,,,,,,,,,,
m1,2021,見取り図,,準決勝進出,,,,,,,,,,,,,,
m1,2021,東京ホテイソン,,準決勝進出,,,,,,,,,,,,,,
m1,2021,マユリカ,,準決勝進出,,,,,,,,,,,,,,
m1,2021,アインシュタイン,,準決勝進出,,,,,,,,,,,,,,
m1,2021,ニューヨーク,,準決勝進出,,,,,,,,,,,,,,
m1,2021,からし蓮根,,準決勝進出,,,,,,,,,,,,,,
m1,2021,ヨネダ2000,,準決勝進出,,,,,,,,,,,,,,
m1,2021,アルコ＆ピース,,準決勝進出,,,,,,,,,,,,,,
m1,2021,さや香,,準決勝進出,,,,,,,,,,,,,,
m1,2021,ヘンダーソン,,準決勝進出,,,,,,,,,,,,,,
m1,2021,ダイタク,,準決勝進出,,,,,,,,,,,,,,
m1,2021,カベポスター,,準決勝進出,,,,,,,,,,,,,,
m1,2021,キュウ,,準決勝進出,,,,,,,,,,,,,,
m1,2021,ツートライブ,,準々決勝進出,,,,,,,,,,,,,,
m1,2021,令和喜多みな実,,準々決勝進出,,,,,,,,,,,,,,
m1,2021,隣人,,準々決勝進出,,,,,,,,,,,,,,
m1,2021,侍スライス,,準々決勝進出,,,,,,,,,,,,,,
m1,2021,スナフキンズ,,準々決勝進出,,,,,,,,,,,,,,
m1,2021,ZUMA,,準々決勝進出,,,,,,,,,,,,,,
m1,2021,ラフ次元,,準々決勝進出,,,,,,,,,,,,,,
m1,2021,風穴あけるズ,,準々決勝進出,,,,,,,,,,,,,,
m1,2021,モンスターエンジン,,準々決勝進出,,,,,,,,,,,,,,
m1,2021,三遊間,,準々決勝進出,,,,,,,,,,,,,,
m1,2021,タイムキーパー,,準々決勝進出,,,,,,,,,,,,,,
m1,2021,ガーベラガーデン,,準々決勝進出,,,,,,,,,,,,,,
m1,2021,デルマパンゲ,,準々決勝進出,,,,,,,,,,,,,,
m1,2021,ドリンクバーゲン,,準々決勝進出,,,,,,,,,,,,,,
m1,2021,フースーヤ,,準々決勝進出,,,,,,,,,,,,,,
m1,2021,軍艦,,準々決勝進出,,,,,,,,,,,,,,
m1,2021,キャタピラーズ,,準々決勝進出,,,,,,,,,,,,,,
m1,2021,ビスケットブラザーズ,,準々決勝進出,,,,,,,,,,,,,,
m1,2021,丸亀じゃんご,,準々決勝進出,,,,,,,,,,,,,,
m1,2021,アキナ,,準々決勝進出,,,,,,,,,,,,,,
m1,2021,チェリー大作戦,,準々決勝進出,,,,,,,,,,,,,,
m1,2021,祇園,,準々決勝進出,,,,,,,,,,,,,,
m1,2021,イチオク,,準々決勝進出,,,,,,,,,,,,,,
m1,2021,ドーナツ・ピーナツ,,準々決勝進出,,,,,,,,,,,,,,
m1,2021,ニゲルベ,,準々決勝進出,,,,,,,,,,,,,,
m1,2021,エンペラー,,準々決勝進出,,,,,,,,,,,,,,
m1,2021,黒帯,,準々決勝進出,,,,,,,,,,,,,,
m1,2021,吉田たち,,準々決勝進出,,,,,,,,,,,,,,
m1,2021,タチマチ,,準々決勝進出,,,,,,,,,,,,,,
m1,2021,ダブルヒガシ,,準々決勝進出,,,,,,,,,,,,,,
m1,2021,ニッポンの社長,,準々決勝進出,,,,,,,,,,,,,,
m1,2021,なにわスワンキーズ,,準々決勝進出,,,,,,,,,,,,,,
m1,2021,にぼしいわし,,準々決勝進出,,,,,,,,,,,,,,
m1,2021,ネイチャーバーガー,,準々決勝進出,,,,,,,,,,,,,,
m1,2021,ストレッチーズ,,準々決勝進出,,,,,,,,,,,,,,
m1,2021,ゼスト,,準々決勝進出,,,,,,,,,,,,,,
m1,2021,素敵じゃないか,,準々決勝進出,,,,,,,,,,,,,,
m1,2021,さすらいラビー,,準々決勝進出,,,,,,,,,,,,,,
m1,2021,ナミダバシ,,準々決勝進出,,,,,,,,,,,,,,
m1,2021,世間知らズ,,準々決勝進出,,,,,,,,,,,,,,
m1,2021,コットン,,準々決勝進出,,,,,,,,,,,,,,
m1,2021,阿佐ヶ谷姉妹,,準々決勝進出,,,,,,,,,,,,,,
m1,2021,令和ロマン,,準々決勝進出,,,,,,,,,,,,,,
m1,2021,ナイチンゲールダンス,,準々決勝進出,,,,,,,,,,,,,,
m1,2021,鬼越トマホーク,,準々決勝進出,,,,,,,,,,,,,,
m1,2021,ママタルト,,準々決勝進出,,,,,,,,,,,,,,
m1,2021,9番街レトロ,,準々決勝進出,,,,,,,,,,,,,,
m1,2021,ポンループ,,準々決勝進出,,,,,,,,,,,,,,
m1,2021,三日月ヶ浜,,準々決勝進出,,,,,,,,,,,,,,
m1,2021,アントワネット,,準々決勝進出,,,,,,,,,,,,,,
m1,2021,シシガシラ,,準々決勝進出,,,,,,,,,,,,,,
m1,2021,ななまがり,,準々決勝進出,,,,,,,,,,,,,,
m1,2021,ドンデコルテ,,準々決勝進出,,,,,,,,,,,,,,
m1,2021,ウォンバット,,準々決勝進出,,,,,,,,,,,,,,
m1,2021,トンツカタン,,準々決勝進出,,,,,,,,,,,,,,
m1,2021,TCクラクション,,準々決勝進出,,,,,,,,,,,,,,
m1,2021,ケビンス,,準々決勝進出,,,,,,,,,,,,,,
m1,2021,軟水,,準々決勝進出,,,,,,,,,,,,,,
m1,2021,ラランド,,準々決勝進出,,,,,,,,,,,,,,
m1,2021,ヒコロヒーとみなみかわ,,準々決勝進出,,,,,,,,,,,,,,
m1,2021,ブラゴーリ,,準々決勝進出,,,,,,,,,,,,,,
m1,2021,赤もみじ,,準々決勝進出,,,,,,,,,,,,,,
m1,2021,ジャンク,,準々決勝進出,,,,,,,,,,,,,,
m1,2021,ラパルフェ,,準々決勝進出,,,,,,,,,,,,,,
m1,2021,パンプキンポテトフライ,,準々決勝進出,,,,,,,,,,,,,,
m1,2021,トット,,準々決勝進出,,,,,,,,,,,,,,
m1,2021,人人,,準々決勝進出,,,,,,,,,,,,,,
m1,2021,マリオネットブラザーズ,,準々決勝進出,,,,,,,,,,,,,,
m1,2021,ミキ,,準々決勝進出,,,,,,,,,,,,,,
m1,2021,カミナリ,,準々決勝進出,,,,,,,,,,,,,,
m1,2021,怪奇！YesどんぐりRPG,,準々決勝進出,,,,,,,,,,,,,,
m1,2021,アン縫い,,準々決勝進出,,,,,,,,,,,,,,
m1,2021,ヤーレンズ,,準々決勝進出,,,,,,,,,,,,,,
m1,2021,納言,,準々決勝進出,,,,,,,,,,,,,,
m1,2021,ダウ90000,,準々決勝進出,,,,,,,,,,,,,,
m1,2021,カラタチ,,準々決勝進出,,,,,,,,,,,,,,
m1,2021,ダイヤモンド,,準々決勝進出,,,,,,,,,,,,,,
m1,2021,かもめんたる,,準々決勝進出,,,,,,,,,,,,,,
m1,2021,金魚番長,,準々決勝進出,,,,,,,,,,,,,,
m1,2021,すゑひろがりず,,準々決勝進出,,,,,,,,,,,,,,
m1,2021,わらふぢなるお,,準々決勝進出,,,,,,,,,,,,,,
m1,2021,ぶるファー吉岡,,準々決勝進出,,,,,,,,,,,,,,
m1,2021,くらげ,,準々決勝進出,,,,,,,,,,,,,,
m1,2021,ダンビラムーチョ,,準々決勝進出,,,,,,,,,,,,,,
m1,2021,コマンダンテ,,準々決勝進出,,,,,,,,,,,,,,
m1,2021,ウエストランド,,準々決勝進出,,,,,,,,,,,,,,
m1,2021,THIS IS パン,,準々決勝進出,,,,,,,,,,,,,,
m1,2021,GAG,,準々決勝進出,,,,,,,,,,,,,,
m1,2021,ランパンプス,,準々決勝進出,,,,,,,,,,,,,,
m1,2021,デニス,,準々決勝進出,,,,,,,,,,,,,,
m1,2021,レインボー,,準々決勝進出,,,,,,,,,,,,,,
m1,2021,キンボシ,,準々決勝進出,,,,,,,,,,,,,,
m1,2021,大自然,,準々決勝進出,,,,,,,,,,,,,,
m1,2021,トム・ブラウン,,準々決勝進出,,,,,,,,,,,,,,
m1,2021,EXIT,,準々決勝進出,,,,,,,,,,,,,,
m1,2021,蛙亭,,準々決勝進出,,,,,,,,,,,,,,
m1,2021,ハイツ友の会,,準々決勝進出,,,,,,,,,,,,,,
m1,2021,エルフ,,準々決勝進出,,,,,,,,,,,,,,
m1,2021,セルライトスパ,,準々決勝進出,,,,,,,,,,,,,,
m1,2021,マルセイユ,,準々決勝進出,,,,,,,,,,,,,,
m1,2021,イノシカチョウ,,準々決勝進出,,,,,,,,,,,,,,
m1,2020,マヂカルラブリー,,優勝,我流大暴れ,,6,649点,,,2番,3票,,,,,,
m1,2020,おいでやすこが,,2位,個性と技のハーモニー,,5,658点,,,3番,2票,,,,,,
m1,2020,見取り図,,3位,真逆の才能III,,4,648点,,,1番,2票,,,,,,
m1,2020,錦鯉,,4位,おっさんずバカ,,9,643点,,,,,,,,,,
m1,2020,ニューヨーク,,5位,ダークにリベンジ,,3,642点,,,,,,,,,,
m1,2020,オズワルド,,5位,NEO東京スタイル,,7,642点,,,,,,,,,,
m1,2020,インディアンス,,7位,（敗者復活組）,,1,625点,,,,,,,,,,
m1,2020,アキナ,,8位,覚醒するファンタジスタ,,8,622点,,,,,,,,,,
m1,2020,ウエストランド,,9位,小市民怒涛の叫び,,10,622点,,,,,,,,,,
m1,2020,東京ホテイソン,,10位,静ボケ 剛ツッコミ,,2,617点,,,,,,,,,,
m1,2020,ラランド,,準決勝進出,（GYAO!ワイルドカード枠）,,,,,,,,,,,,,
m1,2020,ゆにばーす,,準決勝進出,,,,,,,,,,,,,,
m1,2020,ぺこぱ,,準決勝進出,,,,,,,,,,,,,,
m1,2020,学天即,,準決勝進出,,,,,,,,,,,,,,
m1,2020,からし蓮根,,準決勝進出,,,,,,,,,,,,,,
m1,2020,コウテイ,,準決勝進出,,,,,,,,,,,,,,
m1,2020,金属バット,,準決勝進出,,,,,,,,,,,,,,
m1,2020,ダイタク,,準決勝進出,,,,,,,,,,,,,,
m1,2020,ニッポンの社長,,準決勝進出,,,,,,,,,,,,,,
m1,2020,ロングコートダディ,,準決勝進出,,,,,,,,,,,,,,
m1,2020,滝音,,準決勝進出,,,,,,,,,,,,,,
m1,2020,タイムキーパー,,準決勝進出,,,,,,,,,,,,,,
m1,2020,キュウ,,準決勝進出,,,,,,,,,,,,,,
m1,2020,カベポスター,,準決勝進出,,,,,,,,,,,,,,
m1,2020,ランジャタイ,,準決勝進出,,,,,,,,,,,,,,
m1,2020,ママタルト,,準々決勝進出,,,,,,,,,,,,,,
m1,2020,シンクロニシティ,,準々決勝進出,,,,,,,,,,,,,,
m1,2020,くらげ,,準々決勝進出,,,,,,,,,,,,,,
m1,2020,侍スライス,,準々決勝進出,,,,,,,,,,,,,,
m1,2020,スーパートマト,,準々決勝進出,,,,,,,,,,,,,,
m1,2020,笑撃戦隊,,準々決勝進出,,,,,,,,,,,,,,
m1,2020,シシガシラ,,準々決勝進出,,,,,,,,,,,,,,
m1,2020,ブリキカラス,,準々決勝進出,,,,,,,,,,,,,,
m1,2020,ういろうプリン,,準々決勝進出,,,,,,,,,,,,,,
m1,2020,ストレッチーズ,,準々決勝進出,,,,,,,,,,,,,,
m1,2020,スナフキンズ,,準々決勝進出,,,,,,,,,,,,,,
m1,2020,アインシュタイン,,準々決勝進出,,,,,,,,,,,,,,
m1,2020,セルライトスパ,,準々決勝進出,,,,,,,,,,,,,,
m1,2020,スリムクラブ,,準々決勝進出,,,,,,,,,,,,,,
m1,2020,モグライダー,,準々決勝進出,,,,,,,,,,,,,,
m1,2020,カナメストーン,,準々決勝進出,,,,,,,,,,,,,,
m1,2020,演芸おんせん,,準々決勝進出,,,,,,,,,,,,,,
m1,2020,ひつじねいり,,準々決勝進出,,,,,,,,,,,,,,
m1,2020,ラフレクラン,,準々決勝進出,,,,,,,,,,,,,,
m1,2020,ビスケットブラザーズ,,準々決勝進出,,,,,,,,,,,,,,
m1,2020,四千頭身,,準々決勝進出,,,,,,,,,,,,,,
m1,2020,Aマッソ,,準々決勝進出,,,,,,,,,,,,,,
m1,2020,納言,,準々決勝進出,,,,,,,,,,,,,,
m1,2020,GAG,,準々決勝進出,,,,,,,,,,,,,,
m1,2020,マッハスピード豪速球,,準々決勝進出,,,,,,,,,,,,,,
m1,2020,わらふぢなるお,,準々決勝進出,,,,,,,,,,,,,,
m1,2020,インポッシブル,,準々決勝進出,,,,,,,,,,,,,,
m1,2020,バビロン,,準々決勝進出,,,,,,,,,,,,,,
m1,2020,ボーイフレンド,,準々決勝進出,,,,,,,,,,,,,,
m1,2020,令和ロマン,,準々決勝進出,,,,,,,,,,,,,,
m1,2020,真空ジェシカ,,準々決勝進出,,,,,,,,,,,,,,
m1,2020,EXIT,,準々決勝進出,,,,,,,,,,,,,,
m1,2020,コロコロチキチキペッパーズ,,準々決勝進出,,,,,,,,,,,,,,
m1,2020,号泣,,準々決勝進出,,,,,,,,,,,,,,
m1,2020,デニス,,準々決勝進出,,,,,,,,,,,,,,
m1,2020,大自然,,準々決勝進出,,,,,,,,,,,,,,
m1,2020,9番街レトロ,,準々決勝進出,,,,,,,,,,,,,,
m1,2020,ガッツマン,,準々決勝進出,,,,,,,,,,,,,,
m1,2020,コマンダンテ,,準々決勝進出,,,,,,,,,,,,,,
m1,2020,シマッシュレコード,,準々決勝進出,,,,,,,,,,,,,,
m1,2020,スプリングシュリンプ,,準々決勝進出,,,,,,,,,,,,,,
m1,2020,すゑひろがりず,,準々決勝進出,,,,,,,,,,,,,,
m1,2020,ダイヤモンド,,準々決勝進出,,,,,,,,,,,,,,
m1,2020,タモンズ,,準々決勝進出,,,,,,,,,,,,,,
m1,2020,トム・ブラウン,,準々決勝進出,,,,,,,,,,,,,,
m1,2020,ドンデコルテ,,準々決勝進出,,,,,,,,,,,,,,
m1,2020,ななまがり,,準々決勝進出,,,,,,,,,,,,,,
m1,2020,ネイチャーバーガー,,準々決勝進出,,,,,,,,,,,,,,
m1,2020,パーフェクト・ダブル・シュレッダー,,準々決勝進出,,,,,,,,,,,,,,
m1,2020,ヒコロヒーとみなみかわ,,準々決勝進出,,,,,,,,,,,,,,
m1,2020,ぼる塾,,準々決勝進出,,,,,,,,,,,,,,
m1,2020,マユリカ,,準々決勝進出,,,,,,,,,,,,,,
m1,2020,ミキ,,準々決勝進出,,,,,,,,,,,,,,
m1,2020,ヤーレンズ,,準々決勝進出,,,,,,,,,,,,,,
m1,2020,ライムギ,,準々決勝進出,,,,,,,,,,,,,,
m1,2020,ワラバランス,,準々決勝進出,,,,,,,,,,,,,,
m1,2020,井下好井,,準々決勝進出,,,,,,,,,,,,,,
m1,2020,蛙亭,,準々決勝進出,,,,,,,,,,,,,,
m1,2020,三四郎,,準々決勝進出,,,,,,,,,,,,,,
m1,2020,素敵じゃないか,,準々決勝進出,,,,,,,,,,,,,,
m1,2020,20世紀,,準々決勝進出,,,,,,,,,,,,,,
m1,2020,Dr.ハインリッヒ,,準々決勝進出,,,,,,,,,,,,,,
m1,2020,いなかのくるま,,準々決勝進出,,,,,,,,,,,,,,
m1,2020,エンペラー,,準々決勝進出,,,,,,,,,,,,,,
m1,2020,キャタピラーズ,,準々決勝進出,,,,,,,,,,,,,,
m1,2020,ぎょうぶ,,準々決勝進出,,,,,,,,,,,,,,
m1,2020,さや香,,準々決勝進出,,,,,,,,,,,,,,
m1,2020,ジソンシン,,準々決勝進出,,,,,,,,,,,,,,
m1,2020,たくろう,,準々決勝進出,,,,,,,,,,,,,,
m1,2020,タチマチ,,準々決勝進出,,,,,,,,,,,,,,
m1,2020,ダブルヒガシ,,準々決勝進出,,,,,,,,,,,,,,
m1,2020,チェリー大作戦,,準々決勝進出,,,,,,,,,,,,,,
m1,2020,ツートライブ,,準々決勝進出,,,,,,,,,,,,,,
m1,2020,デルマパンゲ,,準々決勝進出,,,,,,,,,,,,,,
m1,2020,なにわスワンキーズ,,準々決勝進出,,,,,,,,,,,,,,
m1,2020,にぼしいわし,,準々決勝進出,,,,,,,,,,,,,,
m1,2020,パーティーパーティー,,準々決勝進出,,,,,,,,,,,,,,
m1,2020,フースーヤ,,準々決勝進出,,,,,,,,,,,,,,
m1,2020,マイスイートメモリーズ,,準々決勝進出,,,,,,,,,,,,,,
m1,2020,もも,,準々決勝進出,,,,,,,,,,,,,,
m1,2020,ラフ次元,,準々決勝進出,,,,,,,,,,,,,,
m1,2020,鬼としみちゃむ,,準々決勝進出,,,,,,,,,,,,,,
m1,2020,吉田たち,,準々決勝進出,,,,,,,,,,,,,,
m1,2020,紅しょうが,,準々決勝進出,,,,,,,,,,,,,,
m1,2020,黒帯,,準々決勝進出,,,,,,,,,,,,,,
m1,2020,藤崎マーケット,,準々決勝進出,,,,,,,,,,,,,,
m1,2020,風穴あけるズ,,準々決勝進出,,,,,,,,,,,,,,
m1,2020,隣人,,準々決勝進出,,,,,,,,,,,,,,
m1,2020,令和喜多みな実,,準々決勝進出,,,,,,,,,,,,,,
m1,2020,祇園,,準決勝進出,（敗者復活戦欠場）,,,,,,,,,,,,,
m1,2019,ミルクボーイ,,優勝,ナニワスパイラル,,7,681点,,,3番,6票,,,,,,
m1,2019,かまいたち,,2位,憑依する漫才,,2,660点,,,2番,1票,,,,,,
m1,2019,ぺこぱ,,3位,ツッコミ方改革,,10,654点,,,1番,0票,,,,,,
m1,2019,和牛,,4位,（敗者復活組）,,3,652点,,,,,,,,,,
m1,2019,見取り図,,5位,真逆の個性,,6,649点,,,,,,,,,,
m1,2019,からし蓮根,,6位,火の国ストロング,,5,639点,,,,,,,,,,
m1,2019,オズワルド,,7位,新・東京スタイル,,8,638点,,,,,,,,,,
m1,2019,すゑひろがりず,,8位,令和の伝統芸能,,4,637点,,,,,,,,,,
m1,2019,インディアンス,,9位,ノンストップ,,9,632点,,,,,,,,,,
m1,2019,ニューヨーク,,10位,漫才ジョーカー,,1,616点,,,,,,,,,,
m1,2019,金属バット,,準決勝進出,（GYAO!ワイルドカード枠）,,,,,,,,,,,,,
m1,2019,ミキ,,準決勝進出,,,,,,,,,,,,,,
m1,2019,四千頭身,,準決勝進出,,,,,,,,,,,,,,
m1,2019,アインシュタイン,,準決勝進出,,,,,,,,,,,,,,
m1,2019,天竺鼠,,準決勝進出,,,,,,,,,,,,,,
m1,2019,カミナリ,,準決勝進出,,,,,,,,,,,,,,
m1,2019,トム・ブラウン,,準決勝進出,,,,,,,,,,,,,,
m1,2019,くらげ,,準決勝進出,,,,,,,,,,,,,,
m1,2019,錦鯉,,準決勝進出,,,,,,,,,,,,,,
m1,2019,東京ホテイソン,,準決勝進出,,,,,,,,,,,,,,
m1,2019,ラランド,,準決勝進出,,,,,,,,,,,,,,
m1,2019,セルライトスパ,,準決勝進出,,,,,,,,,,,,,,
m1,2019,ダイタク,,準決勝進出,,,,,,,,,,,,,,
m1,2019,マヂカルラブリー,,準決勝進出,,,,,,,,,,,,,,
m1,2019,ロングコートダディ,,準決勝進出,,,,,,,,,,,,,,
m1,2019,囲碁将棋,,準決勝進出,,,,,,,,,,,,,,
m1,2019,天才ピアニスト,,準々決勝進出,,,,,,,,,,,,,,
m1,2019,モンスターエンジン,,準々決勝進出,,,,,,,,,,,,,,
m1,2019,さや香,,準々決勝進出,,,,,,,,,,,,,,
m1,2019,ツートライブ,,準々決勝進出,,,,,,,,,,,,,,
m1,2019,タチマチ,,準々決勝進出,,,,,,,,,,,,,,
m1,2019,コウテイ,,準々決勝進出,,,,,,,,,,,,,,
m1,2019,ダブルヒガシ,,準々決勝進出,,,,,,,,,,,,,,
m1,2019,紅しょうが,,準々決勝進出,,,,,,,,,,,,,,
m1,2019,にぼしいわし,,準々決勝進出,,,,,,,,,,,,,,
m1,2019,もも,,準々決勝進出,,,,,,,,,,,,,,
m1,2019,ラフ次元,,準々決勝進出,,,,,,,,,,,,,,
m1,2019,パーティーパーティー,,準々決勝進出,,,,,,,,,,,,,,
m1,2019,キャタピラーズ,,準々決勝進出,,,,,,,,,,,,,,
m1,2019,滝音,,準々決勝進出,,,,,,,,,,,,,,
m1,2019,マユリカ,,準々決勝進出,,,,,,,,,,,,,,
m1,2019,ヒガシ逢ウサカ,,準々決勝進出,,,,,,,,,,,,,,
m1,2019,ガーベラガーデン,,準々決勝進出,,,,,,,,,,,,,,
m1,2019,エンペラー,,準々決勝進出,,,,,,,,,,,,,,
m1,2019,ニッポンの社長,,準々決勝進出,,,,,,,,,,,,,,
m1,2019,ビスケットブラザーズ,,準々決勝進出,,,,,,,,,,,,,,
m1,2019,蛙亭,,準々決勝進出,,,,,,,,,,,,,,
m1,2019,パーフェクト・ダブル・シュレッダー,,準々決勝進出,,,,,,,,,,,,,,
m1,2019,たらちね,,準々決勝進出,,,,,,,,,,,,,,
m1,2019,吉田たち,,準々決勝進出,,,,,,,,,,,,,,
m1,2019,黒帯,,準々決勝進出,,,,,,,,,,,,,,
m1,2019,武者武者,,準々決勝進出,,,,,,,,,,,,,,
m1,2019,ドーナツ・ピーナツ,,準々決勝進出,,,,,,,,,,,,,,
m1,2019,シカゴ実業,,準々決勝進出,,,,,,,,,,,,,,
m1,2019,ネイビーズアフロ,,準々決勝進出,,,,,,,,,,,,,,
m1,2019,てんしとあくま,,準々決勝進出,,,,,,,,,,,,,,
m1,2019,Dr.ハインリッヒ,,準々決勝進出,,,,,,,,,,,,,,
m1,2019,デルマパンゲ,,準々決勝進出,,,,,,,,,,,,,,
m1,2019,たくろう,,準々決勝進出,,,,,,,,,,,,,,
m1,2019,シンクロニシティ,,準々決勝進出,,,,,,,,,,,,,,
m1,2019,三四郎,,準々決勝進出,,,,,,,,,,,,,,
m1,2019,モグライダー,,準々決勝進出,,,,,,,,,,,,,,
m1,2019,赤もみじ,,準々決勝進出,,,,,,,,,,,,,,
m1,2019,ういろうプリン,,準々決勝進出,,,,,,,,,,,,,,
m1,2019,ヤーレンズ,,準々決勝進出,,,,,,,,,,,,,,
m1,2019,真空ジェシカ,,準々決勝進出,,,,,,,,,,,,,,
m1,2019,じぐざぐ,,準々決勝進出,,,,,,,,,,,,,,
m1,2019,ランジャタイ,,準々決勝進出,,,,,,,,,,,,,,
m1,2019,変ホ長調,,準々決勝進出,,,,,,,,,,,,,,
m1,2019,納言,,準々決勝進出,,,,,,,,,,,,,,
m1,2019,宮下草薙,,準々決勝進出,,,,,,,,,,,,,,
m1,2019,カラタチ,,準々決勝進出,,,,,,,,,,,,,,
m1,2019,ドッチモドッチ,,準々決勝進出,,,,,,,,,,,,,,
m1,2019,しんぼる,,準々決勝進出,,,,,,,,,,,,,,
m1,2019,ドンデコルテ,,準々決勝進出,,,,,,,,,,,,,,
m1,2019,馬鹿よ貴方は,,準々決勝進出,,,,,,,,,,,,,,
m1,2019,ストレッチーズ,,準々決勝進出,,,,,,,,,,,,,,
m1,2019,アイデンティティ,,準々決勝進出,,,,,,,,,,,,,,
m1,2019,ダンビラムーチョ,,準々決勝進出,,,,,,,,,,,,,,
m1,2019,アイロンヘッド,,準々決勝進出,,,,,,,,,,,,,,
m1,2019,THIS IS パン,,準々決勝進出,,,,,,,,,,,,,,
m1,2019,鬼越トマホーク,,準々決勝進出,,,,,,,,,,,,,,
m1,2019,井下好井,,準々決勝進出,,,,,,,,,,,,,,
m1,2019,ななまがり,,準々決勝進出,,,,,,,,,,,,,,
m1,2019,ゆったり感,,準々決勝進出,,,,,,,,,,,,,,
m1,2019,サンシャイン,,準々決勝進出,,,,,,,,,,,,,,
m1,2019,大自然,,準々決勝進出,,,,,,,,,,,,,,
m1,2019,TEAM BANANA,,準々決勝進出,,,,,,,,,,,,,,
m1,2019,インポッシブル,,準々決勝進出,,,,,,,,,,,,,,
m1,2019,シシガシラ,,準々決勝進出,,,,,,,,,,,,,,
m1,2019,令和ロマン,,準々決勝進出,,,,,,,,,,,,,,
m1,2019,侍スライス,,準々決勝進出,,,,,,,,,,,,,,
m1,2019,ナミダバシ,,準々決勝進出,,,,,,,,,,,,,,
m1,2019,リンダカラー,,準々決勝進出,,,,,,,,,,,,,,
m1,2019,ダニエルズ,,準々決勝進出,,,,,,,,,,,,,,
m1,2019,リニア,,準々決勝進出,,,,,,,,,,,,,,
m1,2019,スリムクラブ,,準々決勝進出,,,,,,,,,,,,,,
m1,2019,ゆにばーす,,準々決勝進出,,,,,,,,,,,,,,
m1,2019,ラフレクラン,,準々決勝進出,,,,,,,,,,,,,,
m1,2019,ロングロング,,準々決勝進出,,,,,,,,,,,,,,
m1,2019,ウエストランド,,準々決勝進出,,,,,,,,,,,,,,
m1,2019,ダイヤモンド,,準々決勝進出,,,,,,,,,,,,,,
m1,2019,わらふぢなるお,,準々決勝進出,,,,,,,,,,,,,,
m1,2019,笑撃戦隊,,準々決勝進出,,,,,,,,,,,,,,
m1,2019,ザ・パーフェクト,,準々決勝進出,,,,,,,,,,,,,,
m1,2019,EXIT,,準々決勝進出,,,,,,,,,,,,,,
m1,2018,霜降り明星,,優勝,縦横無尽,,9,662点,,,3番,4票,,,,,,
m1,2018,和牛,,2位,第4形態,,10,656点,,,2番,3票,,,,,,
m1,2018,ジャルジャル,,3位,フリースタイル再び,,4,648点,,,1番,0票,,,,,,
m1,2018,ミキ,,4位,（敗者復活組）,,7,638点,,,,,,,,,,
m1,2018,かまいたち,,5位,史上初の2冠へ,,3,636点,,,,,,,,,,
m1,2018,トム・ブラウン,,6位,無秩序,,8,633点,,,,,,,,,,
m1,2018,スーパーマラドーナ,,7位,最後の逆襲,,2,617点,,,,,,,,,,
m1,2018,ギャロップ,,8位,輝け！いぶし銀,,5,614点,,,,,,,,,,
m1,2018,見取り図,,9位,声高ダークホース,,1,606点,,,,,,,,,,
m1,2018,ゆにばーす,,10位,今年もイェエエエイ！,,6,594点,,,,,,,,,,
m1,2018,魔人無骨,,準決勝進出,（GYAO!ワイルドカード枠）,,,,,,,,,,,,,
m1,2018,ダンビラムーチョ,,準決勝進出,,,,,,,,,,,,,,
m1,2018,マユリカ,,準決勝進出,,,,,,,,,,,,,,
m1,2018,ウエストランド,,準決勝進出,,,,,,,,,,,,,,
m1,2018,たくろう,,準決勝進出,,,,,,,,,,,,,,
m1,2018,からし蓮根,,準決勝進出,,,,,,,,,,,,,,
m1,2018,インディアンス,,準決勝進出,,,,,,,,,,,,,,
m1,2018,侍スライス,,準決勝進出,,,,,,,,,,,,,,
m1,2018,三四郎,,準決勝進出,,,,,,,,,,,,,,
m1,2018,ニッポンの社長,,準決勝進出,,,,,,,,,,,,,,
m1,2018,マヂカルラブリー,,準決勝進出,,,,,,,,,,,,,,
m1,2018,金属バット,,準決勝進出,,,,,,,,,,,,,,
m1,2018,プラス・マイナス,,準決勝進出,,,,,,,,,,,,,,
m1,2018,東京ホテイソン,,準決勝進出,,,,,,,,,,,,,,
m1,2018,さらば青春の光,,準決勝進出,,,,,,,,,,,,,,
m1,2018,アキナ,,準決勝進出,,,,,,,,,,,,,,
m1,2018,モグライダー,,準々決勝進出,,,,,,,,,,,,,,
m1,2018,ういろうプリン,,準々決勝進出,,,,,,,,,,,,,,
m1,2018,ニュークレープ,,準々決勝進出,,,,,,,,,,,,,,
m1,2018,シンクロニシティ,,準々決勝進出,,,,,,,,,,,,,,
m1,2018,ぺこぱ,,準々決勝進出,,,,,,,,,,,,,,
m1,2018,ロングロング,,準々決勝進出,,,,,,,,,,,,,,
m1,2018,すゑひろがりず,,準々決勝進出,,,,,,,,,,,,,,
m1,2018,インポッシブル,,準々決勝進出,,,,,,,,,,,,,,
m1,2018,井下好井,,準々決勝進出,,,,,,,,,,,,,,
m1,2018,田畑藤本,,準々決勝進出,,,,,,,,,,,,,,
m1,2018,ダイタク,,準々決勝進出,,,,,,,,,,,,,,
m1,2018,ななまがり,,準々決勝進出,,,,,,,,,,,,,,
m1,2018,男性ブランコ,,準々決勝進出,,,,,,,,,,,,,,
m1,2018,納言,,準々決勝進出,,,,,,,,,,,,,,
m1,2018,ストレッチーズ,,準々決勝進出,,,,,,,,,,,,,,
m1,2018,アイデンティティ,,準々決勝進出,,,,,,,,,,,,,,
m1,2018,ヤーレンズ,,準々決勝進出,,,,,,,,,,,,,,
m1,2018,モンローズ,,準々決勝進出,,,,,,,,,,,,,,
m1,2018,ザ・パーフェクト,,準々決勝進出,,,,,,,,,,,,,,
m1,2018,シシガシラ,,準々決勝進出,,,,,,,,,,,,,,
m1,2018,LOVE,,準々決勝進出,,,,,,,,,,,,,,
m1,2018,相席スタート,,準々決勝進出,,,,,,,,,,,,,,
m1,2018,のばしぼん。,,準々決勝進出,,,,,,,,,,,,,,
m1,2018,いい塩梅,,準々決勝進出,,,,,,,,,,,,,,
m1,2018,マドンナ。,,準々決勝進出,,,,,,,,,,,,,,
m1,2018,八田荘,,準々決勝進出,,,,,,,,,,,,,,
m1,2018,漫画家,,準々決勝進出,,,,,,,,,,,,,,
m1,2018,やさしいズ,,準々決勝進出,,,,,,,,,,,,,,
m1,2018,四千頭身,,準々決勝進出,,,,,,,,,,,,,,
m1,2018,バッドナイス,,準々決勝進出,,,,,,,,,,,,,,
m1,2018,Aマッソ,,準々決勝進出,,,,,,,,,,,,,,
m1,2018,錦鯉,,準々決勝進出,,,,,,,,,,,,,,
m1,2018,キュウ,,準々決勝進出,,,,,,,,,,,,,,
m1,2018,チョコレートプラネット,,準々決勝進出,,,,,,,,,,,,,,
m1,2018,がじゅまる,,準々決勝進出,,,,,,,,,,,,,,
m1,2018,囲碁将棋,,準々決勝進出,,,,,,,,,,,,,,
m1,2018,コマンダンテ,,準々決勝進出,,,,,,,,,,,,,,
m1,2018,ラフレクラン,,準々決勝進出,,,,,,,,,,,,,,
m1,2018,ニューヨーク,,準々決勝進出,,,,,,,,,,,,,,
m1,2018,スリムクラブ,,準々決勝進出,,,,,,,,,,,,,,
m1,2018,ランジャタイ,,準々決勝進出,,,,,,,,,,,,,,
m1,2018,デニス,,準々決勝進出,,,,,,,,,,,,,,
m1,2018,ダイヤモンド,,準々決勝進出,,,,,,,,,,,,,,
m1,2018,わらふぢなるお,,準々決勝進出,,,,,,,,,,,,,,
m1,2018,天竺鼠,,準々決勝進出,,,,,,,,,,,,,,
m1,2018,アイロンヘッド,,準々決勝進出,,,,,,,,,,,,,,
m1,2018,大自然,,準々決勝進出,,,,,,,,,,,,,,
m1,2018,モンスターエンジン,,準々決勝進出,,,,,,,,,,,,,,
m1,2018,セルライトスパ,,準々決勝進出,,,,,,,,,,,,,,
m1,2018,ラニーノーズ,,準々決勝進出,,,,,,,,,,,,,,
m1,2018,ツートライブ,,準々決勝進出,,,,,,,,,,,,,,
m1,2018,ジソンシン,,準々決勝進出,,,,,,,,,,,,,,
m1,2018,黒帯,,準々決勝進出,,,,,,,,,,,,,,
m1,2018,丸亀じゃんご,,準々決勝進出,,,,,,,,,,,,,,
m1,2018,吉田たち,,準々決勝進出,,,,,,,,,,,,,,
m1,2018,絶対的7%,,準々決勝進出,,,,,,,,,,,,,,
m1,2018,学天即,,準々決勝進出,,,,,,,,,,,,,,
m1,2018,もも,,準々決勝進出,,,,,,,,,,,,,,
m1,2018,ミルクボーイ,,準々決勝進出,,,,,,,,,,,,,,
m1,2018,ダブルヒガシ,,準々決勝進出,,,,,,,,,,,,,,
m1,2018,さや香,,準々決勝進出,,,,,,,,,,,,,,
m1,2018,ラフ次元,,準々決勝進出,,,,,,,,,,,,,,
m1,2018,ありんくりん,,準々決勝進出,,,,,,,,,,,,,,
m1,2018,武者武者,,準々決勝進出,,,,,,,,,,,,,,
m1,2018,ヒガシ逢ウサカ,,準々決勝進出,,,,,,,,,,,,,,
m1,2018,ロングコートダディ,,準々決勝進出,,,,,,,,,,,,,,
m1,2018,マルセイユ,,準々決勝進出,,,,,,,,,,,,,,
m1,2018,プリマ旦那,,準々決勝進出,,,,,,,,,,,,,,
m1,2018,祇園,,準々決勝進出,,,,,,,,,,,,,,
m1,2018,藤崎マーケット,,準々決勝進出,,,,,,,,,,,,,,
m1,2018,てんしとあくま,,準々決勝進出,,,,,,,,,,,,,,
m1,2018,トット,,準々決勝進出,,,,,,,,,,,,,,
m1,2018,ガーベラガーデン,,準々決勝進出,,,,,,,,,,,,,,
m1,2018,アインシュタイン,,準々決勝進出,,,,,,,,,,,,,,
m1,2018,Dr.ハインリッヒ,,準々決勝進出,,,,,,,,,,,,,,
m1,2017,とろサーモン,,優勝,ついにキターーー！！,,3,645点,,,1番,4票,,,,,,
m1,2017,和牛,,2位,3度目の正直,,9,653点,,,3番,3票,,,,,,
m1,2017,ミキ,,3位,兄弟漫才,,8,650点,,,2番,0票,,,,,,
m1,2017,スーパーマラドーナ,,4位,（敗者復活組）,,4,640点,,,,,,,,,,
m1,2017,かまいたち,,4位,史上初の2冠へ,,5,640点,,,,,,,,,,
m1,2017,ジャルジャル,,6位,帰ってきたフリースタイル,,10,636点,,,,,,,,,,
m1,2017,さや香,,7位,無印ノーマーク,,7,628点,,,,,,,,,,
m1,2017,ゆにばーす,,8位,野生女×インドア男,,1,626点,,,,,,,,,,
m1,2017,カミナリ,,9位,進化のどつき漫才,,2,618点,,,,,,,,,,
m1,2017,マヂカルラブリー,,10位,摩訶不思議,,6,607点,,,,,,,,,,
m1,2017,アキナ,,準決勝進出,（GYAO!ワイルドカード枠）,,,,,,,,,,,,,
m1,2017,からし蓮根,,準決勝進出,,,,,,,,,,,,,,
m1,2017,東京ホテイソン,,準決勝進出,,,,,,,,,,,,,,
m1,2017,アイロンヘッド,,準決勝進出,,,,,,,,,,,,,,
m1,2017,笑撃戦隊,,準決勝進出,,,,,,,,,,,,,,
m1,2017,見取り図,,準決勝進出,,,,,,,,,,,,,,
m1,2017,ランジャタイ,,準決勝進出,,,,,,,,,,,,,,
m1,2017,セルライトスパ,,準決勝進出,,,,,,,,,,,,,,
m1,2017,天竺鼠,,準決勝進出,,,,,,,,,,,,,,
m1,2017,さらば青春の光,,準決勝進出,,,,,,,,,,,,,,
m1,2017,Aマッソ,,準決勝進出,,,,,,,,,,,,,,
m1,2017,南海キャンディーズ,,準決勝進出,,,,,,,,,,,,,,
m1,2017,囲碁将棋,,準決勝進出,,,,,,,,,,,,,,
m1,2017,相席スタート,,準決勝進出,,,,,,,,,,,,,,
m1,2017,ニューヨーク,,準決勝進出,,,,,,,,,,,,,,
m1,2017,三四郎,,準決勝進出,,,,,,,,,,,,,,
m1,2017,アインシュタイン,,準決勝進出,,,,,,,,,,,,,,
m1,2017,霜降り明星,,準決勝進出,,,,,,,,,,,,,,
m1,2017,ハライチ,,準決勝進出,,,,,,,,,,,,,,
m1,2017,大自然,,準決勝進出,,,,,,,,,,,,,,
m1,2017,四千頭身,,準々決勝進出,,,,,,,,,,,,,,
m1,2017,学天即,,準々決勝進出,,,,,,,,,,,,,,
m1,2017,タナからイケダ,,準々決勝進出,,,,,,,,,,,,,,
m1,2017,チャーミング,,準々決勝進出,,,,,,,,,,,,,,
m1,2017,てんしとあくま,,準々決勝進出,,,,,,,,,,,,,,
m1,2017,祇園,,準々決勝進出,,,,,,,,,,,,,,
m1,2017,テゴネハンバーグ,,準々決勝進出,,,,,,,,,,,,,,
m1,2017,タイーク,,準々決勝進出,,,,,,,,,,,,,,
m1,2017,スマイル,,準々決勝進出,,,,,,,,,,,,,,
m1,2017,トム・ブラウン,,準々決勝進出,,,,,,,,,,,,,,
m1,2017,ダブルヒガシ,,準々決勝進出,,,,,,,,,,,,,,
m1,2017,吉田たち,,準々決勝進出,,,,,,,,,,,,,,
m1,2017,span!,,準々決勝進出,,,,,,,,,,,,,,
m1,2017,ヒガシ逢ウサカ,,準々決勝進出,,,,,,,,,,,,,,
m1,2017,ななまがり,,準々決勝進出,,,,,,,,,,,,,,
m1,2017,ヘンダーソン,,準々決勝進出,,,,,,,,,,,,,,
m1,2017,ダイタク,,準々決勝進出,,,,,,,,,,,,,,
m1,2017,ジュリエッタ,,準々決勝進出,,,,,,,,,,,,,,
m1,2017,ウエストランド,,準々決勝進出,,,,,,,,,,,,,,
m1,2017,フースーヤ,,準々決勝進出,,,,,,,,,,,,,,
m1,2017,湘南デストラーデ,,準々決勝進出,,,,,,,,,,,,,,
m1,2017,GAG少年楽団,,準々決勝進出,,,,,,,,,,,,,,
m1,2017,井下好井,,準々決勝進出,,,,,,,,,,,,,,
m1,2017,三日月マンハッタン,,準々決勝進出,,,,,,,,,,,,,,
m1,2017,馬鹿よ貴方は,,準々決勝進出,,,,,,,,,,,,,,
m1,2017,オフ,,準々決勝進出,,,,,,,,,,,,,,
m1,2017,マユリカ,,準々決勝進出,,,,,,,,,,,,,,
m1,2017,マルセイユ,,準々決勝進出,,,,,,,,,,,,,,
m1,2017,藤崎マーケット,,準々決勝進出,,,,,,,,,,,,,,
m1,2017,ペンギンズ,,準々決勝進出,,,,,,,,,,,,,,
m1,2017,アルコ＆ピース,,準々決勝進出,,,,,,,,,,,,,,
m1,2017,ラフレクラン,,準々決勝進出,,,,,,,,,,,,,,
m1,2017,ツートライブ,,準々決勝進出,,,,,,,,,,,,,,
m1,2017,パニーニ,,準々決勝進出,,,,,,,,,,,,,,
m1,2017,コマンダンテ,,準々決勝進出,,,,,,,,,,,,,,
m1,2017,すっきりソング,,準々決勝進出,,,,,,,,,,,,,,
m1,2017,ニッポンの社長,,準々決勝進出,,,,,,,,,,,,,,
m1,2017,インディアンス,,準々決勝進出,,,,,,,,,,,,,,
m1,2017,錦鯉,,準々決勝進出,,,,,,,,,,,,,,
m1,2017,風藤松原,,準々決勝進出,,,,,,,,,,,,,,
m1,2017,ダンシングヒーロー,,準々決勝進出,,,,,,,,,,,,,,
m1,2017,モンスターエンジン,,準々決勝進出,,,,,,,,,,,,,,
m1,2017,ジャイアントジャイアン,,準々決勝進出,,,,,,,,,,,,,,
m1,2017,プリマ旦那,,準々決勝進出,,,,,,,,,,,,,,
m1,2017,バッドナイス,,準々決勝進出,,,,,,,,,,,,,,
m1,2017,プラス・マイナス,,準々決勝進出,,,,,,,,,,,,,,
m1,2017,いい塩梅,,準々決勝進出,,,,,,,,,,,,,,
m1,2017,鬼越トマホーク,,準々決勝進出,,,,,,,,,,,,,,
m1,2017,スリムクラブ,,準々決勝進出,,,,,,,,,,,,,,
m1,2017,アントワネット,,準々決勝進出,,,,,,,,,,,,,,
m1,2017,ピーマンズスタンダード,,準々決勝進出,,,,,,,,,,,,,,
m1,2017,スーパー土瓶,,準々決勝進出,,,,,,,,,,,,,,
m1,2017,ヤーレンズ,,準々決勝進出,,,,,,,,,,,,,,
m1,2017,キャタピラーズ,,準々決勝進出,,,,,,,,,,,,,,
m1,2017,ストレッチーズ,,準々決勝進出,,,,,,,,,,,,,,
m1,2017,ネイビーズアフロ,,準々決勝進出,,,,,,,,,,,,,,
m1,2017,真空ジェシカ,,準々決勝進出,,,,,,,,,,,,,,
m1,2017,クロスバー直撃,,準々決勝進出,,,,,,,,,,,,,,
m1,2017,たくろう,,準々決勝進出,,,,,,,,,,,,,,
m1,2017,田畑藤本,,準々決勝進出,,,,,,,,,,,,,,
m1,2017,モグライダー,,準々決勝進出,,,,,,,,,,,,,,
m1,2017,丸亀じゃんご,,準々決勝進出,,,,,,,,,,,,,,
m1,2017,ロングコートダディ,,準々決勝進出,,,,,,,,,,,,,,
m1,2017,コウテイ,,準々決勝進出,,,,,,,,,,,,,,
m1,2017,ニュークレープ,,準々決勝進出,,,,,,,,,,,,,,
m1,2017,ロングロング,,準々決勝進出,,,,,,,,,,,,,,
m1,2017,金属バット,,準々決勝進出,,,,,,,,,,,,,,
m1,2017,ギャロップ,,準々決勝進出,,,,,,,,,,,,,,
m1,2017,ネルソンズ,,準々決勝進出,,,,,,,,,,,,,,
m1,2017,アイデンティティ,,準々決勝進出,,,,,,,,,,,,,,
m1,2017,完熟フレッシュ,,準々決勝進出,,,,,,,,,,,,,,
m1,2017,ミルクボーイ,,準々決勝進出,,,,,,,,,,,,,,
m1,2017,バニラボックス,,準々決勝進出,,,,,,,,,,,,,,
m1,2017,トット,,準々決勝進出,,,,,,,,,,,,,,
m1,2017,尼神インター,,準々決勝進出,,,,,,,,,,,,,,
m1,2016,銀シャリ,,優勝,王道漫才,,4,470点,,,3番,3票,,,,,,
m1,2016,和牛,,2位,（敗者復活組）,,9,469点,,,2番,1票,,,,,,
m1,2016,スーパーマラドーナ,,3位,虚弱 × 最強,,7,459点,,,1番,1票,,,,,,
m1,2016,さらば青春の光,,4位,予測不能,,8,448点,,,,,,,,,,
m1,2016,アキナ,,5位,変幻自在,,1,446点,,,,,,,,,,
m1,2016,ハライチ,,6位,シン・ハライチ,,6,446点,,,,,,,,,,
m1,2016,カミナリ,,7位,ダークホース,,2,441点,,,,,,,,,,
m1,2016,スリムクラブ,,8位,一撃必殺,,5,441点,,,,,,,,,,
m1,2016,相席スタート,,9位,婚活系漫才,,3,436点,,,,,,,,,,
m1,2016,馬鹿よ貴方は,,準決勝進出,（GYAO!ワイルドカード枠）,,,,,,,,,,,,,
m1,2016,霜降り明星,,準決勝進出,,,,,,,,,,,,,,
m1,2016,錦鯉,,準決勝進出,,,,,,,,,,,,,,
m1,2016,とろサーモン,,準決勝進出,,,,,,,,,,,,,,
m1,2016,マヂカルラブリー,,準決勝進出,,,,,,,,,,,,,,
m1,2016,アインシュタイン,,準決勝進出,,,,,,,,,,,,,,
m1,2016,メイプル超合金,,準決勝進出,,,,,,,,,,,,,,
m1,2016,アルコ＆ピース,,準決勝進出,（敗者復活戦欠場）,,,,,,,,,,,,,
m1,2016,ゆにばーす,,準決勝進出,,,,,,,,,,,,,,
m1,2016,Aマッソ,,準決勝進出,,,,,,,,,,,,,,
m1,2016,かまいたち,,準決勝進出,,,,,,,,,,,,,,
m1,2016,大自然,,準決勝進出,,,,,,,,,,,,,,
m1,2016,インディアンス,,準決勝進出,,,,,,,,,,,,,,
m1,2016,東京ダイナマイト,,準決勝進出,,,,,,,,,,,,,,
m1,2016,ジャルジャル,,準決勝進出,,,,,,,,,,,,,,
m1,2016,三四郎,,準決勝進出,,,,,,,,,,,,,,
m1,2016,ミキ,,準決勝進出,,,,,,,,,,,,,,
m1,2016,学天即,,準決勝進出,,,,,,,,,,,,,,
m1,2016,ニューヨーク,,準決勝進出,,,,,,,,,,,,,,
m1,2016,コーンスターチ,,準々決勝進出,,,,,,,,,,,,,,
m1,2016,ザ・プラン9,2,準々決勝進出,,,,,,,,,,,,,,
m1,2016,ロングコートダディ,,準々決勝進出,,,,,,,,,,,,,,
m1,2016,コマンダンテ,,準々決勝進出,,,,,,,,,,,,,,
m1,2016,吉田たち,,準々決勝進出,,,,,,,,,,,,,,
m1,2016,ラフ次元,,準々決勝進出,,,,,,,,,,,,,,
m1,2016,シンクロック,,準々決勝進出,,,,,,,,,,,,,,
m1,2016,てんしとあくま,,準々決勝進出,,,,,,,,,,,,,,
m1,2016,見取り図,,準々決勝進出,,,,,,,,,,,,,,
m1,2016,タナからイケダ,,準々決勝進出,,,,,,,,,,,,,,
m1,2016,セルライトスパ,,準々決勝進出,,,,,,,,,,,,,,
m1,2016,金属バット,,準々決勝進出,,,,,,,,,,,,,,
m1,2016,藤崎マーケット,,準々決勝進出,,,,,,,,,,,,,,
m1,2016,マユリカ,,準々決勝進出,,,,,,,,,,,,,,
m1,2016,トット,,準々決勝進出,,,,,,,,,,,,,,
m1,2016,ジュリエッタ,,準々決勝進出,,,,,,,,,,,,,,
m1,2016,ラニーノーズ,,準々決勝進出,,,,,,,,,,,,,,
m1,2016,デルマパンゲ,,準々決勝進出,,,,,,,,,,,,,,
m1,2016,尼神インター,,準々決勝進出,,,,,,,,,,,,,,
m1,2016,モンスターエンジン,,準々決勝進出,,,,,,,,,,,,,,
m1,2016,ギャロップ,,準々決勝進出,,,,,,,,,,,,,,
m1,2016,ミルクボーイ,,準々決勝進出,,,,,,,,,,,,,,
m1,2016,センサールマン,,準々決勝進出,,,,,,,,,,,,,,
m1,2016,武者武者,,準々決勝進出,,,,,,,,,,,,,,
m1,2016,ヘンダーソン,,準々決勝進出,,,,,,,,,,,,,,
m1,2016,ムニムニヤエバ,,準々決勝進出,,,,,,,,,,,,,,
m1,2016,からし蓮根,,準々決勝進出,,,,,,,,,,,,,,
m1,2016,プリマ旦那,,準々決勝進出,,,,,,,,,,,,,,
m1,2016,祇園,,準々決勝進出,,,,,,,,,,,,,,
m1,2016,ネイビーズアフロ,,準々決勝進出,,,,,,,,,,,,,,
m1,2016,ランジャタイ,,準々決勝進出,,,,,,,,,,,,,,
m1,2016,アイロンヘッド,,準々決勝進出,,,,,,,,,,,,,,
m1,2016,ニュークレープ,,準々決勝進出,,,,,,,,,,,,,,
m1,2016,プリンセス金魚,,準々決勝進出,,,,,,,,,,,,,,
m1,2016,カナリア,,準々決勝進出,,,,,,,,,,,,,,
m1,2016,ペンギンズ,,準々決勝進出,,,,,,,,,,,,,,
m1,2016,プラス・マイナス,,準々決勝進出,,,,,,,,,,,,,,
m1,2016,三拍子,,準々決勝進出,,,,,,,,,,,,,,
m1,2016,マテンロウ,,準々決勝進出,,,,,,,,,,,,,,
m1,2016,ダイタク,,準々決勝進出,,,,,,,,,,,,,,
m1,2016,チーモンチョーチュウ,,準々決勝進出,,,,,,,,,,,,,,
m1,2016,えんにち,,準々決勝進出,,,,,,,,,,,,,,
m1,2016,たぬきごはん,,準々決勝進出,,,,,,,,,,,,,,
m1,2016,マッハスピード豪速球,,準々決勝進出,,,,,,,,,,,,,,
m1,2016,湘南デストラーデ,,準々決勝進出,,,,,,,,,,,,,,
m1,2016,エレファントジョン,,準々決勝進出,,,,,,,,,,,,,,
m1,2016,まめのき,,準々決勝進出,,,,,,,,,,,,,,
m1,2016,バッドナイス,,準々決勝進出,,,,,,,,,,,,,,
m1,2016,男性ブランコ,,準々決勝進出,,,,,,,,,,,,,,
m1,2016,ドドん,,準々決勝進出,,,,,,,,,,,,,,
m1,2016,ななまがり,,準々決勝進出,,,,,,,,,,,,,,
m1,2016,ロングロング,,準々決勝進出,,,,,,,,,,,,,,
m1,2016,晴天サンティ,,準々決勝進出,,,,,,,,,,,,,,
m1,2016,アントワネット,,準々決勝進出,,,,,,,,,,,,,,
m1,2016,テゴネハンバーグ,,準々決勝進出,,,,,,,,,,,,,,
m1,2016,なすなかにし,,準々決勝進出,,,,,,,,,,,,,,
m1,2016,すっきりソング,,準々決勝進出,,,,,,,,,,,,,,
m1,2016,ザ・パーフェクト,,準々決勝進出,,,,,,,,,,,,,,
m1,2016,ジャイアントジャイアン,,準々決勝進出,,,,,,,,,,,,,,
m1,2016,ギンナナ,,準々決勝進出,,,,,,,,,,,,,,
m1,2016,囲碁将棋,,準々決勝進出,,,,,,,,,,,,,,
m1,2016,パニーニ,,準々決勝進出,,,,,,,,,,,,,,
m1,2016,ピーマンズスタンダード,,準々決勝進出,,,,,,,,,,,,,,
m1,2016,ダンシングヒーロー,,準々決勝進出,,,,,,,,,,,,,,
m1,2016,すゑひろがりず,,準々決勝進出,,,,,,,,,,,,,,
m1,2016,ウエストランド,,準々決勝進出,,,,,,,,,,,,,,
m1,2016,笑撃戦隊,,準々決勝進出,,,,,,,,,,,,,,
m1,2016,天竺鼠,,準々決勝進出,,,,,,,,,,,,,,
m1,2016,南海キャンディーズ,,準決勝進出,（敗者復活戦欠場）,,,,,,,,,,,,,
m1,2015,トレンディエンジェル,,優勝,（敗者復活組）,,9,825点,,,2番,6票,,,,,,
m1,2015,銀シャリ,,"2位",昭和をまとった\n新世代 再び!,,6,818点,,,1番,2票,,,,,,
m1,2015,ジャルジャル,,"3位",フリースタイルが\n止まらない!,,5,834点,,,3番,1票,,,,,,
m1,2015,タイムマシーン3号,,"4位",器用なおデブさんは\n好きですか?,,8,816点,,,,,,,,,,
m1,2015,スーパーマラドーナ,,"5位",震える子羊\nボケまくる!,,3,813点,,,,,,,,,,
m1,2015,和牛,,"6位",心にさされ!\n非情な愛のボケ,,4,806点,,,,,,,,,,
m1,2015,メイプル超合金,,"7位",誰も知らない\n超ダークホース,,1,796点,,,,,,,,,,
m1,2015,馬鹿よ貴方は,,"8位",静かなる\n毒舌漫才,,2,791点,,,,,,,,,,
m1,2015,ハライチ,,"9位",澤部、\n今日も騒ぐってよ,,7,788点,,,,,,,,,,
m1,2015,ニッポンの社長,,準決勝進出,（GYAO!ワイルドカード枠）,,,,,,,,,,,,,
m1,2015,ダイタク,,準決勝進出,,,,,,,,,,,,,,
m1,2015,アインシュタイン,,準決勝進出,,,,,,,,,,,,,,
m1,2015,相席スタート,,準決勝進出,,,,,,,,,,,,,,
m1,2015,囲碁将棋,,準決勝進出,,,,,,,,,,,,,,
m1,2015,とろサーモン,,準決勝進出,,,,,,,,,,,,,,
m1,2015,笑撃戦隊,,準決勝進出,,,,,,,,,,,,,,
m1,2015,セルライトスパ,,準決勝進出,,,,,,,,,,,,,,
m1,2015,POISON GIRL BAND,,準決勝進出,,,,,,,,,,,,,,
m1,2015,モンスターエンジン,,準決勝進出,,,,,,,,,,,,,,
m1,2015,さらば青春の光,,準決勝進出,,,,,,,,,,,,,,
m1,2015,ダイアン,,準決勝進出,,,,,,,,,,,,,,
m1,2015,東京ダイナマイト,,準決勝進出,,,,,,,,,,,,,,
m1,2015,かまいたち,,準決勝進出,,,,,,,,,,,,,,
m1,2015,天竺鼠,,準決勝進出,,,,,,,,,,,,,,
m1,2015,学天即,,準決勝進出,,,,,,,,,,,,,,
m1,2015,チーモンチョーチュウ,,準決勝進出,,,,,,,,,,,,,,
m1,2015,尼神インター,,準決勝進出,,,,,,,,,,,,,,
m1,2015,ナイツ,,準決勝進出,,,,,,,,,,,,,,
m1,2015,吉田たち,,準々決勝進出,,,,,,,,,,,,,,
m1,2015,センサールマン,,準々決勝進出,,,,,,,,,,,,,,
m1,2015,からし蓮根,,準々決勝進出,,,,,,,,,,,,,,
m1,2015,藤崎マーケット,,準々決勝進出,,,,,,,,,,,,,,
m1,2015,ヘッドライト,,準々決勝進出,,,,,,,,,,,,,,
m1,2015,ミキ,,準々決勝進出,,,,,,,,,,,,,,
m1,2015,見取り図,,準々決勝進出,,,,,,,,,,,,,,
m1,2015,てんしとあくま,,準々決勝進出,,,,,,,,,,,,,,
m1,2015,ジャムファミリア,,準々決勝進出,,,,,,,,,,,,,,
m1,2015,ラフ次元,,準々決勝進出,,,,,,,,,,,,,,
m1,2015,井下好井,,準々決勝進出,,,,,,,,,,,,,,
m1,2015,ヒガシ逢ウサカ,,準々決勝進出,,,,,,,,,,,,,,
m1,2015,タナからイケダ,,準々決勝進出,,,,,,,,,,,,,,
m1,2015,どんぐり兄弟,,準々決勝進出,,,,,,,,,,,,,,
m1,2015,クロスバー直撃,,準々決勝進出,,,,,,,,,,,,,,
m1,2015,ザ・プラン9,2,準々決勝進出,,,,,,,,,,,,,,
m1,2015,マユリカ,,準々決勝進出,,,,,,,,,,,,,,
m1,2015,アイロンヘッド,,準々決勝進出,,,,,,,,,,,,,,
m1,2015,プリマ旦那,,準々決勝進出,,,,,,,,,,,,,,
m1,2015,アキナ,,準々決勝進出,,,,,,,,,,,,,,
m1,2015,金属バット,,準々決勝進出,,,,,,,,,,,,,,
m1,2015,二遊間,,準々決勝進出,,,,,,,,,,,,,,
m1,2015,三四郎,,準々決勝進出,,,,,,,,,,,,,,
m1,2015,ジャイアントジャイアン,,準々決勝進出,,,,,,,,,,,,,,
m1,2015,ドドん,,準々決勝進出,,,,,,,,,,,,,,
m1,2015,エレファントジョン,,準々決勝進出,,,,,,,,,,,,,,
m1,2015,ヤーレンズ,,準々決勝進出,,,,,,,,,,,,,,
m1,2015,流れ星,,準々決勝進出,,,,,,,,,,,,,,
m1,2015,セバスチャン,,準々決勝進出,,,,,,,,,,,,,,
m1,2015,LLR,,準々決勝進出,,,,,,,,,,,,,,
m1,2015,オジンオズボーン,,準々決勝進出,,,,,,,,,,,,,,
m1,2015,フレミング,,準々決勝進出,,,,,,,,,,,,,,
m1,2015,まっかちん,,準々決勝進出,,,,,,,,,,,,,,
m1,2015,田畑藤本,,準々決勝進出,,,,,,,,,,,,,,
m1,2015,タモンズ,,準々決勝進出,,,,,,,,,,,,,,
m1,2015,天狗,,準々決勝進出,,,,,,,,,,,,,,
m1,2015,ヨコハマホームラン,,準々決勝進出,,,,,,,,,,,,,,
m1,2015,ボーイフレンド,,準々決勝進出,,,,,,,,,,,,,,
m1,2015,えんにち,,準々決勝進出,,,,,,,,,,,,,,
m1,2015,どきどきキャンプ,,準々決勝進出,,,,,,,,,,,,,,
m1,2015,磁石,,準々決勝進出,,,,,,,,,,,,,,
m1,2015,ダンビラムーチョ,,準々決勝進出,,,,,,,,,,,,,,
m1,2015,トップリード,,準々決勝進出,,,,,,,,,,,,,,
m1,2015,風藤松原,,準々決勝進出,,,,,,,,,,,,,,
m1,2015,アルコ＆ピース,,準々決勝進出,,,,,,,,,,,,,,
m1,2015,三拍子,,準々決勝進出,,,,,,,,,,,,,,
m1,2015,錦鯉,,準々決勝進出,,,,,,,,,,,,,,
m1,2015,ニューヨーク,,準々決勝進出,,,,,,,,,,,,,,
m1,2015,プラスマイナス,,準々決勝進出,,,,,,,,,,,,,,
m1,2015,ハイキングウォーキング,,準々決勝進出,,,,,,,,,,,,,,
m1,2015,しゃもじ,,準々決勝進出,,,,,,,,,,,,,,
m1,2015,Aマッソ,,準々決勝進出,,,,,,,,,,,,,,
m1,2015,ザ・パーフェクト,,準々決勝進出,,,,,,,,,,,,,,
m1,2015,シャイニングスターズ,,準々決勝進出,,,,,,,,,,,,,,
m1,2015,ジャングルポケット,,準々決勝進出,,,,,,,,,,,,,,
m1,2015,スリムクラブ,,準々決勝進出,,,,,,,,,,,,,,
m1,2015,我が家,,準々決勝進出,,,,,,,,,,,,,,
m1,2015,マヂカルラブリー,,準々決勝進出,,,,,,,,,,,,,,
m1,2010,笑い飯,,優勝,孤高のWボケ,,6,668点,,,2番,4票,,,,,,
m1,2010,スリムクラブ,,2位,無印（ノーマーク）島人,,3,644点,,,1番,3票,,,,,,
m1,2010,パンクブーブー,,3位,（敗者復活組）,,9,668点,,,3番,0票,,,,,,
m1,2010,ピース,,4位,笑いのアーティスト,,8,629点,,,,,,,,,,
m1,2010,銀シャリ,,5位,昭和をまとった新世代,,4,627点,,,,,,,,,,
m1,2010,ナイツ,,6位,浅草の星,,5,626点,,,,,,,,,,
m1,2010,ハライチ,,7位,進化するムチャぶり漫才,,7,620点,,,,,,,,,,
m1,2010,ジャルジャル,,8位,スーパールーキー,,2,606点,,,,,,,,,,
m1,2010,カナリア,,9位,羽ばたけ!ラストイヤー,,1,592点,,,,,,,,,,
m1,2010,アーリアン,,準決勝進出,,,,,,,,,,,,,,
m1,2010,囲碁将棋,,準決勝進出,,,,,,,,,,,,,,
m1,2010,ウーマンラッシュアワー,,準決勝進出,,,,,,,,,,,,,,
m1,2010,磁石,,準決勝進出,,,,,,,,,,,,,,
m1,2010,笑撃戦隊,,準決勝進出,,,,,,,,,,,,,,
m1,2010,タイムマシーン3号,,準決勝進出,,,,,,,,,,,,,,
m1,2010,チーモンチョーチュウ,,準決勝進出,,,,,,,,,,,,,,
m1,2010,千鳥,,準決勝進出,,,,,,,,,,,,,,
m1,2010,東京ダイナマイト,,準決勝進出,,,,,,,,,,,,,,
m1,2010,プリマ旦那,,準決勝進出,,,,,,,,,,,,,,
m1,2010,POISON GIRL BAND,,準決勝進出,,,,,,,,,,,,,,
m1,2010,マヂカルラブリー,,準決勝進出,,,,,,,,,,,,,,
m1,2010,モンスターエンジン,,準決勝進出,,,,,,,,,,,,,,
m1,2010,ゆったり感,,準決勝進出,,,,,,,,,,,,,,
m1,2010,我が家,,準決勝進出,,,,,,,,,,,,,,
m1,2010,お湯,,準々決勝進出,,,,,,,,,,,,,,
m1,2010,かまいたち,,準々決勝進出,,,,,,,,,,,,,,
m1,2010,ギャロップ,,準々決勝進出,,,,,,,,,,,,,,
m1,2010,シャイニングスターズ,,準々決勝進出,,,,,,,,,,,,,,
m1,2010,スーパーマラドーナ,,準々決勝進出,,,,,,,,,,,,,,
m1,2010,スマイル,,準々決勝進出,,,,,,,,,,,,,,
m1,2010,セルライトスパ,,準々決勝進出,,,,,,,,,,,,,,
m1,2010,ダブルアート,,準々決勝進出,,,,,,,,,,,,,,
m1,2010,天竺鼠,,準々決勝進出,,,,,,,,,,,,,,
m1,2010,天使と悪魔,,準々決勝進出,,,,,,,,,,,,,,
m1,2010,土佐駒,,準々決勝進出,,,,,,,,,,,,,,
m1,2010,ななまがり,,準々決勝進出,,,,,,,,,,,,,,
m1,2010,プラスマイナス,,準々決勝進出,,,,,,,,,,,,,,
m1,2010,ボルトボルズ,,準々決勝進出,,,,,,,,,,,,,,
m1,2010,ミサイルマン,,準々決勝進出,,,,,,,,,,,,,,
m1,2010,ミルクボーイ,,準々決勝進出,,,,,,,,,,,,,,
m1,2010,メトロクラフト,,準々決勝進出,,,,,,,,,,,,,,
m1,2010,ラフ次元,,準々決勝進出,,,,,,,,,,,,,,
m1,2010,和牛,,準々決勝進出,,,,,,,,,,,,,,
m1,2010,アームストロング,,準々決勝進出,,,,,,,,,,,,,,
m1,2010,あどばるーん,,準々決勝進出,,,,,,,,,,,,,,
m1,2010,井下好井,,準々決勝進出,,,,,,,,,,,,,,
m1,2010,エリートヤンキー,,準々決勝進出,,,,,,,,,,,,,,
m1,2010,LLR,,準々決勝進出,,,,,,,,,,,,,,
m1,2010,エレファントジョン,,準々決勝進出,,,,,,,,,,,,,,
m1,2010,えんにち,,準々決勝進出,,,,,,,,,,,,,,
m1,2010,ギンナナ,,準々決勝進出,,,,,,,,,,,,,,
m1,2010,グリーンランド,,準々決勝進出,,,,,,,,,,,,,,
m1,2010,三四郎,,準々決勝進出,,,,,,,,,,,,,,
m1,2010,ジャングルポケット,,準々決勝進出,,,,,,,,,,,,,,
m1,2010,ソラシド,,準々決勝進出,,,,,,,,,,,,,,
m1,2010,ダブルネーム,,準々決勝進出,,,,,,,,,,,,,,
m1,2010,デスペラード,,準々決勝進出,,,,,,,,,,,,,,
m1,2010,デニス,,準々決勝進出,,,,,,,,,,,,,,
m1,2010,天狗,,準々決勝進出,,,,,,,,,,,,,,
m1,2010,どぶろっく,,準々決勝進出,,,,,,,,,,,,,,
m1,2010,トレンディエンジェル,,準々決勝進出,,,,,,,,,,,,,,
m1,2010,とろサーモン,,準々決勝進出,,,,,,,,,,,,,,
m1,2010,トンファー,,準々決勝進出,,,,,,,,,,,,,,
m1,2010,バース,,準々決勝進出,,,,,,,,,,,,,,
m1,2010,ハイキングウォーキング,,準々決勝進出,,,,,,,,,,,,,,
m1,2010,初恋クロマニヨン,,準々決勝進出,,,,,,,,,,,,,,
m1,2010,風藤松原,,準々決勝進出,,,,,,,,,,,,,,
m1,2010,ブレーメン,,準々決勝進出,,,,,,,,,,,,,,
m1,2010,ブロードキャスト,,準々決勝進出,,,,,,,,,,,,,,
m1,2010,平成ノブシコブシ,,準々決勝進出,,,,,,,,,,,,,,
m1,2010,ボーイフレンド,,準々決勝進出,,,,,,,,,,,,,,
m1,2010,マキシマムパーパーサム,,準々決勝進出,,,,,,,,,,,,,,
m1,2010,マテンロウ,,準々決勝進出,,,,,,,,,,,,,,
m1,2010,三日月マンハッタン,,準々決勝進出,,,,,,,,,,,,,,
m1,2010,ロシアンモンキー,,準々決勝進出,,,,,,,,,,,,,,
m1,2009,パンクブーブー,,優勝,9年目の正直,,8,651点,,,2番,7票,,,,,,
m1,2009,笑い飯,,2位,孤高のWボケ,,5,668点,,,3番,0票,,,,,,
m1,2009,NON STYLE,,3位,（敗者復活組）,,9,641点,,,1番,0票,,,,,,
m1,2009,ナイツ,,4位,浅草の星,,1,634点,,,,,,,,,,
m1,2009,ハライチ,,5位,原市生まれM-1育ち,,6,628点,,,,,,,,,,
m1,2009,東京ダイナマイト,,6位,逆襲の異端児,,3,614点,,,,,,,,,,
m1,2009,モンスターエンジン,,7位,ネタの精密機械,,7,610点,,,,,,,,,,
m1,2009,南海キャンディーズ,,8位,漫才という名の赤い糸,,2,607点,,,,,,,,,,
m1,2009,ハリセンボン,,9位,恋する漫才師,,4,595点,,,,,,,,,,
m1,2009,アジアン,,準決勝進出,,,,,,,,,,,,,,
m1,2009,いけばな教室,,準決勝進出,,,,,,,,,,,,,,
m1,2009,ガスマスクガール,,準決勝進出,,,,,,,,,,,,,,
m1,2009,かまいたち,,準決勝進出,,,,,,,,,,,,,,
m1,2009,ギャロップ,,準決勝進出,,,,,,,,,,,,,,
m1,2009,銀シャリ,,準決勝進出,,,,,,,,,,,,,,
m1,2009,コマンダンテ,,準決勝進出,,,,,,,,,,,,,,
m1,2009,さらば青春の光,,準決勝進出,,,,,,,,,,,,,,
m1,2009,ジャルジャル,,準決勝進出,,,,,,,,,,,,,,
m1,2009,志ん茶,,準決勝進出,,,,,,,,,,,,,,
m1,2009,スーパーマラドーナ,,準決勝進出,,,,,,,,,,,,,,
m1,2009,スマイル,,準決勝進出,,,,,,,,,,,,,,
m1,2009,ソーセージ,,準決勝進出,,,,,,,,,,,,,,
m1,2009,ソラシド,,準決勝進出,,,,,,,,,,,,,,
m1,2009,ダイアン,,準決勝進出,,,,,,,,,,,,,,
m1,2009,千鳥,,準決勝進出,,,,,,,,,,,,,,
m1,2009,天竺鼠,,準決勝進出,,,,,,,,,,,,,,
m1,2009,とろサーモン,,準決勝進出,,,,,,,,,,,,,,
m1,2009,なりきんショージ,,準決勝進出,（敗者復活戦欠場）,,,,,,,,,,,,,
m1,2009,藤崎マーケット,,準決勝進出,,,,,,,,,,,,,,
m1,2009,プラスマイナス,,準決勝進出,,,,,,,,,,,,,,
m1,2009,プリマ旦那,,準決勝進出,,,,,,,,,,,,,,
m1,2009,ヘッドライト,,準決勝進出,,,,,,,,,,,,,,
m1,2009,ミサイルマン,,準決勝進出,,,,,,,,,,,,,,
m1,2009,見取り図,,準決勝進出,,,,,,,,,,,,,,
m1,2009,レモンティー,,準決勝進出,,,,,,,,,,,,,,
m1,2009,和牛,,準決勝進出,,,,,,,,,,,,,,
m1,2009,アームストロング,,準決勝進出,,,,,,,,,,,,,,
m1,2009,朝倉小松崎,,準決勝進出,,,,,,,,,,,,,,
m1,2009,囲碁将棋,,準決勝進出,,,,,,,,,,,,,,
m1,2009,井下好井,,準決勝進出,,,,,,,,,,,,,,
m1,2009,鬼ヶ島,,準決勝進出,,,,,,,,,,,,,,
m1,2009,オリエンタルラジオ,,準決勝進出,,,,,,,,,,,,,,
m1,2009,カナリア,,準決勝進出,,,,,,,,,,,,,,
m1,2009,キングコング,,準決勝進出,,,,,,,,,,,,,,
m1,2009,三拍子,,準決勝進出,,,,,,,,,,,,,,
m1,2009,磁石,,準決勝進出,,,,,,,,,,,,,,
m1,2009,ジャングルポケット,,準決勝進出,,,,,,,,,,,,,,
m1,2009,上々軍団,,準決勝進出,,,,,,,,,,,,,,
m1,2009,スリムクラブ,,準決勝進出,,,,,,,,,,,,,,
m1,2009,タイムマシーン3号,,準決勝進出,,,,,,,,,,,,,,
m1,2009,Wエンジン,,準決勝進出,,,,,,,,,,,,,,
m1,2009,ダブルネーム,,準決勝進出,,,,,,,,,,,,,,
m1,2009,チーモンチョーチュウ,,準決勝進出,,,,,,,,,,,,,,
m1,2009,チャド・マレーン,,準決勝進出,,,,,,,,,,,,,,
m1,2009,天狗,,準決勝進出,,,,,,,,,,,,,,
m1,2009,トレンディエンジェル,,準決勝進出,,,,,,,,,,,,,,
m1,2009,流れ星,,準決勝進出,,,,,,,,,,,,,,
m1,2009,ハイキングウォーキング,,準決勝進出,,,,,,,,,,,,,,
m1,2009,ハマカーン,,準決勝進出,,,,,,,,,,,,,,
m1,2009,風藤松原,,準決勝進出,,,,,,,,,,,,,,
m1,2009,POISON GIRL BAND,,準決勝進出,,,,,,,,,,,,,,
m1,2009,ポテト少年団,,準決勝進出,,,,,,,,,,,,,,
m1,2009,メメ,,準決勝進出,,,,,,,,,,,,,,
m1,2009,U字工事,,準決勝進出,,,,,,,,,,,,,,
m1,2009,ゆったり感,,準決勝進出,,,,,,,,,,,,,,
m1,2009,ラフ・コントロール,,準決勝進出,,,,,,,,,,,,,,
m1,2009,ロシアンモンキー,,準決勝進出,,,,,,,,,,,,,,
m1,2009,我が家,,準決勝進出,,,,,,,,,,,,,,
m1,2008,NON STYLE,,優勝,ストリート系漫才,,7,644点,,,2番,5票,,,,,,
m1,2008,オードリー,,2位,（敗者復活組）,,9,649点,,,3番,2票,,,,,,
m1,2008,ナイツ,,3位,浅草の星,,4,640点,,,1番,0票,,,,,,
m1,2008,笑い飯,,4位,孤高のWボケ,,2,637点,,,,,,,,,,
m1,2008,U字工事,,5位,I ♥ とちぎ,,5,623点,,,,,,,,,,
m1,2008,ダイアン,,6位,お笑い月見草,,1,619点,,,,,,,,,,
m1,2008,モンスターエンジン,,7位,変幻自在の高性能漫才,,3,614点,,,,,,,,,,
m1,2008,キングコング,,8位,逆襲のスーパールーキー,,8,612点,,,,,,,,,,
m1,2008,ザ・パンチ,,9位,ラストチャッチャチャーンス,,6,591点,,,,,,,,,,
m1,2008,アジアン,,準決勝進出,,,,,,,,,,,,,,
m1,2008,囲碁将棋,,準決勝進出,,,,,,,,,,,,,,
m1,2008,イシバシハザマ,,準決勝進出,,,,,,,,,,,,,,
m1,2008,エルシャラカーニ,,準決勝進出,,,,,,,,,,,,,,
m1,2008,オリエンタルラジオ,,準決勝進出,,,,,,,,,,,,,,
m1,2008,カナリア,,準決勝進出,,,,,,,,,,,,,,
m1,2008,鎌鼬,,準決勝進出,,,,,,,,,,,,,,
m1,2008,ギャロップ,,準決勝進出,,,,,,,,,,,,,,
m1,2008,麒麟,,準決勝進出,,,,,,,,,,,,,,
m1,2008,銀シャリ,,準決勝進出,,,,,,,,,,,,,,
m1,2008,クロンモロン,,準決勝進出,,,,,,,,,,,,,,
m1,2008,ケツカッチン,,準決勝進出,,,,,,,,,,,,,,
m1,2008,磁石,,準決勝進出,,,,,,,,,,,,,,
m1,2008,ジパング上陸作戦,,準決勝進出,,,,,,,,,,,,,,
m1,2008,ジャルジャル,,準決勝進出,,,,,,,,,,,,,,
m1,2008,スーパーマラドーナ,,準決勝進出,,,,,,,,,,,,,,
m1,2008,スピードワゴン,,準決勝進出,,,,,,,,,,,,,,
m1,2008,スペースゴリラ,,準決勝進出,,,,,,,,,,,,,,
m1,2008,スマイル,,準決勝進出,,,,,,,,,,,,,,
m1,2008,ソーセージ,,準決勝進出,,,,,,,,,,,,,,
m1,2008,ソラシド,,準決勝進出,,,,,,,,,,,,,,
m1,2008,タイムマシーン3号,,準決勝進出,,,,,,,,,,,,,,
m1,2008,Wエンジン,,準決勝進出,,,,,,,,,,,,,,
m1,2008,ダブルネーム,,準決勝進出,,,,,,,,,,,,,,
m1,2008,チーモンチョーチュウ,,準決勝進出,,,,,,,,,,,,,,
m1,2008,千鳥,,準決勝進出,,,,,,,,,,,,,,
m1,2008,天竺鼠,,準決勝進出,,,,,,,,,,,,,,
m1,2008,天津,,準決勝進出,,,,,,,,,,,,,,
m1,2008,東京ダイナマイト,,準決勝進出,,,,,,,,,,,,,,
m1,2008,とろサーモン,,準決勝進出,,,,,,,,,,,,,,
m1,2008,流れ星,,準決勝進出,,,,,,,,,,,,,,
m1,2008,南海キャンディーズ,,準決勝進出,,,,,,,,,,,,,,
m1,2008,ノンスモーキン,,準決勝進出,,,,,,,,,,,,,,
m1,2008,ハイキングウォーキング,,準決勝進出,,,,,,,,,,,,,,
m1,2008,パプア。,,準決勝進出,,,,,,,,,,,,,,
m1,2008,ハマカーン,,準決勝進出,,,,,,,,,,,,,,
m1,2008,ハライチ,,準決勝進出,,,,,,,,,,,,,,
m1,2008,ハリセンボン,,準決勝進出,,,,,,,,,,,,,,
m1,2008,パンクブーブー,,準決勝進出,,,,,,,,,,,,,,
m1,2008,ピース,,準決勝進出,,,,,,,,,,,,,,
m1,2008,髭男爵,,準決勝進出,,,,,,,,,,,,,,
m1,2008,響,,準決勝進出,,,,,,,,,,,,,,
m1,2008,風藤松原,,準決勝進出,,,,,,,,,,,,,,
m1,2008,ぷくぷく隊,,準決勝進出,,,,,,,,,,,,,,
m1,2008,藤崎マーケット,,準決勝進出,,,,,,,,,,,,,,
m1,2008,プラスマイナス,,準決勝進出,,,,,,,,,,,,,,
m1,2008,ブレーメン,,準決勝進出,,,,,,,,,,,,,,
m1,2008,ヘッドライト,,準決勝進出,,,,,,,,,,,,,,
m1,2008,ベリー・ベリー,,準決勝進出,,,,,,,,,,,,,,
m1,2008,POISON GIRL BAND,,準決勝進出,,,,,,,,,,,,,,
m1,2008,マシンガンズ,,準決勝進出,,,,,,,,,,,,,,
m1,2008,マヂカルラブリー,,準決勝進出,,,,,,,,,,,,,,
m1,2008,ミサイルマン,,準決勝進出,,,,,,,,,,,,,,
m1,2008,ものいい,,準決勝進出,,,,,,,,,,,,,,
m1,2008,ゆったり感,,準決勝進出,,,,,,,,,,,,,,
m1,2008,ラフ・コントロール,,準決勝進出,,,,,,,,,,,,,,
m1,2008,我が家,,準決勝進出,,,,,,,,,,,,,,
m1,2007,サンドウィッチマン,,優勝,（敗者復活組）,,9,651点,,,3番,4票,,,,,,
m1,2007,トータルテンボス,,2位,ハンパねぇラストチャンス,,5,646点,,,1番,2票,,,,,,
m1,2007,キングコング,,3位,帰ってきたスーパールーキー,,6,650点,,,2番,1票,,,,,,
m1,2007,ハリセンボン,,4位,（デブ+ヤセ）×ブサイク=爆笑,,7,608点,,,,,,,,,,
m1,2007,笑い飯,,5位,予測不能のWボケ,,1,604点,,,,,,,,,,
m1,2007,ザブングル,,6位,奇跡の顔面,,3,597点,,,,,,,,,,
m1,2007,ダイアン,,7位,お笑い月見草,,8,593点,,,,,,,,,,
m1,2007,千鳥,,8位,オレ流漫才,,4,580点,,,,,,,,,,
m1,2007,POISON GIRL BAND,,9位,屈辱からの脱出,,2,577点,,,,,,,,,,
m1,2007,アームストロング,,準決勝進出,,,,,,,,,,,,,,
m1,2007,アジアン,,準決勝進出,,,,,,,,,,,,,,
m1,2007,えんにち,,準決勝進出,,,,,,,,,,,,,,
m1,2007,オードリー,,準決勝進出,,,,,,,,,,,,,,
m1,2007,大脇里村ゼミナール,,準決勝進出,,,,,,,,,,,,,,
m1,2007,オリエンタルラジオ,,準決勝進出,,,,,,,,,,,,,,
m1,2007,勝山梶,,準決勝進出,,,,,,,,,,,,,,
m1,2007,カナリア,,準決勝進出,,,,,,,,,,,,,,
m1,2007,鎌鼬,,準決勝進出,,,,,,,,,,,,,,
m1,2007,ギャロップ,,準決勝進出,,,,,,,,,,,,,,
m1,2007,キャン×キャン,,準決勝進出,,,,,,,,,,,,,,
m1,2007,麒麟,,準決勝進出,,,,,,,,,,,,,,
m1,2007,高校デビュー,,準決勝進出,,,,,,,,,,,,,,
m1,2007,ザ☆健康ボーイズ,,準決勝進出,,,,,,,,,,,,,,
m1,2007,ザ・パンチ,,準決勝進出,,,,,,,,,,,,,,
m1,2007,ザ・プラン9,,準決勝進出,,,,,,,,,,,,,,
m1,2007,三拍子,,準決勝進出,,,,,,,,,,,,,,
m1,2007,GAG少年楽団,,準決勝進出,,,,,,,,,,,,,,
m1,2007,磁石,,準決勝進出,,,,,,,,,,,,,,
m1,2007,ジパング上陸作戦,,準決勝進出,,,,,,,,,,,,,,
m1,2007,ジャルジャル,,準決勝進出,,,,,,,,,,,,,,
m1,2007,志ん茶,,準決勝進出,,,,,,,,,,,,,,
m1,2007,span!,,準決勝進出,,,,,,,,,,,,,,
m1,2007,スピードワゴン,,準決勝進出,,,,,,,,,,,,,,
m1,2007,スマイル,,準決勝進出,,,,,,,,,,,,,,
m1,2007,ゼミナールキッチン,,準決勝進出,,,,,,,,,,,,,,
m1,2007,ソラシド,,準決勝進出,,,,,,,,,,,,,,
m1,2007,タイムマシーン3号,,準決勝進出,,,,,,,,,,,,,,
m1,2007,チーモンチョーチュウ,,準決勝進出,,,,,,,,,,,,,,
m1,2007,超新塾,,準決勝進出,,,,,,,,,,,,,,
m1,2007,天竺鼠,,準決勝進出,,,,,,,,,,,,,,
m1,2007,天津,,準決勝進出,,,,,,,,,,,,,,
m1,2007,東京ダイナマイト,,準決勝進出,,,,,,,,,,,,,,
m1,2007,とろサーモン,,準決勝進出,,,,,,,,,,,,,,
m1,2007,ナイツ,,準決勝進出,,,,,,,,,,,,,,
m1,2007,流れ星,,準決勝進出,,,,,,,,,,,,,,
m1,2007,なすなかにし,,準決勝進出,,,,,,,,,,,,,,
m1,2007,NON STYLE,,準決勝進出,,,,,,,,,,,,,,
m1,2007,ハイキングウォーキング,,準決勝進出,,,,,,,,,,,,,,
m1,2007,はだか電球,,準決勝進出,,,,,,,,,,,,,,
m1,2007,ハム,,準決勝進出,,,,,,,,,,,,,,
m1,2007,パンクブーブー,,準決勝進出,,,,,,,,,,,,,,
m1,2007,ピース,,準決勝進出,,,,,,,,,,,,,,
m1,2007,ヒカリゴケ,,準決勝進出,,,,,,,,,,,,,,
m1,2007,髭男爵,,準決勝進出,,,,,,,,,,,,,,
m1,2007,藤崎マーケット,,準決勝進出,,,,,,,,,,,,,,
m1,2007,プラスマイナス,,準決勝進出,,,,,,,,,,,,,,
m1,2007,ブレーメン,,準決勝進出,,,,,,,,,,,,,,
m1,2007,平成ノブシコブシ,,準決勝進出,,,,,,,,,,,,,,
m1,2007,ヘッドライト,,準決勝進出,,,,,,,,,,,,,,
m1,2007,BODY,,準決勝進出,,,,,,,,,,,,,,
m1,2007,まえだまえだ,,準決勝進出,,,,,,,,,,,,,,
m1,2007,マシンガンズ,,準決勝進出,,,,,,,,,,,,,,
m1,2007,モンスターエンジン,,準決勝進出,,,,,,,,,,,,,,
m1,2007,U字工事,,準決勝進出,,,,,,,,,,,,,,
m1,2007,ラフ・コントロール,,準決勝進出,,,,,,,,,,,,,,
m1,2007,我が家,,準決勝進出,,,,,,,,,,,,,,
m1,2007,座長座長,,準決勝進出,（敗者復活戦欠場）,,,,,,,,,,,,,
m1,2006,チュートリアル,,優勝,華麗なる妄想族,,6,664点,,,3番,7票,,,,,,
m1,2006,フットボールアワー,,2位,帰ってきた王者,,2,640点,,,2番,0票,,,,,,
m1,2006,麒麟,,3位,空腹のファンタジスタ,,4,627点,,,1番,0票,,,,,,
m1,2006,笑い飯,,4位,予測不能のWボケ,,8,626点,,,,,,,,,,
m1,2006,トータルテンボス,,5位,ハンパねぇ渋谷系漫才,,5,613点,,,,,,,,,,
m1,2006,ライセンス,,6位,（敗者復活組）,,9,609点,,,,,,,,,,
m1,2006,ザ・プラン9,,7位,5人の漫才革命児,,3,597点,,,,,,,,,,
m1,2006,変ホ長調,,8位,史上最強のアマチュア,,7,576点,,,,,,,,,,
m1,2006,POISON GIRL BAND,,9位,暴走する異次元漫才,,1,570点,,,,,,,,,,
m1,2006,アジアン,,準決勝進出,,,,,,,,,,,,,,
m1,2006,えんにち,,準決勝進出,,,,,,,,,,,,,,
m1,2006,カナリア,,準決勝進出,,,,,,,,,,,,,,
m1,2006,鎌鼬,,準決勝進出,,,,,,,,,,,,,,
m1,2006,カリカ,,準決勝進出,,,,,,,,,,,,,,
m1,2006,カルパチーノ,,準決勝進出,,,,,,,,,,,,,,
m1,2006,ギャロップ,,準決勝進出,,,,,,,,,,,,,,
m1,2006,キャン×キャン,,準決勝進出,,,,,,,,,,,,,,
m1,2006,銀シャリ,,準決勝進出,,,,,,,,,,,,,,
m1,2006,5番6番,,準決勝進出,（準決勝欠場）,,,,,,,,,,,,,
m1,2006,ザ・パンチ,,準決勝進出,,,,,,,,,,,,,,
m1,2006,ザブングル,,準決勝進出,,,,,,,,,,,,,,
m1,2006,サンドウィッチマン,,準決勝進出,,,,,,,,,,,,,,
m1,2006,三拍子,,準決勝進出,,,,,,,,,,,,,,
m1,2006,磁石,,準決勝進出,,,,,,,,,,,,,,
m1,2006,ジパング上陸作戦,,準決勝進出,,,,,,,,,,,,,,
m1,2006,ジャリズム,,準決勝進出,,,,,,,,,,,,,,
m1,2006,ジャルジャル,,準決勝進出,,,,,,,,,,,,,,
m1,2006,ストレートタイム,,準決勝進出,,,,,,,,,,,,,,
m1,2006,スマイル,,準決勝進出,,,,,,,,,,,,,,
m1,2006,ダイアン,,準決勝進出,,,,,,,,,,,,,,
m1,2006,タイムマシーン3号,,準決勝進出,,,,,,,,,,,,,,
m1,2006,チーモンチョーチュウ,,準決勝進出,,,,,,,,,,,,,,
m1,2006,千鳥,,準決勝進出,,,,,,,,,,,,,,
m1,2006,超新塾,,準決勝進出,,,,,,,,,,,,,,
m1,2006,デニッシュ,,準決勝進出,,,,,,,,,,,,,,
m1,2006,天竺鼠,,準決勝進出,,,,,,,,,,,,,,
m1,2006,天津,,準決勝進出,,,,,,,,,,,,,,
m1,2006,東京ダイナマイト,,準決勝進出,,,,,,,,,,,,,,
m1,2006,とろサーモン,,準決勝進出,,,,,,,,,,,,,,
m1,2006,流れ星,,準決勝進出,,,,,,,,,,,,,,
m1,2006,なすなかにし,,準決勝進出,,,,,,,,,,,,,,
m1,2006,難波横山,,準決勝進出,,,,,,,,,,,,,,
m1,2006,日刊ナンセンス,,準決勝進出,,,,,,,,,,,,,,
m1,2006,にのうらご,,準決勝進出,,,,,,,,,,,,,,
m1,2006,NON STYLE,,準決勝進出,,,,,,,,,,,,,,
m1,2006,バッドボーイズ,,準決勝進出,,,,,,,,,,,,,,
m1,2006,ハマカーン,,準決勝進出,,,,,,,,,,,,,,
m1,2006,パンクブーブー,,準決勝進出,,,,,,,,,,,,,,
m1,2006,髭男爵,,準決勝進出,,,,,,,,,,,,,,
m1,2006,ビッキーズ,,準決勝進出,,,,,,,,,,,,,,
m1,2006,藤崎マーケット,,準決勝進出,,,,,,,,,,,,,,
m1,2006,プラスマイナス,,準決勝進出,,,,,,,,,,,,,,
m1,2006,平成ノブシコブシ,,準決勝進出,,,,,,,,,,,,,,
m1,2006,ヘッドライト,,準決勝進出,,,,,,,,,,,,,,
m1,2006,BODY,,準決勝進出,,,,,,,,,,,,,,
m1,2006,ポテト少年団,,準決勝進出,,,,,,,,,,,,,,
m1,2006,ボルトボルズ,,準決勝進出,,,,,,,,,,,,,,
m1,2006,マラドーナ,,準決勝進出,,,,,,,,,,,,,,
m1,2006,U字工事,,準決勝進出,,,,,,,,,,,,,,
m1,2006,りあるキッズ,,準決勝進出,,,,,,,,,,,,,,
m1,2006,ルサンチマン,,準決勝進出,,,,,,,,,,,,,,
m1,2006,レアレア,,準決勝進出,,,,,,,,,,,,,,
m1,2006,ロザン,,準決勝進出,,,,,,,,,,,,,,
m1,2006,我が家,,準決勝進出,,,,,,,,,,,,,,
m1,2005,ブラックマヨネーズ,,優勝,モテない男たちの逆襲,,5,659点,,,3番,4票,,,,,,
m1,2005,笑い飯,,2位,予測不能のWボケ,,1,633点,,,2番,3票,,,,,,
m1,2005,麒麟,,3位,M-1チルドレン,,8,646点,,,1番,0票,,,,,,
m1,2005,品川庄司,,4位,不屈のお調子者,,6,626点,,,,,,,,,,
m1,2005,チュートリアル,,5位,暴走するイケメン漫才,,4,622点,,,,,,,,,,
m1,2005,千鳥,,6位,（敗者復活組）,,9,607点,,,,,,,,,,
m1,2005,タイムマシーン3号,,7位,アキバ系カリスマデブ,,7,571点,,,,,,,,,,
m1,2005,アジアン,,8位,肉と骨のハーモニー,,2,564点,,,,,,,,,,
m1,2005,南海キャンディーズ,,9位,相方以上恋人未満,,3,552点,,,,,,,,,,
m1,2005,アップダウン,,準決勝進出,,,,,,,,,,,,,,
m1,2005,庵,,準決勝進出,,,,,,,,,,,,,,
m1,2005,オジンオズボーン,,準決勝進出,,,,,,,,,,,,,,
m1,2005,カナリア,,準決勝進出,,,,,,,,,,,,,,
m1,2005,ガブ＆ぴーち,,準決勝進出,,,,,,,,,,,,,,
m1,2005,キャン×キャン,,準決勝進出,,,,,,,,,,,,,,
m1,2005,コア,,準決勝進出,,,,,,,,,,,,,,
m1,2005,号泣,,準決勝進出,,,,,,,,,,,,,,
m1,2005,5番6番,,準決勝進出,,,,,,,,,,,,,,
m1,2005,ザ・たっち,,準決勝進出,,,,,,,,,,,,,,
m1,2005,ザ・パンチ,,準決勝進出,,,,,,,,,,,,,,
m1,2005,ザブングル,,準決勝進出,,,,,,,,,,,,,,
m1,2005,さんだあず,,準決勝進出,,,,,,,,,,,,,,
m1,2005,サンドウィッチマン,,準決勝進出,,,,,,,,,,,,,,
m1,2005,三拍子,,準決勝進出,,,,,,,,,,,,,,
m1,2005,磁石,,準決勝進出,,,,,,,,,,,,,,
m1,2005,ジャリズム,,準決勝進出,,,,,,,,,,,,,,
m1,2005,チーモンチョーチュウ,,準決勝進出,,,,,,,,,,,,,,
m1,2005,東京ダイナマイト,,準決勝進出,,,,,,,,,,,,,,
m1,2005,トータルテンボス,,準決勝進出,,,,,,,,,,,,,,
m1,2005,飛石連休,,準決勝進出,,,,,,,,,,,,,,
m1,2005,流れ星,,準決勝進出,,,,,,,,,,,,,,
m1,2005,鼻エンジン,,準決勝進出,,,,,,,,,,,,,,
m1,2005,ハリガネロック,,準決勝進出,,,,,,,,,,,,,,
m1,2005,POISON GIRL BAND,,準決勝進出,,,,,,,,,,,,,,
m1,2005,U字工事,,準決勝進出,,,,,,,,,,,,,,
m1,2005,ライセンス,,準決勝進出,,,,,,,,,,,,,,
m1,2005,レム色,,準決勝進出,,,,,,,,,,,,,,
m1,2005,我が家,,準決勝進出,,,,,,,,,,,,,,
m1,2005,青空,,準決勝進出,,,,,,,,,,,,,,
m1,2005,イシバシハザマ,,準決勝進出,,,,,,,,,,,,,,
m1,2005,学天即,,準決勝進出,,,,,,,,,,,,,,
m1,2005,鎌鼬,,準決勝進出,,,,,,,,,,,,,,
m1,2005,ザ・プラン9,,準決勝進出,,,,,,,,,,,,,,
m1,2005,ジパング上陸作戦,,準決勝進出,,,,,,,,,,,,,,
m1,2005,スーパーZ,,準決勝進出,,,,,,,,,,,,,,
m1,2005,ストリーク,,準決勝進出,,,,,,,,,,,,,,
m1,2005,ゼミナールキッチン,,準決勝進出,,,,,,,,,,,,,,
m1,2005,ダイアン,,準決勝進出,,,,,,,,,,,,,,
m1,2005,天竺鼠,,準決勝進出,,,,,,,,,,,,,,
m1,2005,天津,,準決勝進出,,,,,,,,,,,,,,
m1,2005,とろサーモン,,準決勝進出,,,,,,,,,,,,,,
m1,2005,なすなかにし,,準決勝進出,,,,,,,,,,,,,,
m1,2005,にのうらご,,準決勝進出,,,,,,,,,,,,,,
m1,2005,NON STYLE,,準決勝進出,,,,,,,,,,,,,,
m1,2005,バルチック艦隊,,準決勝進出,,,,,,,,,,,,,,
m1,2005,ビッキーズ,,準決勝進出,,,,,,,,,,,,,,
m1,2005,ヘッドライト,,準決勝進出,,,,,,,,,,,,,,
m1,2005,ベリー・ベリー,,準決勝進出,,,,,,,,,,,,,,
m1,2005,変ホ長調,,準決勝進出,,,,,,,,,,,,,,
m1,2005,マラドーナ,,準決勝進出,,,,,,,,,,,,,,
m1,2005,安田大サーカス,,準決勝進出,,,,,,,,,,,,,,
m1,2005,ランディーズ,,準決勝進出,,,,,,,,,,,,,,
m1,2005,りあるキッズ,,準決勝進出,,,,,,,,,,,,,,
m1,2005,レギュラー,,準決勝進出,,,,,,,,,,,,,,
m1,2005,ロザン,,準決勝進出,,,,,,,,,,,,,,
m1,2005,オリエンタルラジオ,,準決勝進出,（敗者復活戦欠場）,,,,,,,,,,,,,
m1,2005,レイザーラモン,,準決勝進出,（敗者復活戦欠場）,,,,,,,,,,,,,
m1,2004,アンタッチャブル,,優勝,悲願の正面突破,,8,673点,,,1番,6票,,,,,,
m1,2004,南海キャンディーズ,,2位,初物尽くし,,5,639点,,,3番,1票,,,,,,
m1,2004,麒麟,,3位,（敗者復活組）,,9,634点,,,2番,0票,,,,,,
m1,2004,タカアンドトシ,,4位,直球勝負,,2,615点,,,,,,,,,,
m1,2004,笑い飯,,5位,予測不能,,7,615点,,,,,,,,,,
m1,2004,POISON GIRL BAND,,6位,支離滅裂のアーティスト,,6,603点,,,,,,,,,,
m1,2004,トータルテンボス,,7位,The渋谷系,,4,587点,,,,,,,,,,
m1,2004,東京ダイナマイト,,8位,”ビート”の遺伝子,,3,583点,,,,,,,,,,
m1,2004,千鳥,,9位,リベンジ,,1,582点,,,,,,,,,,
m1,2004,青空,,準決勝進出,,,,,,,,,,,,,,
m1,2004,アジアン,,準決勝進出,,,,,,,,,,,,,,
m1,2004,イー☆リャン,,準決勝進出,,,,,,,,,,,,,,
m1,2004,イシバシハザマ,,準決勝進出,,,,,,,,,,,,,,
m1,2004,エージェント,,準決勝進出,,,,,,,,,,,,,,
m1,2004,オオカミ少年,,準決勝進出,,,,,,,,,,,,,,
m1,2004,Over Drive,,準決勝進出,,,,,,,,,,,,,,
m1,2004,大脇里村ゼミナール,,準決勝進出,,,,,,,,,,,,,,
m1,2004,オリエンタルラジオ,,準決勝進出,,,,,,,,,,,,,,
m1,2004,カナリア,,準決勝進出,,,,,,,,,,,,,,
m1,2004,カリカ,,準決勝進出,,,,,,,,,,,,,,
m1,2004,キャン×キャン,,準決勝進出,,,,,,,,,,,,,,
m1,2004,クワバタオハラ,,準決勝進出,,,,,,,,,,,,,,
m1,2004,ザ・プラン9,,準決勝進出,,,,,,,,,,,,,,
m1,2004,さくらんぼブービー,,準決勝進出,,,,,,,,,,,,,,
m1,2004,サバンナ,,準決勝進出,,,,,,,,,,,,,,
m1,2004,ザブングル,,準決勝進出,,,,,,,,,,,,,,
m1,2004,磁石,,準決勝進出,,,,,,,,,,,,,,
m1,2004,品川庄司,,準決勝進出,,,,,,,,,,,,,,
m1,2004,ジパング上陸作戦,,準決勝進出,,,,,,,,,,,,,,
m1,2004,ジャリズム,,準決勝進出,,,,,,,,,,,,,,
m1,2004,シャンプーハット,,準決勝進出,,,,,,,,,,,,,,
m1,2004,18KIN,,準決勝進出,,,,,,,,,,,,,,
m1,2004,スーパーZ,,準決勝進出,,,,,,,,,,,,,,
m1,2004,ストリーク,,準決勝進出,,,,,,,,,,,,,,
m1,2004,スマイル,,準決勝進出,,,,,,,,,,,,,,
m1,2004,ダイアン,,準決勝進出,,,,,,,,,,,,,,
m1,2004,ダイノジ,,準決勝進出,,,,,,,,,,,,,,
m1,2004,タイムマシーン3号,,準決勝進出,,,,,,,,,,,,,,
m1,2004,チュートリアル,,準決勝進出,,,,,,,,,,,,,,
m1,2004,ツインズ,,準決勝進出,,,,,,,,,,,,,,
m1,2004,天津,,準決勝進出,,,,,,,,,,,,,,
m1,2004,$10,,準決勝進出,,,,,,,,,,,,,,
m1,2004,飛石連休,,準決勝進出,,,,,,,,,,,,,,
m1,2004,とろサーモン,,準決勝進出,,,,,,,,,,,,,,
m1,2004,なすなかにし,,準決勝進出,,,,,,,,,,,,,,
m1,2004,はだか電球,,準決勝進出,,,,,,,,,,,,,,
m1,2004,バッドボーイズ,,準決勝進出,,,,,,,,,,,,,,
m1,2004,ハリセンボン,,準決勝進出,,,,,,,,,,,,,,
m1,2004,パンクブーブー,,準決勝進出,,,,,,,,,,,,,,
m1,2004,ピース,,準決勝進出,,,,,,,,,,,,,,
m1,2004,ビッキーズ,,準決勝進出,,,,,,,,,,,,,,
m1,2004,プー＆ムー,,準決勝進出,,,,,,,,,,,,,,
m1,2004,ブラックマヨネーズ,,準決勝進出,,,,,,,,,,,,,,
m1,2004,マラドーナ,,準決勝進出,,,,,,,,,,,,,,
m1,2004,安田大サーカス,,準決勝進出,,,,,,,,,,,,,,
m1,2004,U字工事,,準決勝進出,,,,,,,,,,,,,,
m1,2004,りあるキッズ,,準決勝進出,,,,,,,,,,,,,,
m1,2004,ルート33,,準決勝進出,,,,,,,,,,,,,,
m1,2004,レアレア,,準決勝進出,,,,,,,,,,,,,,
m1,2004,レギュラー,,準決勝進出,（敗者復活戦欠場）,,,,,,,,,,,,,
m1,2004,レム色,,準決勝進出,,,,,,,,,,,,,,
m1,2004,ロザン,,準決勝進出,,,,,,,,,,,,,,
m1,2004,キングコング,,準決勝進出,（敗者復活戦欠場）,,,,,,,,,,,,,
m1,2004,スピードワゴン,,準決勝進出,（敗者復活戦欠場）,,,,,,,,,,,,,
m1,2004,ライセンス,,準決勝進出,（敗者復活戦欠場）,,,,,,,,,,,,,
m1,2004,ランディーズ,,準決勝進出,（敗者復活戦欠場）,,,,,,,,,,,,,
m1,2003,フットボールアワー,,優勝,悲願,,7,663点,,,3番,4票,,,,,,
m1,2003,笑い飯,,2位,∞\ninfinity,,4,656点,,,1番,3票,,,,,,
m1,2003,アンタッチャブル,,3位,（敗者復活組）,,9,616点,,,2番,0票,,,,,,
m1,2003,2丁拳銃,,4位,ラストチャンス,,5,608点,,,,,,,,,,
m1,2003,りあるキッズ,,5位,最年少,,8,601点,,,,,,,,,,
m1,2003,スピードワゴン,,6位,正門突破,,3,572点,,,,,,,,,,
m1,2003,アメリカザリガニ,,7位,3度目の正直,,6,564点,,,,,,,,,,
m1,2003,麒麟,,8位,返り咲き,,2,554点,,,,,,,,,,
m1,2003,千鳥,,9位,無印（ノーマーク）。,,1,552点,,,,,,,,,,
m1,2003,アップダウン,,準決勝進出,,,,,,,,,,,,,,
m1,2003,イー☆リャン,,準決勝進出,,,,,,,,,,,,,,
m1,2003,うがじん,,準決勝進出,,,,,,,,,,,,,,
m1,2003,オオカミ少年,,準決勝進出,,,,,,,,,,,,,,
m1,2003,おぎやはぎ,,準決勝進出,,,,,,,,,,,,,,
m1,2003,おしどり,,準決勝進出,,,,,,,,,,,,,,
m1,2003,オジンオズボーン,,準決勝進出,,,,,,,,,,,,,,
m1,2003,COWCOW,,準決勝進出,,,,,,,,,,,,,,
m1,2003,キャン×キャン,,準決勝進出,,,,,,,,,,,,,,
m1,2003,キングオブコメディ,,準決勝進出,,,,,,,,,,,,,,
m1,2003,キングコング,,準決勝進出,,,,,,,,,,,,,,
m1,2003,クワバタオハラ,,準決勝進出,,,,,,,,,,,,,,
m1,2003,号泣,,準決勝進出,,,,,,,,,,,,,,
m1,2003,サカイスト,,準決勝進出,,,,,,,,,,,,,,
m1,2003,サバンナ,,準決勝進出,,,,,,,,,,,,,,
m1,2003,ザ・プラン9,,準決勝進出,,,,,,,,,,,,,,
m1,2003,磁石,,準決勝進出,,,,,,,,,,,,,,
m1,2003,ジパング上陸作戦,,準決勝進出,,,,,,,,,,,,,,
m1,2003,18KIN,,準決勝進出,,,,,,,,,,,,,,
m1,2003,シンパシー,,準決勝進出,,,,,,,,,,,,,,
m1,2003,ストリーク,,準決勝進出,,,,,,,,,,,,,,
m1,2003,せんたくばさみ,,準決勝進出,,,,,,,,,,,,,,
m1,2003,ダイアン,,準決勝進出,,,,,,,,,,,,,,
m1,2003,ダイノジ,,準決勝進出,,,,,,,,,,,,,,
m1,2003,タイムマシーン3号,,準決勝進出,,,,,,,,,,,,,,
m1,2003,タカアンドトシ,,準決勝進出,,,,,,,,,,,,,,
m1,2003,チャイルドマシーン,,準決勝進出,,,,,,,,,,,,,,
m1,2003,チュートリアル,,準決勝進出,,,,,,,,,,,,,,
m1,2003,チョップリン,,準決勝進出,,,,,,,,,,,,,,
m1,2003,デカメロン,,準決勝進出,,,,,,,,,,,,,,
m1,2003,天津,,準決勝進出,,,,,,,,,,,,,,
m1,2003,$10,,準決勝進出,,,,,,,,,,,,,,
m1,2003,トータルテンボス,,準決勝進出,,,,,,,,,,,,,,
m1,2003,飛石連休,,準決勝進出,,,,,,,,,,,,,,
m1,2003,トライアングル,,準決勝進出,,,,,,,,,,,,,,
m1,2003,どりあんず,,準決勝進出,,,,,,,,,,,,,,
m1,2003,とろサーモン,,準決勝進出,,,,,,,,,,,,,,
m1,2003,流れ星,,準決勝進出,,,,,,,,,,,,,,
m1,2003,なすなかにし,,準決勝進出,,,,,,,,,,,,,,
m1,2003,南海キャンディーズ,,準決勝進出,,,,,,,,,,,,,,
m1,2003,ハリガネロック,,準決勝進出,,,,,,,,,,,,,,
m1,2003,パンクブーブー,,準決勝進出,,,,,,,,,,,,,,
m1,2003,ビッキーズ,,準決勝進出,,,,,,,,,,,,,,
m1,2003,プー＆ムー,,準決勝進出,,,,,,,,,,,,,,
m1,2003,ブラックマヨネーズ,,準決勝進出,,,,,,,,,,,,,,
m1,2003,ヘッドライト,,準決勝進出,,,,,,,,,,,,,,
m1,2003,POISON GIRL BAND,,準決勝進出,,,,,,,,,,,,,,
m1,2003,ミルククラウン,,準決勝進出,,,,,,,,,,,,,,
m1,2003,村本本田,,準決勝進出,,,,,,,,,,,,,,
m1,2003,安田大サーカス,,準決勝進出,,,,,,,,,,,,,,
m1,2003,U字工事,,準決勝進出,,,,,,,,,,,,,,
m1,2003,ユキコミキ,,準決勝進出,,,,,,,,,,,,,,
m1,2003,四次元ナイフ,,準決勝進出,,,,,,,,,,,,,,
m1,2003,ライセンス,,準決勝進出,,,,,,,,,,,,,,
m1,2003,ルート33,,準決勝進出,,,,,,,,,,,,,,
m1,2003,レイカーズ,,準決勝進出,,,,,,,,,,,,,,
m1,2003,レギュラー,,準決勝進出,,,,,,,,,,,,,,
m1,2003,インパルス,,準決勝進出,（敗者復活戦欠場）,,,,,,,,,,,,,
m1,2003,シャンプーハット,,準決勝進出,（敗者復活戦欠場）,,,,,,,,,,,,,
m1,2003,ランディーズ,,準決勝進出,（敗者復活戦欠場）,,,,,,,,,,,,,
m1,2003,ロザン,,準決勝進出,（敗者復活戦欠場）,,,,,,,,,,,,,
m1,2002,ますだおかだ,,優勝,,,2,612点,,,3番,5票,,,,,,
m1,2002,フットボールアワー,,2位,,,5,621点,,,1番,2票,,,,,,
m1,2002,笑い飯,,3位,,,6,567点,,,2番,0票,,,,,,
m1,2002,おぎやはぎ,,4位,,,7,561点,,,,,,,,,,
m1,2002,ハリガネロック,,5位,,,1,545点,,,,,,,,,,
m1,2002,テツandトモ,,6位,,,4,539点,,,,,,,,,,
m1,2002,スピードワゴン,,7位,,,9,535点,,,,,,,,,,
m1,2002,ダイノジ,,8位,,,3,534点,,,,,,,,,,
m1,2002,アメリカザリガニ,,9位,,,8,525点,,,,,,,,,,
m1,2002,麒麟,,準決勝進出,,,,,,,,,,,,,,
m1,2002,ブラザース,,準決勝進出,,,,,,,,,,,,,,
m1,2002,キングコング,,準決勝進出,,,,,,,,,,,,,,
m1,2002,ツインズ,,準決勝進出,,,,,,,,,,,,,,
m1,2002,NON STYLE,,準決勝進出,,,,,,,,,,,,,,
m1,2002,COWCOW,,準決勝進出,,,,,,,,,,,,,,
m1,2002,トータルテンボス,,準決勝進出,,,,,,,,,,,,,,
m1,2002,飛石連休,,準決勝進出,,,,,,,,,,,,,,
m1,2002,Bコース,,準決勝進出,,,,,,,,,,,,,,
m1,2002,タカアンドトシ,,準決勝進出,,,,,,,,,,,,,,
m1,2002,おはよう。,,準決勝進出,,,,,,,,,,,,,,
m1,2002,ルート33,,準決勝進出,,,,,,,,,,,,,,
m1,2002,レギュラー,,準決勝進出,,,,,,,,,,,,,,
m1,2002,インパルス,,準決勝進出,,,,,,,,,,,,,,
m1,2002,ビッキーズ,,準決勝進出,,,,,,,,,,,,,,
m1,2002,サカイスト,,準決勝進出,,,,,,,,,,,,,,
m1,2002,ライセンス,,準決勝進出,,,,,,,,,,,,,,
m1,2002,ヘッドライト,,準決勝進出,,,,,,,,,,,,,,
m1,2002,Over Drive,,準決勝進出,,,,,,,,,,,,,,
m1,2002,カリカ,,準決勝進出,,,,,,,,,,,,,,
m1,2002,線香花火,,準決勝進出,,,,,,,,,,,,,,
m1,2002,チャイルドマシーン,,準決勝進出,,,,,,,,,,,,,,
m1,2002,少年ギャング,,準決勝進出,,,,,,,,,,,,,,
m1,2002,りあるキッズ,,準決勝進出,,,,,,,,,,,,,,
m1,2002,三拍子,,準決勝進出,,,,,,,,,,,,,,
m1,2002,天津,,準決勝進出,,,,,,,,,,,,,,
m1,2002,アジアン,,準決勝進出,,,,,,,,,,,,,,
m1,2002,チュートリアル,,準決勝進出,,,,,,,,,,,,,,
m1,2002,ママレンジ,,準決勝進出,,,,,,,,,,,,,,
m1,2002,アップダウン,,準決勝進出,,,,,,,,,,,,,,
m1,2002,シュガーライフ,,準決勝進出,,,,,,,,,,,,,,
m1,2002,千鳥,,準決勝進出,,,,,,,,,,,,,,
m1,2002,せんたくばさみ,,準決勝進出,,,,,,,,,,,,,,
m1,2002,ババリア,,準決勝進出,,,,,,,,,,,,,,
m1,2002,ジパング上陸作戦,,準決勝進出,,,,,,,,,,,,,,
m1,2002,ダイアン,,準決勝進出,,,,,,,,,,,,,,
m1,2002,花鳥風月,,準決勝進出,,,,,,,,,,,,,,
m1,2002,品川庄司,,準決勝進出,,,,,,,,,,,,,,
m1,2002,18KIN,,準決勝進出,,,,,,,,,,,,,,
m1,2002,$10,,準決勝進出,,,,,,,,,,,,,,
m1,2002,キングオブコメディ,,準決勝進出,,,,,,,,,,,,,,
m1,2002,ブラックマヨネーズ,,準決勝進出,,,,,,,,,,,,,,
m1,2002,2丁拳銃,,準決勝進出,,,,,,,,,,,,,,
m1,2002,ストリーク,,準決勝進出,,,,,,,,,,,,,,
m1,2002,キャン×キャン,,準決勝進出,（敗者復活戦欠場）,,,,,,,,,,,,,
m1,2002,シャンプーハット,,準決勝進出,（敗者復活戦欠場）,,,,,,,,,,,,,
m1,2002,ランディーズ,,準決勝進出,（敗者復活戦欠場）,,,,,,,,,,,,,
m1,2002,ロザン,,準決勝進出,（敗者復活戦欠場）,,,,,,,,,,,,,
m1,2001,中川家,,優勝,笑いのDNA,,1,829点,,,1番,6票,,,,,,
m1,2001,ハリガネロック,,2位,武闘派,,10,809点,,,2番,1票,,,,,,
m1,2001,アメリカザリガニ,,3位,3オクターブの衝撃,,4,796点,,,,,,,,,,
m1,2001,ますだおかだ,,4位,実力主義,,8,770点,,,,,,,,,,
m1,2001,麒麟,,5位,無印（ノーマーク）,,7,741点,,,,,,,,,,
m1,2001,フットボールアワー,,6位,奇蹟の顔面,,2,726点,,,,,,,,,,
m1,2001,キングコング,,7位,驚異のルーキー,,6,707点,,,,,,,,,,
m1,2001,チュートリアル,,8位,お笑い陰陽師,,3,637点,,,,,,,,,,
m1,2001,DonDokoDon,,9位,無冠の帝王,,9,614点,,,,,,,,,,
m1,2001,おぎやはぎ,,10位,東京の星,,5,540点,,,,,,,,,,
m1,2001,飛石連休,,準決勝進出,,,,,,,,,,,,,,
m1,2001,カリカ,,準決勝進出,,,,,,,,,,,,,,
m1,2001,アップダウン,,準決勝進出,,,,,,,,,,,,,,
m1,2001,イザベルとベネ,,準決勝進出,,,,,,,,,,,,,,
m1,2001,アンタッチャブル,,準決勝進出,,,,,,,,,,,,,,
m1,2001,ダイノジ,,準決勝進出,,,,,,,,,,,,,,
m1,2001,COWCOW,,準決勝進出,,,,,,,,,,,,,,
m1,2001,号泣,,準決勝進出,,,,,,,,,,,,,,
m1,2001,タカアンドトシ,,準決勝進出,,,,,,,,,,,,,,
m1,2001,ペナルティ,,準決勝進出,,,,,,,,,,,,,,
m1,2001,2丁拳銃,,準決勝進出,,,,,,,,,,,,,,
m1,2001,ニブンノゴ！,,準決勝進出,,,,,,,,,,,,,,
m1,2001,レギュラー,,準決勝進出,,,,,,,,,,,,,,
m1,2001,りあるキッズ,,準決勝進出,,,,,,,,,,,,,,
m1,2001,石田・花子,,準決勝進出,,,,,,,,,,,,,,
m1,2001,青空,,準決勝進出,,,,,,,,,,,,,,
m1,2001,華丸マル・大吉,,準決勝進出,,,,,,,,,,,,,,
m1,2001,ロザン,,準決勝進出,,,,,,,,,,,,,,
m1,2001,ランディーズ,,準決勝進出,,,,,,,,,,,,,,
m1,2001,サバンナ,,準決勝進出,,,,,,,,,,,,,,
m1,2001,$10,,準決勝進出,,,,,,,,,,,,,,
m1,2001,ビッキーズ,,準決勝進出,,,,,,,,,,,,,,
m1,2001,シャンプーハット,,準決勝進出,,,,,,,,,,,,,,
m1,2001,ブラックマヨネーズ,,準決勝進出,,,,,,,,,,,,,,
m1,2001,ルート33,,準決勝進出,,,,,,,,,,,,,,
tm,2014,博多華丸・大吉,,優勝,,C,2,6票,,,3番,9票,,,,,,
tm,2014,トレンディエンジェル,,2位,,B,1,8票,,,2番,1票,,,,,,
tm,2014,アキナ,,3位,,A,3,5票,,,1番,0票,,,,,,
tm,2014,2丁拳銃,,決勝進出,,A,1,0票,,,,,,,,,,
tm,2014,エレファントジョン,,決勝進出,,A,2,4票,,,,,,,,,,
tm,2014,磁石,,決勝進出,,A,4,1票,,,,,,,,,,
tm,2014,馬鹿よ貴方は,,決勝進出,,B,2,0票,,,,,,,,,,
tm,2014,囲碁将棋,,決勝進出,,B,3,1票,,,,,,,,,,
tm,2014,学天即,,決勝進出,,B,4,1票,,,,,,,,,,
tm,2014,和牛,,決勝進出,,C,1,0票,,,,,,,,,,
tm,2014,ダイアン,,決勝進出,,C,3,0票,,,,,,,,,,
tm,2014,三拍子,,決勝進出,,C,4,4票,,,,,,,,,,
tm,2014,レイザーラモン,,認定漫才師,（ワイルドカード決定戦進出）,,,,,,,,,,,,,
tm,2014,コマンダンテ,,認定漫才師,（ワイルドカード決定戦進出）,,,,,,,,,,,,,
tm,2014,ムニムニヤエバ,,認定漫才師,（ワイルドカード決定戦進出）,,,,,,,,,,,,,
tm,2014,流れ星,,認定漫才師,（ワイルドカード決定戦進出）,,,,,,,,,,,,,
tm,2014,三四郎,,認定漫才師,（ワイルドカード決定戦進出）,,,,,,,,,,,,,
tm,2014,POISON GIRL BAND,,認定漫才師,（ワイルドカード決定戦進出）,,,,,,,,,,,,,
tm,2014,チーモンチョーチュウ,,認定漫才師,（ワイルドカード決定戦進出）,,,,,,,,,,,,,
tm,2014,三日月マンハッタン,,認定漫才師,（ワイルドカード決定戦進出）,,,,,,,,,,,,,
tm,2014,阿佐ヶ谷姉妹,,認定漫才師,,,,,,,,,,,,,,
tm,2014,ウエストランド,,認定漫才師,,,,,,,,,,,,,,
tm,2014,S×L,,認定漫才師,,,,,,,,,,,,,,
tm,2014,LLR,,認定漫才師,,,,,,,,,,,,,,
tm,2014,かまいたち,,認定漫才師,,,,,,,,,,,,,,
tm,2014,クロスバー直撃,,認定漫才師,,,,,,,,,,,,,,
tm,2014,サカイスト,,認定漫才師,,,,,,,,,,,,,,
tm,2014,ザ・ぼんち,,認定漫才師,,,,,,,,,,,,,,
tm,2014,さらば青春の光,,認定漫才師,,,,,,,,,,,,,,
tm,2014,霜降り明星,,認定漫才師,,,,,,,,,,,,,,
tm,2014,ジャングルポケット,,認定漫才師,,,,,,,,,,,,,,
tm,2014,笑撃戦隊,,認定漫才師,,,,,,,,,,,,,,
tm,2014,湘南デストラーデ,,認定漫才師,,,,,,,,,,,,,,
tm,2014,スピードワゴン,,認定漫才師,,,,,,,,,,,,,,
tm,2014,ダイノジ,,認定漫才師,,,,,,,,,,,,,,
tm,2014,田畑藤本,,認定漫才師,,,,,,,,,,,,,,
tm,2014,トータルテンボス,,認定漫才師,,,,,,,,,,,,,,
tm,2014,トップリード,,認定漫才師,,,,,,,,,,,,,,
tm,2014,なすなかにし,,認定漫才師,,,,,,,,,,,,,,
tm,2014,ニューヨーク,,認定漫才師,,,,,,,,,,,,,,
tm,2014,浜口浜村,,認定漫才師,,,,,,,,,,,,,,
tm,2014,ハライチ,,認定漫才師,,,,,,,,,,,,,,
tm,2014,藤崎マーケット,,認定漫才師,,,,,,,,,,,,,,
tm,2014,マシンガンズ,,認定漫才師,,,,,,,,,,,,,,
tm,2014,見取り図,,認定漫才師,,,,,,,,,,,,,,
tm,2014,モグライダー,,認定漫才師,,,,,,,,,,,,,,
tm,2014,ゆにばーす,,認定漫才師,,,,,,,,,,,,,,
tm,2014,吉田たち,,認定漫才師,,,,,,,,,,,,,,
tm,2014,ロシアンモンキー,,認定漫才師,,,,,,,,,,,,,,
tm,2014,ロングコートダディ,,認定漫才師,,,,,,,,,,,,,,
tm,2013,ウーマンラッシュアワー,,優勝,,B,4,6票,,,3番,5票,,,,,,
tm,2013,千鳥,,2位,,A,4,4票,,,2番,3票,,,,,,
tm,2013,NON STYLE,,3位,,C,2,4票,,,1番,2票,,,,,,
tm,2013,レイザーラモン,,決勝進出,,A,1,0票,,,,,,,,,,
tm,2013,チーモンチョーチュウ,,決勝進出,,A,2,3票,,,,,,,,,,
tm,2013,オジンオズボーン,,決勝進出,,A,3,3票,,,,,,,,,,
tm,2013,学天即,,決勝進出,,B,1,0票,,,,,,,,,,
tm,2013,風藤松原,,決勝進出,,B,2,3票,,,,,,,,,,
tm,2013,銀シャリ,,決勝進出,,B,3,1票,,,,,,,,,,
tm,2013,天竺鼠,,決勝進出,,C,1,0票,,,,,,,,,,
tm,2013,東京ダイナマイト,,決勝進出,,C,3,3票,,,,,,,,,,
tm,2013,流れ星,,決勝進出,,C,4,3票,,,,,,,,,,
tm,2013,ジャルジャル,,認定漫才師,（ワイルドカード決定戦進出）,,,,,,,,,,,,,
tm,2013,和牛,,認定漫才師,（ワイルドカード決定戦進出）,,,,,,,,,,,,,
tm,2013,テンダラー,,認定漫才師,（ワイルドカード決定戦進出）,,,,,,,,,,,,,
tm,2013,磁石,,認定漫才師,（ワイルドカード決定戦進出）,,,,,,,,,,,,,
tm,2013,どきどきキャンプ,,認定漫才師,（ワイルドカード決定戦進出）,,,,,,,,,,,,,
tm,2013,相席スタート,,認定漫才師,（ワイルドカード決定戦進出）,,,,,,,,,,,,,
tm,2013,スパナペンチ,,認定漫才師,（ワイルドカード決定戦進出）,,,,,,,,,,,,,
tm,2013,囲碁将棋,,認定漫才師,（ワイルドカード決定戦進出）,,,,,,,,,,,,,
tm,2013,アインシュタイン,,認定漫才師,,,,,,,,,,,,,,
tm,2013,アームストロング,,認定漫才師,,,,,,,,,,,,,,
tm,2013,アルコ＆ピース,,認定漫才師,,,,,,,,,,,,,,
tm,2013,インディアンス,,認定漫才師,,,,,,,,,,,,,,
tm,2013,ウエストランド,,認定漫才師,,,,,,,,,,,,,,
tm,2013,S×L,,認定漫才師,,,,,,,,,,,,,,
tm,2013,エルシャラカーニ,,認定漫才師,,,,,,,,,,,,,,
tm,2013,エレファントジョン,,認定漫才師,,,,,,,,,,,,,,
tm,2013,えんにち,,認定漫才師,,,,,,,,,,,,,,
tm,2013,カーニバル,,認定漫才師,,,,,,,,,,,,,,
tm,2013,かまいたち,,認定漫才師,,,,,,,,,,,,,,
tm,2013,キングコング,,認定漫才師,,,,,,,,,,,,,,
tm,2013,コマンダンテ,,認定漫才師,,,,,,,,,,,,,,
tm,2013,サカイスト,,認定漫才師,,,,,,,,,,,,,,
tm,2013,三四郎,,認定漫才師,,,,,,,,,,,,,,
tm,2013,三拍子,,認定漫才師,,,,,,,,,,,,,,
tm,2013,笑撃戦隊,,認定漫才師,,,,,,,,,,,,,,
tm,2013,スパローズ,,認定漫才師,,,,,,,,,,,,,,
tm,2013,超新塾,3,認定漫才師,,,,,,,,,,,,,,
tm,2013,タモンズ,,認定漫才師,,,,,,,,,,,,,,
tm,2013,トレンディエンジェル,,認定漫才師,,,,,,,,,,,,,,
tm,2013,トンファー,,認定漫才師,,,,,,,,,,,,,,
tm,2013,なすなかにし,,認定漫才師,,,,,,,,,,,,,,
tm,2013,2丁拳銃,,認定漫才師,,,,,,,,,,,,,,
tm,2013,Hi-Hi,,認定漫才師,,,,,,,,,,,,,,
tm,2013,ハライチ,,認定漫才師,,,,,,,,,,,,,,
tm,2013,ブルーセレブ,,認定漫才師,,,,,,,,,,,,,,
tm,2013,三日月マンハッタン,,認定漫才師,,,,,,,,,,,,,,
tm,2013,モンスターエンジン,,認定漫才師,,,,,,,,,,,,,,
tm,2013,ゆにばーす,,認定漫才師,,,,,,,,,,,,,,
tm,2012,ハマカーン,,優勝,,A,3,4票,,,1番,8票,,,,,,
tm,2012,千鳥,,2位,,B,4,6票,,,2番,1票,,,,,,
tm,2012,アルコ＆ピース,,2位,,C,2,9票,,,3番,1票,,,,,,
tm,2012,テンダラー,,決勝進出,,A,1,1票,,,,,,,,,,
tm,2012,ウーマンラッシュアワー,,決勝進出,,A,2,3票,,,,,,,,,,
tm,2012,オジンオズボーン,,決勝進出,,A,4,2票,,,,,,,,,,
tm,2012,トレンディエンジェル,,決勝進出,,B,1,0票,,,,,,,,,,
tm,2012,NON STYLE,,決勝進出,,B,2,4票,,,,,,,,,,
tm,2012,磁石,,決勝進出,,B,3,0票,,,,,,,,,,
tm,2012,スーパーマラドーナ,,決勝進出,,C,1,0票,,,,,,,,,,
tm,2012,笑い飯,,決勝進出,,C,3,1票,,,,,,,,,,
tm,2012,エルシャラカーニ,,決勝進出,,C,4,0票,,,,,,,,,,
tm,2012,チーモンチョーチュウ,,認定漫才師,（ワイルドカード決定戦進出）,,,,,,,,,,,,,
tm,2012,囲碁将棋,,認定漫才師,（ワイルドカード決定戦進出）,,,,,,,,,,,,,
tm,2012,エレファントジョン,,認定漫才師,（ワイルドカード決定戦進出）,,,,,,,,,,,,,
tm,2012,ウエストランド,,認定漫才師,（ワイルドカード決定戦進出）,,,,,,,,,,,,,
tm,2012,スパローズ,,認定漫才師,（ワイルドカード決定戦進出）,,,,,,,,,,,,,
tm,2012,Hi-Hi,,認定漫才師,（ワイルドカード決定戦進出）,,,,,,,,,,,,,
tm,2012,中川家,,認定漫才師,（ワイルドカード決定戦進出）,,,,,,,,,,,,,
tm,2012,ロザン,,認定漫才師,（ワイルドカード決定戦進出）,,,,,,,,,,,,,
tm,2012,アインシュタイン,,認定漫才師,,,,,,,,,,,,,,
tm,2012,赤い自転車,,認定漫才師,,,,,,,,,,,,,,
tm,2012,S×L,,認定漫才師,,,,,,,,,,,,,,
tm,2012,COWCOW,,認定漫才師,,,,,,,,,,,,,,
tm,2012,学天即,,認定漫才師,,,,,,,,,,,,,,
tm,2012,勝又,,認定漫才師,,,,,,,,,,,,,,
tm,2012,さらば青春の光,,認定漫才師,,,,,,,,,,,,,,
tm,2012,三拍子,,認定漫才師,,,,,,,,,,,,,,
tm,2012,シャイニングスターズ,,認定漫才師,,,,,,,,,,,,,,
tm,2012,ジャルジャル,,認定漫才師,,,,,,,,,,,,,,
tm,2012,ジャングルポケット,,認定漫才師,,,,,,,,,,,,,,
tm,2012,新宿カウボーイ,,認定漫才師,,,,,,,,,,,,,,
tm,2012,スリムクラブ,,認定漫才師,,,,,,,,,,,,,,
tm,2012,ダイノジ,,認定漫才師,,,,,,,,,,,,,,
tm,2012,タイムマシーン3号,,認定漫才師,,,,,,,,,,,,,,
tm,2012,タモンズ,,認定漫才師,,,,,,,,,,,,,,
tm,2012,天竺鼠,,認定漫才師,,,,,,,,,,,,,,
tm,2012,Dr.ハインリッヒ,,認定漫才師,,,,,,,,,,,,,,
tm,2012,流れ星,,認定漫才師,,,,,,,,,,,,,,
tm,2012,2丁拳銃,,認定漫才師,,,,,,,,,,,,,,
tm,2012,ニッチェ,,認定漫才師,,,,,,,,,,,,,,
tm,2012,パープーズ,,認定漫才師,,,,,,,,,,,,,,
tm,2012,風藤松原,,認定漫才師,,,,,,,,,,,,,,
tm,2012,ボーイフレンド,,認定漫才師,,,,,,,,,,,,,,
tm,2012,マヂカルラブリー,,認定漫才師,,,,,,,,,,,,,,
tm,2012,マシンガンズ,,認定漫才師,,,,,,,,,,,,,,
tm,2012,モンスターエンジン,,認定漫才師,,,,,,,,,,,,,,
tm,2012,ライセンス,,認定漫才師,,,,,,,,,,,,,,
tm,2012,レイザーラモン,,認定漫才師,,,,,,,,,,,,,,
tm,2012,和牛,,認定漫才師,,,,,,,,,,,,,,
tm,2011,パンクブーブー,,優勝,,C,4,9票,,,3番,5票,,,,,,
tm,2011,ナイツ,,2位,,A,3,8票,,,2番,3票,,,,,,
tm,2011,千鳥,,3位,,D,2,8票,,,4番,2票,,,,,,
tm,2011,Hi-Hi,,4位,,B,1,3票,,,1番,0票,,,,,,
tm,2011,囲碁将棋,,決勝進出,,A,1,0票,,,,,,,,,,
tm,2011,チキチキジョニー,,決勝進出,,A,2,0票,,,,,,,,,,
tm,2011,磁石,,決勝進出,,A,4,2票,,,,,,,,,,
tm,2011,テンダラー,,決勝進出,,B,2,3票,,,,,,,,,,
tm,2011,スリムクラブ,,決勝進出,,B,3,3票,,,,,,,,,,
tm,2011,ハマカーン,,決勝進出,,B,4,1票,,,,,,,,,,
tm,2011,学天即,,決勝進出,,C,1,0票,,,,,,,,,,
tm,2011,博多華丸・大吉,,決勝進出,,C,2,1票,,,,,,,,,,
tm,2011,アルコ＆ピース,,決勝進出,,C,3,0票,,,,,,,,,,
tm,2011,エルシャラカーニ,,決勝進出,,D,1,0票,,,,,,,,,,
tm,2011,ウーマンラッシュアワー,,決勝進出,,D,3,2票,,,,,,,,,,
tm,2011,銀シャリ,,決勝進出,,D,4,0票,,,,,,,,,,
tm,2011,スーパーマラドーナ,,認定漫才師,（ワイルドカード決定戦進出）,,,,,,,,,,,,,
tm,2011,マヂカルラブリー,,認定漫才師,（ワイルドカード決定戦進出）,,,,,,,,,,,,,
tm,2011,南海キャンディーズ,,認定漫才師,（ワイルドカード決定戦進出）,,,,,,,,,,,,,
tm,2011,2700,,認定漫才師,（ワイルドカード決定戦進出）,,,,,,,,,,,,,
tm,2011,スパローズ,,認定漫才師,（ワイルドカード決定戦進出）,,,,,,,,,,,,,
tm,2011,さらば青春の光,,認定漫才師,（ワイルドカード決定戦進出）,,,,,,,,,,,,,
tm,2011,東京ダイナマイト,,認定漫才師,（ワイルドカード決定戦進出）,,,,,,,,,,,,,
tm,2011,トレンディエンジェル,,認定漫才師,（ワイルドカード決定戦進出）,,,,,,,,,,,,,
tm,2011,夕凪ロマネコンティ,,認定漫才師,（ワイルドカード決定戦進出）,,,,,,,,,,,,,
tm,2011,アメリカザリガニ,,認定漫才師,,,,,,,,,,,,,,
tm,2011,キングコング,,認定漫才師,,,,,,,,,,,,,,
tm,2011,グランジ,,認定漫才師,,,,,,,,,,,,,,
tm,2011,ザ・パンチ,,認定漫才師,,,,,,,,,,,,,,
tm,2011,ジャルジャル,,認定漫才師,,,,,,,,,,,,,,
tm,2011,シャンプーハット,,認定漫才師,,,,,,,,,,,,,,
tm,2011,ダイノジ,,認定漫才師,,,,,,,,,,,,,,
tm,2011,トータルテンボス,,認定漫才師,,,,,,,,,,,,,,
tm,2011,土佐駒,,認定漫才師,,,,,,,,,,,,,,
tm,2011,ドレッドノート,,認定漫才師,,,,,,,,,,,,,,
tm,2011,流れ星,,認定漫才師,,,,,,,,,,,,,,
tm,2011,ニレンジャー,,認定漫才師,,,,,,,,,,,,,,
tm,2011,バッドボーイズ,,認定漫才師,,,,,,,,,,,,,,
tm,2011,ハライチ,,認定漫才師,,,,,,,,,,,,,,
tm,2011,はりけ〜んず,,認定漫才師,,,,,,,,,,,,,,
tm,2011,ビタミンS,,認定漫才師,,,,,,,,,,,,,,
tm,2011,風藤松原,,認定漫才師,,,,,,,,,,,,,,
tm,2011,プリマ旦那,,認定漫才師,,,,,,,,,,,,,,
tm,2011,平成ノブシコブシ,,認定漫才師,,,,,,,,,,,,,,
tm,2011,POISON GIRL BAND,,認定漫才師,,,,,,,,,,,,,,
tm,2011,ぽ〜くちょっぷ,,認定漫才師,,,,,,,,,,,,,,
tm,2011,メッセンジャー,,認定漫才師,,,,,,,,,,,,,,
tm,2011,U字工事,,認定漫才師,,,,,,,,,,,,,,
tm,2011,吉田たち,,認定漫才師,,,,,,,,,,,,,,
tm,2011,我が家,,認定漫才師,,,,,,,,,,,,,,
koc,2025,青色1号,,4位,,,4,458点,石井さん,https://www.youtube.com/watch?v=QDaQ06A0xok,,,,,,,,
koc,2025,うるとらブギーズ,,8位,,,7,448点,俺のレール,https://www.youtube.com/watch?v=57fO2_h0b04,,,,,,,,
koc,2025,元祖いちごちゃん,,9位,,,6,447点,試飲販売,https://www.youtube.com/watch?v=jNQIXPf3wis,,,,,,,,
koc,2025,しずる,,5位,,,8,457点,過激な情報,,,,,,,,,
koc,2025,トム・ブラウン,,7位,,,9,451点,エリザベスカラー,,,,,,,,,
koc,2025,ファイヤーサンダー,,5位,,,3,457点,復帰,https://www.youtube.com/watch?v=V8M2PzpqOeQ,,,,,,,,
koc,2025,ベルナルド,,10位,,,10,445点,カメラマン,https://www.youtube.com/watch?v=Ur8JveT0Bog,,,,,,,,
koc,2025,や団,,2位,,,2,473点,餃子,https://www.youtube.com/watch?v=Pkm_u_mbQKg,2番,464点,小料理屋,https://www.youtube.com/watch?v=F3wJrjMbANs,,,,
koc,2025,レインボー,,3位,,,5,464点,女芸人,https://www.youtube.com/watch?v=sTXch0GsoGA,1番,454点,タクシー代多めにもらおうとする女を成敗しようとする男,https://www.youtube.com/watch?v=pE0sL1kmg6s,,,,
koc,2025,ロングコートダディ,,優勝,,,1,474点,モグドン,,3番,471点,警察泣いてる,,,,,
koc,2025,相性はいいよね,,準決勝進出,,,,,,,,,,,,,,
koc,2025,イノシカチョウ,,準決勝進出,,,,,,,,,,,,,,
koc,2025,えびしゃ,,準決勝進出,,,,,,,,,,,,,,
koc,2025,おおぞらモード,,準決勝進出,,,,,,,,,,,,,,
koc,2025,オニイチャン,,準決勝進出,,,,,,,,,,,,,,
koc,2025,蛙亭,,準決勝進出,,,,,,,,,,,,,,
koc,2025,かが屋,,準決勝進出,,,,,,,,,,,,,,
koc,2025,喫茶ムーン,,準決勝進出,,,,,,,,,,,,,,
koc,2025,ぎょねこ,,準決勝進出,,,,,,,,,,,,,,
koc,2025,コットン,,準決勝進出,,,,,,,,,,,,,,
koc,2025,ザ・プラン9,1,準決勝進出,,,,,,,,,,,,,,
koc,2025,ザ・マミィ,,準決勝進出,,,,,,,,,,,,,,
koc,2025,さんぽ,,準決勝進出,,,,,,,,,,,,,,
koc,2025,シティホテル3号室,,準決勝進出,,,,,,,,,,,,,,
koc,2025,ジェラードン,1,準決勝進出,（準決勝欠場）,,,,,,,,,,,,,
koc,2025,スクールゾーン,,準決勝進出,（繰り上げ合格）,,,,,,,,,,,,,
koc,2025,セルライトスパ,,準決勝進出,,,,,,,,,,,,,,
koc,2025,そいつどいつ,,準決勝進出,,,,,,,,,,,,,,
koc,2025,ダブルアート,,準決勝進出,,,,,,,,,,,,,,
koc,2025,男性ブランコ,,準決勝進出,,,,,,,,,,,,,,
koc,2025,トゥリオ,,準決勝進出,,,,,,,,,,,,,,
koc,2025,ななまがり,,準決勝進出,,,,,,,,,,,,,,
koc,2025,破壊ありがとう,,準決勝進出,,,,,,,,,,,,,,
koc,2025,マイスイートメモリーズ,,準決勝進出,,,,,,,,,,,,,,
koc,2025,モンスターエンジン,,準決勝進出,,,,,,,,,,,,,,
koc,2025,リバーマン,,準決勝進出,,,,,,,,,,,,,,
koc,2024,ラブレターズ,,優勝,狂気と哀愁のコントブルース,,10,475点,光,https://www.youtube.com/watch?v=tzX95hees_Y,1番,472点,YOUは何しに海岸へ？,,,,,
koc,2024,ロングコートダディ,,2位,無冠のコントジーニアス,,1,475点,花屋,,2番,471点,岩壁に封印されしウィザード,,,,,
koc,2024,ファイヤーサンダー,,3位,予測不能のコント策士,,7,476点,毒舌散歩,https://www.youtube.com/watch?v=uiYZr9lQkAQ,3番,469点,野球部と不良,https://www.youtube.com/watch?v=dsFGlioG6q4,,,,
koc,2024,や団,,4位,狂い咲きコントドランカー,,4,474点,休憩時間,https://www.youtube.com/watch?v=rt8o2_qeeVE,,,,,,,,
koc,2024,シティホテル3号室,,5位,クセあり空間支配人,,3,471点,テレビショッピング,https://www.youtube.com/watch?v=5E_eoRxyTqg,,,,,,,,
koc,2024,ダンビラムーチョ,,6位,自由形エンターテイナー,,2,469点,冨安四発太鼓保存会,,,,,,,,,
koc,2024,ニッポンの社長,,7位,おかげさまで5周年,,6,468点,新入部員,https://www.youtube.com/watch?v=DRSohye5QD8,,,,,,,,
koc,2024,cacao,,7位,荒唐無稽のトリプルプレー,,8,468点,部屋練,https://www.youtube.com/watch?v=OsqZA4VPS88,,,,,,,,
koc,2024,コットン,,9位,ポップスターの逆襲,,5,461点,おままごと,https://www.youtube.com/watch?v=v4U6jjIk1U4,,,,,,,,
koc,2024,隣人,,10位,進化した奇想天外ワールド,,9,458点,チンパンジーとおじいさん,https://www.youtube.com/watch?v=yjegkrvJnt4,,,,,,,,
koc,2024,相性はいいよね,,準決勝進出,,,,,,,,,,,,,,
koc,2024,いぬ,,準決勝進出,,,,,,,,,,,,,,
koc,2024,インポッシブル,,準決勝進出,,,,,,,,,,,,,,
koc,2024,うるとらブギーズ,,準決勝進出,,,,,,,,,,,,,,
koc,2024,おおぞらモード,,準決勝進出,,,,,,,,,,,,,,
koc,2024,蛙亭,,準決勝進出,,,,,,,,,,,,,,
koc,2024,カベポスター,,準決勝進出,,,,,,,,,,,,,,
koc,2024,気になるあの娘,,準決勝進出,,,,,,,,,,,,,,
koc,2024,金の国,,準決勝進出,,,,,,,,,,,,,,
koc,2024,サスペンダーズ,,準決勝進出,,,,,,,,,,,,,,
koc,2024,さすらいラビー,,準決勝進出,,,,,,,,,,,,,,
koc,2024,ザ・プラン9,1,準決勝進出,,,,,,,,,,,,,,
koc,2024,ザ・マミィ,,準決勝進出,,,,,,,,,,,,,,
koc,2024,Gパンパンダ,,準決勝進出,,,,,,,,,,,,,,
koc,2024,しずる,,準決勝進出,,,,,,,,,,,,,,
koc,2024,スクラップス,,準決勝進出,,,,,,,,,,,,,,
koc,2024,セルライトスパ,,準決勝進出,,,,,,,,,,,,,,
koc,2024,ダウ90000,,準決勝進出,,,,,,,,,,,,,,
koc,2024,TCクラクション,,準決勝進出,,,,,,,,,,,,,,
koc,2024,トゥリオ,,準決勝進出,,,,,,,,,,,,,,
koc,2024,ななまがり,,準決勝進出,,,,,,,,,,,,,,
koc,2024,春とヒコーキ,,準決勝進出,,,,,,,,,,,,,,
koc,2024,ブラゴーリ,,準決勝進出,,,,,,,,,,,,,,
koc,2024,マイスイートメモリーズ,,準決勝進出,,,,,,,,,,,,,,
koc,2024,やさしいズ,,準決勝進出,,,,,,,,,,,,,,
koc,2023,サルゴリラ,,優勝,40年共に歩んだけもの道,,9,482点,RULE,https://www.youtube.com/watch?v=5nXYkinwXFc,3番,482点,青春,https://www.youtube.com/watch?v=Bs0uoKvXkBs,,,,
koc,2023,カゲヤマ,,2位,一撃必殺のダーティープレイヤー,,1,469点,料亭,https://www.youtube.com/watch?v=EVfNqV28d_U,2番,476点,DNA鑑定,,,,,
koc,2023,ニッポンの社長,,3位,ザ・マッドコントファクトリー,,2,468点,空港へ行け,https://www.youtube.com/watch?v=x3lg7wAye94,1番,466点,手術,https://www.youtube.com/watch?v=Irrs_mNhxN0,,,,
koc,2023,ファイヤーサンダー,,4位,情熱とひらめきの化学反応,,8,466点,日本代表メンバー発表,https://www.youtube.com/watch?v=6LSsGpgEUj0,,,,,,,,
koc,2023,や団,,5位,リベンジに燃える劇場キング!,,3,465点,演劇の稽古,https://www.youtube.com/watch?v=H0OLr7wg5qg,,,,,,,,
koc,2023,ジグザグジギー,,6位,制御不能のコントジェントル,,5,464点,新市長,https://www.youtube.com/watch?v=UNSo6VnZLBo,,,,,,,,
koc,2023,ラブレターズ,,6位,帰って来た演技派コントボーイズ,,10,464点,義母と隣人の間に,https://www.youtube.com/watch?v=xjsI4sXX9CA,,,,,,,,
koc,2023,蛙亭,,8位,哀愁のコミカルホラー,,4,463点,寿司ボーイ,https://www.youtube.com/watch?v=2JTU9sXVnCY,,,,,,,,
koc,2023,隣人,,9位,西の奇想天外プレイヤー,,7,460点,チンパンジー落語,https://www.youtube.com/watch?v=PSE5l8rUuVg,,,,,,,,
koc,2023,ゼンモンキー,,10位,トリオコントNEWジェネレーション,,6,456点,縁結び神社,https://www.youtube.com/watch?v=2BPzCmP4BtA,,,,,,,,
koc,2023,えびしゃ,,準決勝進出,,,,,,,,,,,,,,
koc,2023,かが屋,,準決勝進出,,,,,,,,,,,,,,
koc,2023,かたつむり,,準決勝進出,,,,,,,,,,,,,,
koc,2023,クロコップ,,準決勝進出,,,,,,,,,,,,,,
koc,2023,コットン,,準決勝進出,,,,,,,,,,,,,,
koc,2023,ザ・ギース,,準決勝進出,,,,,,,,,,,,,,
koc,2023,サスペンダーズ,,準決勝進出,,,,,,,,,,,,,,
koc,2023,さすらいラビー,,準決勝進出,,,,,,,,,,,,,,
koc,2023,ザ・マミィ,,準決勝進出,,,,,,,,,,,,,,
koc,2023,シカゴ実業,,準決勝進出,,,,,,,,,,,,,,
koc,2023,シティホテル3号室,,準決勝進出,,,,,,,,,,,,,,
koc,2023,ジャングルポケット,,準決勝進出,,,,,,,,,,,,,,
koc,2023,そいつどいつ,,準決勝進出,,,,,,,,,,,,,,
koc,2023,ダウ90000,,準決勝進出,,,,,,,,,,,,,,
koc,2023,滝音,,準決勝進出,,,,,,,,,,,,,,
koc,2023,男性ブランコ,,準決勝進出,,,,,,,,,,,,,,
koc,2023,TCクラクション,,準決勝進出,,,,,,,,,,,,,,
koc,2023,天才ピアニスト,,準決勝進出,,,,,,,,,,,,,,
koc,2023,伝書鳩,,準決勝進出,,,,,,,,,,,,,,
koc,2023,都トム,,準決勝進出,,,,,,,,,,,,,,
koc,2023,ななまがり,,準決勝進出,,,,,,,,,,,,,,
koc,2023,やさしいズ,,準決勝進出,,,,,,,,,,,,,,
koc,2023,レインボー,,準決勝進出,,,,,,,,,,,,,,
koc,2023,連合稽古,,準決勝進出,,,,,,,,,,,,,,
koc,2023,ロングコートダディ,,準決勝進出,（準決勝欠場）,,,,,,,,,,,,,
koc,2022,ビスケットブラザーズ,,優勝,濃厚特盛ファンタジア,,8,481点,野犬,https://www.youtube.com/watch?v=spXE73M_sRI,3番,482点,ぴったり,https://www.youtube.com/watch?v=Ch08uGXIsIQ,,,,
koc,2022,コットン,,2位,怪演ドラマチックシアター,,7,470点,証拠,https://www.youtube.com/watch?v=FJnwElFIu3w,2番,474点,お見合い,,,,,
koc,2022,や団,,3位,不屈の弾丸コント15度目の正直,,6,470点,バーベキュー,https://www.youtube.com/watch?v=QinRx_j2hBc,1番,473点,雨,https://www.youtube.com/watch?v=1QOihxMpk6g,,,,
koc,2022,ネルソンズ,,4位,嘆きのトライアングル,,2,466点,結婚式,https://www.youtube.com/watch?v=hsCaHDsrV2Y,,,,,,,,
koc,2022,かが屋,,5位,コント・ドリーム・ビリーバー,,3,463点,S,https://www.youtube.com/watch?v=dyNdzlrsaV4,,,,,,,,
koc,2022,最高の人間,,6位,コントで結んだ悪魔の契約,,10,462点,テーマパーク,,,,,,,,,
koc,2022,ロングコートダディ,,7位,天下御免の小競り合い,,5,461点,料理頂上決戦,https://www.youtube.com/watch?v=tG-1iLtBvTA,,,,,,,,
koc,2022,クロコップ,,8位,異才のバカゲークリエイター,,1,460点,ホイリスト,https://www.youtube.com/watch?v=OBrD-1PVPWA,,,,,,,,
koc,2022,いぬ,,9位,バカ犬どものじゃれ合いショー,,4,459点,夢の中で,https://www.youtube.com/watch?v=BuUSisD2jTU,,,,,,,,
koc,2022,ニッポンの社長,,10位,THEマッドコントファクトリー,,9,455点,人類再生計画,https://www.youtube.com/watch?v=LBYPI8Req_M,,,,,,,,
koc,2022,相席スタート,,準決勝進出,,,,,,,,,,,,,,
koc,2022,青色1号,,準決勝進出,,,,,,,,,,,,,,
koc,2022,イノシカチョウ,,準決勝進出,,,,,,,,,,,,,,
koc,2022,うるとらブギーズ,,準決勝進出,,,,,,,,,,,,,,
koc,2022,蛙亭,,準決勝進出,,,,,,,,,,,,,,
koc,2022,カゲヤマ,,準決勝進出,,,,,,,,,,,,,,
koc,2022,金の国,,準決勝進出,,,,,,,,,,,,,,
koc,2022,サスペンダーズ,,準決勝進出,,,,,,,,,,,,,,
koc,2022,ザ・マミィ,,準決勝進出,,,,,,,,,,,,,,
koc,2022,サルゴリラ,,準決勝進出,,,,,,,,,,,,,,
koc,2022,GAG,,準決勝進出,,,,,,,,,,,,,,
koc,2022,ジャングルポケット,,準決勝進出,,,,,,,,,,,,,,
koc,2022,スーパーニュウニュウ,,準決勝進出,,,,,,,,,,,,,,
koc,2022,スパイシーガーリック,,準決勝進出,,,,,,,,,,,,,,
koc,2022,そいつどいつ,,準決勝進出,,,,,,,,,,,,,,
koc,2022,ゾフィー,,準決勝進出,,,,,,,,,,,,,,
koc,2022,ダンビラムーチョ,,準決勝進出,,,,,,,,,,,,,,
koc,2022,TCクラクション,,準決勝進出,,,,,,,,,,,,,,
koc,2022,ななまがり,,準決勝進出,,,,,,,,,,,,,,
koc,2022,ファイヤーサンダー,,準決勝進出,,,,,,,,,,,,,,
koc,2022,フランスピアノ,,準決勝進出,,,,,,,,,,,,,,
koc,2022,やさしいズ,,準決勝進出,,,,,,,,,,,,,,
koc,2022,ヨネダ2000,,準決勝進出,,,,,,,,,,,,,,
koc,2022,ラブレターズ,,準決勝進出,,,,,,,,,,,,,,
koc,2022,隣人,,準決勝進出,,,,,,,,,,,,,,
koc,2021,空気階段,,優勝,ダメ人間の人生逆転劇場,,9,486点,火事,https://www.youtube.com/watch?v=47vrrq1Ihbc,3番,474点,メガトンパンチマンカフェ,https://www.youtube.com/watch?v=PrHuC0ivecY,,,,
koc,2021,ザ・マミィ,,2位,激情型コント職人,,8,476点,この気持ちはなんだろう,https://www.youtube.com/watch?v=skW01Qrk6vQ,2番,459点,ドラマ,,,,,
koc,2021,男性ブランコ,,2位,不遇の天才第7世代,,3,472点,ボトルメール,https://www.youtube.com/watch?v=Mah1IgMI-zA,1番,463点,袋,https://www.youtube.com/watch?v=eoev49yohVw,,,,
koc,2021,ニッポンの社長,,4位,奇々怪々のコントカンパニー,,5,463点,バッティングセンター,https://www.youtube.com/watch?v=j65pPVaPaMk,,,,,,,,
koc,2021,ジェラードン,,5位,濃厚キャラのこってり仕立て,,2,462点,角刈りガール,https://www.youtube.com/watch?v=Ajp8zpLP0Xw,,,,,,,,
koc,2021,蛙亭,,6位,怪女の微笑み 凡人の狂気,,1,461点,実験体No.164,https://www.youtube.com/watch?v=vkiXdUri-tY,,,,,,,,
koc,2021,うるとらブギーズ,,7位,バカバカしい世界への案内人,,4,460点,迷子センター,https://www.youtube.com/watch?v=d5ByDbTcS7c,,,,,,,,
koc,2021,そいつどいつ,,8位,演技派コントジャンキー,,6,456点,パック,https://www.youtube.com/watch?v=wc8h5B6_gpk,,,,,,,,
koc,2021,マヂカルラブリー,,9位,予測不能の魔法空間,,10,455点,こっくりさん,,,,,,,,,
koc,2021,ニューヨーク,,10位,悪意を操る無冠のブレイク芸人,,7,453点,ウェディングプランナー,https://www.youtube.com/watch?v=u8qE2OdB5ug,,,,,,,,
koc,2021,アルコ＆ピース,,準決勝進出,,,,,,,,,,,,,,
koc,2021,インポッシブル,,準決勝進出,,,,,,,,,,,,,,
koc,2021,おいでやすこが,,準決勝進出,,,,,,,,,,,,,,
koc,2021,かが屋,,準決勝進出,,,,,,,,,,,,,,
koc,2021,ガクヅケ,,準決勝進出,,,,,,,,,,,,,,
koc,2021,学天即,,準決勝進出,,,,,,,,,,,,,,
koc,2021,コットン,,準決勝進出,,,,,,,,,,,,,,
koc,2021,ザ・ギース,,準決勝進出,,,,,,,,,,,,,,
koc,2021,GAG,,準決勝進出,,,,,,,,,,,,,,
koc,2021,ジグザグジギー,,準決勝進出,,,,,,,,,,,,,,
koc,2021,霜降り明星,,準決勝進出,,,,,,,,,,,,,,
koc,2021,ジャングルポケット,,準決勝進出,（準決勝欠場）,,,,,,,,,,,,,
koc,2021,滝音,,準決勝進出,,,,,,,,,,,,,,
koc,2021,ダンビラムーチョ,,準決勝進出,,,,,,,,,,,,,,
koc,2021,チョコンヌ,,準決勝進出,,,,,,,,,,,,,,
koc,2021,TCクラクション,,準決勝進出,,,,,,,,,,,,,,
koc,2021,トンツカタン,,準決勝進出,,,,,,,,,,,,,,
koc,2021,20世紀,,準決勝進出,,,,,,,,,,,,,,
koc,2021,ネルソンズ,,準決勝進出,,,,,,,,,,,,,,
koc,2021,5GAP,,準決勝進出,,,,,,,,,,,,,,
koc,2021,マンプクトリオ,,準決勝進出,,,,,,,,,,,,,,
koc,2021,ヤギとひつじ,,準決勝進出,,,,,,,,,,,,,,
koc,2021,やさしいズ,,準決勝進出,,,,,,,,,,,,,,
koc,2021,ロッチ,,準決勝進出,,,,,,,,,,,,,,
koc,2021,ロングコートダディ,,準決勝進出,,,,,,,,,,,,,,
koc,2021,パーパー,,準決勝進出,（繰り上げ合格）,,,,,,,,,,,,,
koc,2020,ジャルジャル,,優勝,人間味の欠如と充満,,5,477点,野次ワクチン,https://www.youtube.com/watch?v=PBe-mI5q_ZU,3番,464点,空き巣するのにタンバリン持ってきた奴,https://www.youtube.com/watch?v=rKMSJ3qN93E,,,,
koc,2020,ニューヨーク,,2位,隠れ悪意のファンタジスタ,,9,461点,結婚式の余興,https://www.youtube.com/watch?v=CWwvamL_4yA,2番,463点,ヤクザ,https://www.youtube.com/watch?v=UuRIcNfpFt8,,,,
koc,2020,空気階段,,3位,不可思議世界からの誘い,,4,458点,霊媒師,https://www.youtube.com/watch?v=dh46r7UrHYI,1番,463点,定時制高校,https://www.youtube.com/watch?v=a4Aow16xOUA,,,,
koc,2020,ザ・ギース,,4位,コント博士の異常な愛情,,6,457点,送別,,,,,,,,,
koc,2020,ニッポンの社長,,5位,奇怪なるファンシーワールド,,8,454点,ケンタウロス,,,,,,,,,
koc,2020,ジャングルポケット,,5位,体育会系 宇宙系 劇団系,,10,454点,脅迫,,,,,,,,,
koc,2020,ロングコートダディ,,7位,脱力系技巧派マイスター,,3,446点,井上さん,https://www.youtube.com/watch?v=lunby9UEukY,,,,,,,,
koc,2020,滝音,,8位,パワーワードの錬金術師,,1,445点,ラーメン屋,https://www.youtube.com/watch?v=HWkR9t6nVM4,,,,,,,,
koc,2020,GAG,,8位,三者三様の聖三角形,,2,445点,河川敷,,,,,,,,,
koc,2020,うるとらブギーズ,,10位,キレとコクの芳醇空間,,7,440点,陶芸家,https://www.youtube.com/watch?v=b3ZM_I_V1OM,,,,,,,,
koc,2020,相席スタート,,準決勝進出,,,,,,,,,,,,,,
koc,2020,アインシュタイン,,準決勝進出,,,,,,,,,,,,,,
koc,2020,オフローズ,,準決勝進出,,,,,,,,,,,,,,
koc,2020,蛙亭,,準決勝進出,,,,,,,,,,,,,,
koc,2020,かたつむり,,準決勝進出,,,,,,,,,,,,,,
koc,2020,元祖いちごちゃん,,準決勝進出,,,,,,,,,,,,,,
koc,2020,ザ・マミィ,,準決勝進出,,,,,,,,,,,,,,
koc,2020,サルゴリラ,,準決勝進出,,,,,,,,,,,,,,
koc,2020,サンシャイン,,準決勝進出,,,,,,,,,,,,,,
koc,2020,さんだる,,準決勝進出,,,,,,,,,,,,,,
koc,2020,ジェラードン,,準決勝進出,,,,,,,,,,,,,,
koc,2020,すゑひろがりず,,準決勝進出,,,,,,,,,,,,,,
koc,2020,ゾフィー,,準決勝進出,,,,,,,,,,,,,,
koc,2020,男性ブランコ,,準決勝進出,,,,,,,,,,,,,,
koc,2020,ダンビラムーチョ,,準決勝進出,,,,,,,,,,,,,,
koc,2020,TCクラクション,,準決勝進出,,,,,,,,,,,,,,
koc,2020,ななまがり,,準決勝進出,,,,,,,,,,,,,,
koc,2020,ネルソンズ,,準決勝進出,,,,,,,,,,,,,,
koc,2020,ビスケットブラザーズ,,準決勝進出,,,,,,,,,,,,,,
koc,2020,5GAP,,準決勝進出,,,,,,,,,,,,,,
koc,2020,ファイヤーサンダー,,準決勝進出,,,,,,,,,,,,,,
koc,2020,マイスイートメモリーズ,,準決勝進出,,,,,,,,,,,,,,
koc,2020,ママタルト,,準決勝進出,,,,,,,,,,,,,,
koc,2020,ラフレクラン,,準決勝進出,,,,,,,,,,,,,,
koc,2019,どぶろっく,,優勝,,,6,480点,農夫と神様,,3番,455点,山男と神様,,,,,
koc,2019,うるとらブギーズ,,2位,,,1,462点,催眠術,https://www.youtube.com/watch?v=RLWxc2JncnA,2番,463点,サッカー実況解説,https://www.youtube.com/watch?v=NGHKnhlOHlE,,,,
koc,2019,ジャルジャル,,3位,,,5,457点（3票）,野球部,https://www.youtube.com/watch?v=oYG6-IpG-vw,1番,448点,空き巣,https://www.youtube.com/watch?v=EyGMilxXmOA,,,,
koc,2019,GAG,,4位,,,8,457点（2票）,芸人の彼女,,,,,,,,,
koc,2019,ゾフィー,,5位,,,9,452点,謝罪会見,https://www.youtube.com/watch?v=q3yMp3pad2s,,,,,,,,
koc,2019,ネルソンズ,,6位,,,2,446点,噂話,https://www.youtube.com/watch?v=CSraLlOzYEU,,,,,,,,
koc,2019,ビスケットブラザーズ,,6位,,,4,446点,知らない街,,,,,,,,,
koc,2019,かが屋,,6位,,,7,446点,花束,,,,,,,,,
koc,2019,空気階段,,9位,,,3,438点,タクシー,https://www.youtube.com/watch?v=iRuCiPLxUXU,,,,,,,,
koc,2019,わらふぢなるお,,9位,,,10,438点,バンジージャンプ,https://www.youtube.com/watch?v=gd_G2JFByhs,,,,,,,,
koc,2019,相席スタート,,準決勝進出,,,,,,,,,,,,,,
koc,2019,アイロンヘッド,,準決勝進出,,,,,,,,,,,,,,
koc,2019,いかすぜジョナサン,,準決勝進出,,,,,,,,,,,,,,
koc,2019,エンペラー,,準決勝進出,,,,,,,,,,,,,,
koc,2019,蛙亭,,準決勝進出,,,,,,,,,,,,,,
koc,2019,カゲヤマ,,準決勝進出,,,,,,,,,,,,,,
koc,2019,クロスバー直撃,,準決勝進出,,,,,,,,,,,,,,
koc,2019,コウテイ,,準決勝進出,,,,,,,,,,,,,,
koc,2019,コロコロチキチキペッパーズ,,準決勝進出,,,,,,,,,,,,,,
koc,2019,THE GREATEST HITS,,準決勝進出,,,,,,,,,,,,,,
koc,2019,ザ・マミィ,,準決勝進出,,,,,,,,,,,,,,
koc,2019,サンシャイン,,準決勝進出,,,,,,,,,,,,,,
koc,2019,さんだる,,準決勝進出,,,,,,,,,,,,,,
koc,2019,ジェラードン,,準決勝進出,,,,,,,,,,,,,,
koc,2019,そいつどいつ,,準決勝進出,,,,,,,,,,,,,,
koc,2019,チョコレートプラネット,,準決勝進出,,,,,,,,,,,,,,
koc,2019,ななまがり,,準決勝進出,,,,,,,,,,,,,,
koc,2019,パーパー,,準決勝進出,,,,,,,,,,,,,,
koc,2019,ファイヤーサンダー,,準決勝進出,,,,,,,,,,,,,,
koc,2019,藤崎マーケット,,準決勝進出,,,,,,,,,,,,,,
koc,2019,マヂカルラブリー,,準決勝進出,,,,,,,,,,,,,,
koc,2019,やさしいズ,,準決勝進出,,,,,,,,,,,,,,
koc,2019,や団,,準決勝進出,,,,,,,,,,,,,,
koc,2019,ロングコートダディ,,準決勝進出,,,,,,,,,,,,,,
koc,2018,ハナコ,,優勝,,,3,464点,犬,https://www.youtube.com/watch?v=oDoQnVerVIs,1番,472点,捕まえて,https://www.youtube.com/watch?v=d6CoXK4PKBw,,,,
koc,2018,わらふぢなるお,,2位,,,8,468点,石渡くん,https://www.youtube.com/watch?v=aUwCb8Z1lUg,2番,454点,超能力,https://www.youtube.com/watch?v=Go_F8B5kGqU,,,,
koc,2018,チョコレートプラネット,,3位,,,6,478点,密室ゲーム,https://www.youtube.com/watch?v=XuGtemDI1Ao,3番,440点,棟梁,,,,,
koc,2018,さらば青春の光,,4位,,,4,463点,予備校,,,,,,,,,
koc,2018,ロビンフット,,5位,,,9,462点,彼女の年齢,https://www.youtube.com/watch?v=VJDVWsGeg84,,,,,,,,
koc,2018,ザ・ギース,,6位,,,10,458点,サイコメトリー,,,,,,,,,
koc,2018,マヂカルラブリー,,7位,,,2,443点,傘泥棒,,,,,,,,,
koc,2018,だーりんず,,8位,,,5,437点,お会計,https://www.youtube.com/watch?v=Sr_FmN4Plco,,,,,,,,
koc,2018,GAG,,8位,,,7,437点,居酒屋,,,,,,,,,
koc,2018,やさしいズ,,10位,,,1,419点,爆弾,https://www.youtube.com/watch?v=f7PSmfcDFJc,,,,,,,,
koc,2018,相席スタート,,準決勝進出,,,,,,,,,,,,,,
koc,2018,阿佐ヶ谷姉妹,,準決勝進出,,,,,,,,,,,,,,
koc,2018,うしろシティ,,準決勝進出,,,,,,,,,,,,,,
koc,2018,うるとらブギーズ,,準決勝進出,,,,,,,,,,,,,,
koc,2018,かが屋,,準決勝進出,,,,,,,,,,,,,,
koc,2018,かもめんたる,,準決勝進出,,,,,,,,,,,,,,
koc,2018,空気階段,,準決勝進出,,,,,,,,,,,,,,
koc,2018,Groovy Rubbish,,準決勝進出,,,,,,,,,,,,,,
koc,2018,クロスバー直撃,,準決勝進出,,,,,,,,,,,,,,
koc,2018,高校ズ,,準決勝進出,,,,,,,,,,,,,,
koc,2018,しずる,,準決勝進出,,,,,,,,,,,,,,
koc,2018,ジャルジャル,,準決勝進出,,,,,,,,,,,,,,
koc,2018,ジャングルポケット,,準決勝進出,,,,,,,,,,,,,,
koc,2018,ゾフィー,,準決勝進出,,,,,,,,,,,,,,
koc,2018,大自然,,準決勝進出,,,,,,,,,,,,,,
koc,2018,滝音,,準決勝進出,,,,,,,,,,,,,,
koc,2018,ななまがり,,準決勝進出,,,,,,,,,,,,,,
koc,2018,ななめ45°,,準決勝進出,,,,,,,,,,,,,,
koc,2018,ニッポンの社長,,準決勝進出,,,,,,,,,,,,,,
koc,2018,ネルソンズ,,準決勝進出,,,,,,,,,,,,,,
koc,2018,モダンタイムス,,準決勝進出,,,,,,,,,,,,,,
koc,2018,や団,,準決勝進出,,,,,,,,,,,,,,
koc,2017,かまいたち,,優勝,浪速のエース 狙うは王者キングのみ,,3,464点,告白,https://www.youtube.com/watch?v=lL4LSD-mzMw,4番,478点,サーフショップ,https://www.youtube.com/watch?v=t8r0ojwWLxQ,,,,
koc,2017,にゃんこスター,,2位,史上初!最速!最年少!,,7,466点,リズムなわとびの発表会,https://www.youtube.com/watch?v=CBjAORxDlv0,5番,462点,リズムフラフープの発表会,,,,,
koc,2017,さらば青春の光,,3位,最多5度目の決勝!悲願のキングへ,,6,455点,居酒屋,,3番,467点,パワースポット,,,,,
koc,2017,ジャングルポケット,,4位,目指せ!悲願のウイニングラン!,,2,452点,エレベーター,,2番,458点,組織の情報,,,,,
koc,2017,アンガールズ,,5位,18年目の原点回帰,,4,452点,海でナンパ,,1番,452点,嫁の元カレ,,,,,
koc,2017,わらふぢなるお,,6位,1/2477の化学反応,,1,434点,コールセンター,https://www.youtube.com/watch?v=xuyF5rDjliM,,,,,,,,
koc,2017,アキナ,,7位,三度目の正直!進化を遂げた本格派,,8,432点,バイトの休憩室,,,,,,,,,
koc,2017,ゾフィー,,8位,前人未到!無所属フリーからキングへ,,10,422点,母さん,,,,,,,,,
koc,2017,パーパー,,9位,不思議系ニュータイプ,,5,421点,卒業式,,,,,,,,,
koc,2017,GAG少年楽団,,10位,10年目につかんだ涙のファイナル,,9,419点,幼馴染,,,,,,,,,
koc,2017,相席スタート,,準決勝進出,,,,,,,,,,,,,,
koc,2017,アイロンヘッド,,準決勝進出,,,,,,,,,,,,,,
koc,2017,アンゲラー,,準決勝進出,,,,,,,,,,,,,,
koc,2017,犬の心,,準決勝進出,,,,,,,,,,,,,,
koc,2017,うしろシティ,,準決勝進出,,,,,,,,,,,,,,
koc,2017,卯月,,準決勝進出,,,,,,,,,,,,,,
koc,2017,うるとらブギーズ,,準決勝進出,,,,,,,,,,,,,,
koc,2017,Aマッソ,,準決勝進出,,,,,,,,,,,,,,
koc,2017,カミナリ,,準決勝進出,,,,,,,,,,,,,,
koc,2017,かもめんたる,,準決勝進出,,,,,,,,,,,,,,
koc,2017,クロスバー直撃,,準決勝進出,,,,,,,,,,,,,,
koc,2017,ザ・ギース,,準決勝進出,,,,,,,,,,,,,,
koc,2017,しずる,,準決勝進出,,,,,,,,,,,,,,
koc,2017,ジャルジャル,,準決勝進出,,,,,,,,,,,,,,
koc,2017,だーりんず,,準決勝進出,,,,,,,,,,,,,,
koc,2017,ダブルブッキング,,準決勝進出,,,,,,,,,,,,,,
koc,2017,チョコレートプラネット,,準決勝進出,,,,,,,,,,,,,,
koc,2017,トップリード,,準決勝進出,,,,,,,,,,,,,,
koc,2017,ななまがり,,準決勝進出,,,,,,,,,,,,,,
koc,2017,ニューヨーク,,準決勝進出,,,,,,,,,,,,,,
koc,2017,ネルソンズ,,準決勝進出,,,,,,,,,,,,,,
koc,2017,ビスケットブラザーズ,,準決勝進出,,,,,,,,,,,,,,
koc,2017,藤崎マーケット,,準決勝進出,,,,,,,,,,,,,,
koc,2017,モンスターエンジン,,準決勝進出,,,,,,,,,,,,,,
koc,2017,やさしいズ,,準決勝進出,,,,,,,,,,,,,,
koc,2017,や団,,準決勝進出,,,,,,,,,,,,,,
koc,2017,ラバーガール,,準決勝進出,,,,,,,,,,,,,,
koc,2017,ロッチ,,準決勝進出,,,,,,,,,,,,,,
koc,2016,ライス,,優勝,芥川賞作家がひとめぼれ!,,10,466点,命乞い,https://www.youtube.com/watch?v=PCENvh7dLH8,4番,470点,クレーム,,,,,
koc,2016,ジャングルポケット,,2位,王座を狙う!演技派コント三銃士!,,6,466点,トイレ,,5番,464点,余命,,,,,
koc,2016,かまいたち,,3位,浪速のエースが旋風を巻き起こす!,,4,458点,監禁,,3番,456点,ホームルーム,https://www.youtube.com/watch?v=OXbdK5XyAdo,,,,
koc,2016,タイムマシーン3号,,4位,太っちょエンターテイナー,,8,445点,カツアゲ,https://www.youtube.com/watch?v=2epslOh-bwU,2番,448点,演技,https://www.youtube.com/watch?v=83kUrBHd8mo,,,,
koc,2016,かもめんたる,,5位,前人未到!2度目のキングへ!,,3,444点,遠距離恋愛,https://www.youtube.com/watch?v=D3orBO5OIZQ,1番,439点,ヒッチハイク,https://www.youtube.com/watch?v=2yhg99s2Dqc,,,,
koc,2016,しずる,,6位,4度目の正直!見てろ!親父はキングになる!,,1,443点,突入,https://www.youtube.com/watch?v=i2ZMxTIAYTM,,,,,,,,
koc,2016,ジグザグジギー,,7位,蛇行の先に栄光をつかみとれ!,,9,433点,定食屋,https://www.youtube.com/watch?v=1cq_27YJtcQ,,,,,,,,
koc,2016,だーりんず,,8位,駐輪場のおじさんがスターへ!,,7,431点,親子,https://www.youtube.com/watch?v=afbpwAL8AOU,,,,,,,,
koc,2016,ななまがり,,9位,正体不明のダークホース,,5,430点,ナス持ち上げるときだけ左利き,,,,,,,,,
koc,2016,ラブレターズ,,10位,コントの神様へ 届け!この想い!,,2,424点,野球拳,https://www.youtube.com/watch?v=bOlOn70ndUM,,,,,,,,
koc,2016,相席スタート,,準決勝進出,,,,,,,,,,,,,,
koc,2016,アインシュタイン,,準決勝進出,,,,,,,,,,,,,,
koc,2016,アキナ,,準決勝進出,,,,,,,,,,,,,,
koc,2016,阿佐ヶ谷姉妹,,準決勝進出,,,,,,,,,,,,,,
koc,2016,アンガールズ,,準決勝進出,,,,,,,,,,,,,,
koc,2016,犬の心,,準決勝進出,,,,,,,,,,,,,,
koc,2016,インスタントジョンソン,,準決勝進出,,,,,,,,,,,,,,
koc,2016,インポッシブル,,準決勝進出,,,,,,,,,,,,,,
koc,2016,うしろシティ,,準決勝進出,,,,,,,,,,,,,,
koc,2016,エレキコミック,,準決勝進出,,,,,,,,,,,,,,
koc,2016,エンペラー,,準決勝進出,,,,,,,,,,,,,,
koc,2016,鬼ヶ島,,準決勝進出,,,,,,,,,,,,,,
koc,2016,祇園,,準決勝進出,,,,,,,,,,,,,,
koc,2016,キュンキュンパフェ,,準決勝進出,,,,,,,,,,,,,,
koc,2016,グランジ,,準決勝進出,,,,,,,,,,,,,,
koc,2016,高校ズ,,準決勝進出,,,,,,,,,,,,,,
koc,2016,コロコロチキチキペッパーズ,,準決勝進出,,,,,,,,,,,,,,
koc,2016,ザ・ギース,,準決勝進出,,,,,,,,,,,,,,
koc,2016,ザブングル,,準決勝進出,,,,,,,,,,,,,,
koc,2016,GAG少年楽団,,準決勝進出,,,,,,,,,,,,,,
koc,2016,しゃもじ,,準決勝進出,,,,,,,,,,,,,,
koc,2016,ジャルジャル,,準決勝進出,,,,,,,,,,,,,,
koc,2016,ジュリエッタ,,準決勝進出,,,,,,,,,,,,,,
koc,2016,シンプル,,準決勝進出,,,,,,,,,,,,,,
koc,2016,ずん,,準決勝進出,,,,,,,,,,,,,,
koc,2016,セルライトスパ,,準決勝進出,,,,,,,,,,,,,,
koc,2016,ゾフィー,,準決勝進出,,,,,,,,,,,,,,
koc,2016,ダブルブッキング,,準決勝進出,,,,,,,,,,,,,,
koc,2016,たんぽぽ,,準決勝進出,,,,,,,,,,,,,,
koc,2016,チャーミング,,準決勝進出,,,,,,,,,,,,,,
koc,2016,チョコレートプラネット,,準決勝進出,,,,,,,,,,,,,,
koc,2016,チョップリン,,準決勝進出,,,,,,,,,,,,,,
koc,2016,TKO,,準決勝進出,,,,,,,,,,,,,,
koc,2016,天竺鼠,,準決勝進出,,,,,,,,,,,,,,
koc,2016,トップリード,,準決勝進出,,,,,,,,,,,,,,
koc,2016,トンツカタン,,準決勝進出,,,,,,,,,,,,,,
koc,2016,ななめ45°,,準決勝進出,,,,,,,,,,,,,,
koc,2016,ニッチェ,,準決勝進出,,,,,,,,,,,,,,
koc,2016,ニッポンの社長,,準決勝進出,,,,,,,,,,,,,,
koc,2016,ニブンノゴ！,,準決勝進出,,,,,,,,,,,,,,
koc,2016,パーパー,,準決勝進出,,,,,,,,,,,,,,
koc,2016,馬鹿よ貴方は,,準決勝進出,,,,,,,,,,,,,,
koc,2016,ハナコ,,準決勝進出,,,,,,,,,,,,,,
koc,2016,バンビーノ,,準決勝進出,,,,,,,,,,,,,,
koc,2016,藤崎マーケット,,準決勝進出,,,,,,,,,,,,,,
koc,2016,ムニムニヤエバ,,準決勝進出,,,,,,,,,,,,,,
koc,2016,モンスターエンジン,,準決勝進出,,,,,,,,,,,,,,
koc,2016,やさしいズ,,準決勝進出,,,,,,,,,,,,,,
koc,2016,やさしい雨,,準決勝進出,,,,,,,,,,,,,,
koc,2016,や団,,準決勝進出,,,,,,,,,,,,,,
koc,2016,夜ふかしの会,,準決勝進出,,,,,,,,,,,,,,
koc,2016,ラバーガール,,準決勝進出,,,,,,,,,,,,,,
koc,2016,レイザーラモン,,準決勝進出,,,,,,,,,,,,,,
koc,2016,ロッチ,,準決勝進出,,,,,,,,,,,,,,
koc,2016,ロビンソンズ,,準決勝進出,,,,,,,,,,,,,,
koc,2016,我が家,,準決勝進出,,,,,,,,,,,,,,
koc,2016,わらふぢなるお,,準決勝進出,,,,,,,,,,,,,,
koc,2015,コロコロチキチキペッパーズ,,優勝,魅惑ボイスの大穴コンビダークホース,,4,468点,妖精,https://www.youtube.com/watch?v=7PvyH5E_xZk,4番,465点,卓球,,,,,
koc,2015,バンビーノ,,2位,ダンソン返上 キング上等,,6,455点,ドゥビザ,https://www.youtube.com/watch?v=M_zWjqU1BQ8,3番,471点,スンシー,https://www.youtube.com/watch?v=1tST9by1uBs,,,,
koc,2015,ロッチ,,3位,熟成したコント職人,,8,478点,試着室,,5番,429点,タイトルマッチ,https://www.youtube.com/watch?v=40rf9N_8TbE,,,,
koc,2015,ジャングルポケット,,4位,クドさ全開!演劇トライアングル,,2,445点,親友の彼女と浮気,,1番,451点,彼女の旅立ち,,,,,
koc,2015,藤崎マーケット,,5位,一発屋ラララライから王者へ,,1,451点,ストリートパフォーマー,,2番,442点,恐怖の館,,,,,
koc,2015,アキナ,,6位,浪速の超新星,,9,437点,鳥やん,https://www.youtube.com/watch?v=DC-h16RJp1A,,,,,,,,
koc,2015,ザ・ギース,,7位,7年越し 悲願のセカンドチャンス,,7,428点,銀行強盗,,,,,,,,,
koc,2015,巨匠,,7位,借金王クズからコント王キングへ,,10,428点,回転寿司,,,,,,,,,
koc,2015,うしろシティ,,9位,復活のコントプリンス,,5,424点,悪魔,,,,,,,,,
koc,2015,さらば青春の光,,10位,史上初4年連続出場,,3,419点,芸術家,https://www.youtube.com/watch?v=SeyNWuw-uKY,,,,,,,,
koc,2015,相席スタート,,準決勝進出,,,,,,,,,,,,,,
koc,2015,アルコ＆ピース,,準決勝進出,,,,,,,,,,,,,,
koc,2015,犬の心,,準決勝進出,,,,,,,,,,,,,,
koc,2015,インスタントジョンソン,,準決勝進出,,,,,,,,,,,,,,
koc,2015,インポッシブル,,準決勝進出,,,,,,,,,,,,,,
koc,2015,おかずクラブ,,準決勝進出,,,,,,,,,,,,,,
koc,2015,かっぽんかっぽん,,準決勝進出,,,,,,,,,,,,,,
koc,2015,カバと爆ノ介,,準決勝進出,,,,,,,,,,,,,,
koc,2015,かもめんたる,,準決勝進出,,,,,,,,,,,,,,
koc,2015,空気階段,,準決勝進出,,,,,,,,,,,,,,
koc,2015,こりゃめでてーな,,準決勝進出,,,,,,,,,,,,,,
koc,2015,ザ・プラン9,2,準決勝進出,,,,,,,,,,,,,,
koc,2015,サンシャイン,,準決勝進出,,,,,,,,,,,,,,
koc,2015,ザンゼンジ,,準決勝進出,,,,,,,,,,,,,,
koc,2015,GAG少年楽団,,準決勝進出,,,,,,,,,,,,,,
koc,2015,ジグザグジギー,,準決勝進出,,,,,,,,,,,,,,
koc,2015,ジソンシン,,準決勝進出,,,,,,,,,,,,,,
koc,2015,ジャルジャル,,準決勝進出,,,,,,,,,,,,,,
koc,2015,スーパーニュウニュウ,,準決勝進出,,,,,,,,,,,,,,
koc,2015,しずる,,準決勝進出,,,,,,,,,,,,,,
koc,2015,スパローズ,,準決勝進出,,,,,,,,,,,,,,
koc,2015,ずん,,準決勝進出,,,,,,,,,,,,,,
koc,2015,ゾフィー,,準決勝進出,,,,,,,,,,,,,,
koc,2015,だーりんず,,準決勝進出,,,,,,,,,,,,,,
koc,2015,ダブルブッキング,,準決勝進出,,,,,,,,,,,,,,
koc,2015,男性ブランコ,,準決勝進出,,,,,,,,,,,,,,
koc,2015,チャーミング,,準決勝進出,,,,,,,,,,,,,,
koc,2015,チョコレートプラネット,,準決勝進出,,,,,,,,,,,,,,
koc,2015,チョップリン,,準決勝進出,,,,,,,,,,,,,,
koc,2015,ツィンテル,,準決勝進出,,,,,,,,,,,,,,
koc,2015,TKO,,準決勝進出,,,,,,,,,,,,,,
koc,2015,天竺鼠,,準決勝進出,,,,,,,,,,,,,,
koc,2015,トップリード,,準決勝進出,,,,,,,,,,,,,,
koc,2015,ななまがり,,準決勝進出,,,,,,,,,,,,,,
koc,2015,ななめ45°,,準決勝進出,,,,,,,,,,,,,,
koc,2015,2700,,準決勝進出,,,,,,,,,,,,,,
koc,2015,ニッチェ,,準決勝進出,,,,,,,,,,,,,,
koc,2015,ニューヨーク,,準決勝進出,,,,,,,,,,,,,,
koc,2015,ネルソンズ,,準決勝進出,,,,,,,,,,,,,,
koc,2015,馬鹿よ貴方は,,準決勝進出,,,,,,,,,,,,,,
koc,2015,ハッピーエンド,,準決勝進出,,,,,,,,,,,,,,
koc,2015,ビーフケーキ,,準決勝進出,,,,,,,,,,,,,,
koc,2015,ヒデヨシ,,準決勝進出,,,,,,,,,,,,,,
koc,2015,ブロードキャスト！！,,準決勝進出,,,,,,,,,,,,,,
koc,2015,マッハスピード豪速球,,準決勝進出,,,,,,,,,,,,,,
koc,2015,マラソンズ,,準決勝進出,,,,,,,,,,,,,,
koc,2015,みなみのしま,,準決勝進出,,,,,,,,,,,,,,
koc,2015,ムニムニヤエバ,,準決勝進出,,,,,,,,,,,,,,
koc,2015,モンスターエンジン,,準決勝進出,,,,,,,,,,,,,,
koc,2015,やさしいズ,,準決勝進出,,,,,,,,,,,,,,
koc,2015,ゆんぼだんぷ,,準決勝進出,,,,,,,,,,,,,,
koc,2015,夜ふかしの会,,準決勝進出,,,,,,,,,,,,,,
koc,2015,ラバーガール,,準決勝進出,,,,,,,,,,,,,,
koc,2015,ラブレターズ,,準決勝進出,,,,,,,,,,,,,,
koc,2015,レイザーラモン,,準決勝進出,,,,,,,,,,,,,,
koc,2015,ロビンソンズ,,準決勝進出,,,,,,,,,,,,,,
koc,2015,ロマン峠,,準決勝進出,,,,,,,,,,,,,,
koc,2015,わらふぢなるお,,準決勝進出,,,,,,,,,,,,,,
koc,2014,シソンヌ,,優勝,ついに浮上!つきつめた\n狂喜のキャラ職人,第1試合,1,54点,ラーメン屋,,5番,74点-27点,タクシー,,,,,
koc,2014,チョコレートプラネット,,2位,再起をかけた武者修行!\n磨いたコントで狙うは王座,第5試合,1,80点,業者,https://www.youtube.com/watch?v=UydyLvybRlU,1番,-,カラオケ,https://www.youtube.com/watch?v=QaWH4v2NEXw,,,,
koc,2014,ラバーガール,,3位,俺らが獲らなきゃ誰が獲る!\n4年越しのお笑いリベンジャー,第2試合,1,83点,子供服売り場,https://www.youtube.com/watch?v=cBxjxZtshng,4番,40点-61点,美容室,,,,,
koc,2014,バンビーノ,,4位,言葉はいらねぇ!\n世界を笑わす浪速の新星,第3試合,1,58点,ダンスィングフィッソン族,https://www.youtube.com/watch?v=SAn2JDXZ43Y,2番,18点-83点,ハグハグハグゲッター,https://www.youtube.com/watch?v=oWFzLTKa26I,,,,
koc,2014,犬の心,,5位,吠えろ苦節17年!\n夢の舞台で負け犬返上!,第4試合,2,94点,一万円札,,3番,16点-85点,妹がほしい,,,,,
koc,2014,巨匠,,決勝進出,笑いで一括返済!今宵\n借金王からコント王へ,第1試合,2,47点,おじさんを作るおじさん,,,,,,,,,
koc,2014,リンゴスター,,決勝進出,お笑い界の下剋上!目指せ\n史上最年少キング,第2試合,2,18点,スパイ,,,,,,,,,
koc,2014,さらば青春の光,,決勝進出,3年連続ファイナリスト!\n我が道を行く雑草コンビ,第3試合,2,43点,おっさん,https://www.youtube.com/watch?v=LH8bMU_PHa0,,,,,,,,
koc,2014,ラブレターズ,,決勝進出,いじめられっ子の逆襲!\n王者になって奴らを見返せ!,第4試合,1,7点,Koji Moriyasu,,,,,,,,,
koc,2014,アキナ,,決勝進出,解散からの再出発リスタート!\n絆でつかめ笑いの頂点,第5試合,2,21点,とれへん,https://www.youtube.com/watch?v=bXmc2L2UN5E,,,,,,,,
koc,2014,相席スタート,,準決勝進出,,,,,,,,,,,,,,
koc,2014,アナクロニスティック,,準決勝進出,,,,,,,,,,,,,,
koc,2014,アルコ＆ピース,,準決勝進出,,,,,,,,,,,,,,
koc,2014,イブンカ,,準決勝進出,,,,,,,,,,,,,,
koc,2014,インスタントジョンソン,,準決勝進出,,,,,,,,,,,,,,
koc,2014,インポッシブル,,準決勝進出,,,,,,,,,,,,,,
koc,2014,うしろシティ,,準決勝進出,,,,,,,,,,,,,,
koc,2014,うるとらブギーズ,,準決勝進出,,,,,,,,,,,,,,
koc,2014,エレキコミック,,準決勝進出,,,,,,,,,,,,,,
koc,2014,鬼ヶ島,,準決勝進出,,,,,,,,,,,,,,
koc,2014,かまいたち,,準決勝進出,,,,,,,,,,,,,,
koc,2014,キャベツ確認中,,準決勝進出,,,,,,,,,,,,,,
koc,2014,クラスメイト,,準決勝進出,,,,,,,,,,,,,,
koc,2014,グランジ,,準決勝進出,,,,,,,,,,,,,,
koc,2014,THE GEESE,,準決勝進出,,,,,,,,,,,,,,
koc,2014,ザ・プラン9,3,準決勝進出,,,,,,,,,,,,,,
koc,2014,ザブングル,,準決勝進出,,,,,,,,,,,,,,
koc,2014,GAG少年楽団,,準決勝進出,,,,,,,,,,,,,,
koc,2014,ジグザグジギー,,準決勝進出,,,,,,,,,,,,,,
koc,2014,しずる,,準決勝進出,,,,,,,,,,,,,,
koc,2014,ジソンシン,,準決勝進出,,,,,,,,,,,,,,
koc,2014,シャカ,,準決勝進出,,,,,,,,,,,,,,
koc,2014,ジャルジャル,,準決勝進出,,,,,,,,,,,,,,
koc,2014,ジャングルポケット,,準決勝進出,,,,,,,,,,,,,,
koc,2014,スパイク,,準決勝進出,,,,,,,,,,,,,,
koc,2014,ずん,,準決勝進出,,,,,,,,,,,,,,
koc,2014,セルライトスパ,,準決勝進出,,,,,,,,,,,,,,
koc,2014,ゾフィー,,準決勝進出,,,,,,,,,,,,,,
koc,2014,だーりんず,,準決勝進出,,,,,,,,,,,,,,
koc,2014,チョップリン,,準決勝進出,,,,,,,,,,,,,,
koc,2014,ツィンテル,,準決勝進出,,,,,,,,,,,,,,
koc,2014,天竺鼠,,準決勝進出,,,,,,,,,,,,,,
koc,2014,天津,,準決勝進出,,,,,,,,,,,,,,
koc,2014,トップリード,,準決勝進出,,,,,,,,,,,,,,
koc,2014,ななまがり,,準決勝進出,,,,,,,,,,,,,,
koc,2014,ななめ45°,,準決勝進出,,,,,,,,,,,,,,
koc,2014,2700,,準決勝進出,,,,,,,,,,,,,,
koc,2014,ニッチェ,,準決勝進出,,,,,,,,,,,,,,
koc,2014,ニブンノゴ！,,準決勝進出,,,,,,,,,,,,,,
koc,2014,日本エレキテル連合,,準決勝進出,,,,,,,,,,,,,,
koc,2014,ニューヨーク,,準決勝進出,,,,,,,,,,,,,,
koc,2014,ねじ,,準決勝進出,,,,,,,,,,,,,,
koc,2014,パンサー,,準決勝進出,,,,,,,,,,,,,,
koc,2014,ヒガシ逢ウサカ,,準決勝進出,,,,,,,,,,,,,,
koc,2014,5GAP,,準決勝進出,,,,,,,,,,,,,,
koc,2014,藤崎マーケット,,準決勝進出,,,,,,,,,,,,,,
koc,2014,ブロードキャスト！！,,準決勝進出,,,,,,,,,,,,,,
koc,2014,みなみのしま,,準決勝進出,,,,,,,,,,,,,,
koc,2014,モンスターエンジン,,準決勝進出,,,,,,,,,,,,,,
koc,2014,やさしいズ,,準決勝進出,,,,,,,,,,,,,,
koc,2014,や団,,準決勝進出,,,,,,,,,,,,,,
koc,2014,夜ふかしの会,,準決勝進出,,,,,,,,,,,,,,
koc,2014,ライス,,準決勝進出,,,,,,,,,,,,,,
koc,2014,ラフレクラン,,準決勝進出,,,,,,,,,,,,,,
koc,2014,レイザーラモン,,準決勝進出,,,,,,,,,,,,,,
koc,2014,ロッチ,,準決勝進出,,,,,,,,,,,,,,
koc,2014,ロビンソンズ,,準決勝進出,,,,,,,,,,,,,,
koc,2014,ロビンフット,,準決勝進出,,,,,,,,,,,,,,
koc,2014,ロマン峠,,準決勝進出,,,,,,,,,,,,,,
koc,2014,和牛,,準決勝進出,,,,,,,,,,,,,,
koc,2014,わらふぢなるお,,準決勝進出,,,,,,,,,,,,,,
koc,2013,かもめんたる,,優勝,王座へ飛翔!\nリベンジ誓う笑いの翼,,3,923点,言葉売り,https://www.youtube.com/watch?v=K6LROI0xxmg,8番,982点,白い靴下,https://www.youtube.com/watch?v=K_HkBacHNM8,,,,
koc,2013,鬼ヶ島,,2位,崖っぷち返上!\n絶叫コント三人衆,,2,904点,音楽の授業,,7番,950点,フィナーレ,,,,,
koc,2013,天竺鼠,,3位,4年ぶりの返り咲き!\n新・浪花のエース,,4,879点,お寿司,,4番,946点,交通事故,,,,,
koc,2013,さらば青春の光,,4位,ドン底から王者へ!\n無所属ロンリーファイナリスト,,8,899点,工場,,6番,847点,オカリナ,,,,,
koc,2013,TKO,,5位,獲るまで辞めねぇ!\n不屈のアラフォーファイター,,6,896点,古いぬいぐるみ,,5番,808点,わくわくテレビ,,,,,
koc,2013,ジグザグジギー,,6位,覚醒!\nウンナン遺伝子の継承者,,7,825点,満月,https://www.youtube.com/watch?v=famgopNk4fc,2番,819点,犯人逮捕,https://www.youtube.com/watch?v=A7qzo9V0RaE,,,,
koc,2013,アルコ＆ピース,,7位,念願の夢舞台\n解放!コント魂スピリッツ,,5,831点,受精,https://www.youtube.com/watch?v=pwpXL0K3snc,3番,808点,機種変更,,,,,
koc,2013,うしろシティ,,8位,再び約束の地へ!\n舞い戻ったニューコント王子様プリンス,,1,773点,上京,,1番,814点,娘さんを下さい,,,,,
koc,2013,アームストロング,,準決勝進出,,,,,,,,,,,,,,
koc,2013,アイロンヘッド,,準決勝進出,,,,,,,,,,,,,,
koc,2013,アップダウン,,準決勝進出,,,,,,,,,,,,,,
koc,2013,アンダーポイント,,準決勝進出,,,,,,,,,,,,,,
koc,2013,イシクラノオノ,,準決勝進出,,,,,,,,,,,,,,
koc,2013,犬の心,,準決勝進出,,,,,,,,,,,,,,
koc,2013,インスタントジョンソン,,準決勝進出,,,,,,,,,,,,,,
koc,2013,インポッシブル,,準決勝進出,,,,,,,,,,,,,,
koc,2013,エネルギー,,準決勝進出,,,,,,,,,,,,,,
koc,2013,エレキコミック,,準決勝進出,,,,,,,,,,,,,,
koc,2013,かまいたち,,準決勝進出,,,,,,,,,,,,,,
koc,2013,キサラギ,,準決勝進出,,,,,,,,,,,,,,
koc,2013,巨匠,,準決勝進出,,,,,,,,,,,,,,
koc,2013,銀シャリ,,準決勝進出,,,,,,,,,,,,,,
koc,2013,グランジ,,準決勝進出,,,,,,,,,,,,,,
koc,2013,クロスバー直撃,,準決勝進出,,,,,,,,,,,,,,
koc,2013,THE GEESE,,準決勝進出,,,,,,,,,,,,,,
koc,2013,ザ・プラン9,3,準決勝進出,,,,,,,,,,,,,,
koc,2013,ザブングル,,準決勝進出,,,,,,,,,,,,,,
koc,2013,サンシャイン,,準決勝進出,,,,,,,,,,,,,,
koc,2013,ザンゼンジ,,準決勝進出,,,,,,,,,,,,,,
koc,2013,3フランシスコ,,準決勝進出,,,,,,,,,,,,,,
koc,2013,GAG少年楽団,,準決勝進出,,,,,,,,,,,,,,
koc,2013,しずる,,準決勝進出,,,,,,,,,,,,,,
koc,2013,シソンヌ,,準決勝進出,,,,,,,,,,,,,,
koc,2013,シマッシュレコード,,準決勝進出,,,,,,,,,,,,,,
koc,2013,シャカ,,準決勝進出,,,,,,,,,,,,,,
koc,2013,ジャルジャル,,準決勝進出,,,,,,,,,,,,,,
koc,2013,ジャングルポケット,,準決勝進出,,,,,,,,,,,,,,
koc,2013,ジューシーズ,,準決勝進出,,,,,,,,,,,,,,
koc,2013,シロハタ,,準決勝進出,,,,,,,,,,,,,,
koc,2013,スパイク,,準決勝進出,,,,,,,,,,,,,,
koc,2013,スパローズ,,準決勝進出,,,,,,,,,,,,,,
koc,2013,ずん,,準決勝進出,,,,,,,,,,,,,,
koc,2013,ダブルブッキング,,準決勝進出,,,,,,,,,,,,,,
koc,2013,タモンズ,,準決勝進出,,,,,,,,,,,,,,
koc,2013,弾丸ジャッキー,,準決勝進出,,,,,,,,,,,,,,
koc,2013,たんぽぽ,,準決勝進出,,,,,,,,,,,,,,
koc,2013,チャーミング,,準決勝進出,,,,,,,,,,,,,,
koc,2013,ツィンテル,,準決勝進出,,,,,,,,,,,,,,
koc,2013,トップリード,,準決勝進出,,,,,,,,,,,,,,
koc,2013,ななめ45°,,準決勝進出,,,,,,,,,,,,,,
koc,2013,2700,,準決勝進出,,,,,,,,,,,,,,
koc,2013,ニッチェ,,準決勝進出,,,,,,,,,,,,,,
koc,2013,日本エレキテル連合,,準決勝進出,,,,,,,,,,,,,,
koc,2013,ねじ,,準決勝進出,,,,,,,,,,,,,,
koc,2013,パンサー,,準決勝進出,,,,,,,,,,,,,,
koc,2013,バンビーノ,,準決勝進出,,,,,,,,,,,,,,
koc,2013,ピレニーズ,,準決勝進出,,,,,,,,,,,,,,
koc,2013,5GAP,,準決勝進出,,,,,,,,,,,,,,
koc,2013,本田兄妹,,準決勝進出,,,,,,,,,,,,,,
koc,2013,マヂカルラブリー,,準決勝進出,,,,,,,,,,,,,,
koc,2013,モンスターエンジン,,準決勝進出,,,,,,,,,,,,,,
koc,2013,夜ふかしの会,,準決勝進出,,,,,,,,,,,,,,
koc,2013,ラバーガール,,準決勝進出,,,,,,,,,,,,,,
koc,2013,ラブレターズ,,準決勝進出,,,,,,,,,,,,,,
koc,2013,ロッチ,,準決勝進出,,,,,,,,,,,,,,
koc,2013,ロビンソンズ,,準決勝進出,,,,,,,,,,,,,,
koc,2013,我が家,,準決勝進出,,,,,,,,,,,,,,
koc,2013,和牛,,準決勝進出,,,,,,,,,,,,,,
koc,2013,わらふぢなるお,,準決勝進出,,,,,,,,,,,,,,
koc,2013,ワルステルダム,,準決勝進出,,,,,,,,,,,,,,
koc,2012,バイきんぐ,,優勝,魂の雄たけび!笑いの海賊,,8,967点,,,8番,974点,,,,,,
koc,2012,さらば青春の光,,2位,浪速の通天閣ルーキー,,1,862点,,,5番,945点,,,,,,
koc,2012,かもめんたる,,3位,夢よ再び!今夜羽ばたく!,,4,883点,,,6番,907点,,,,,,
koc,2012,しずる,,4位,三度目の正直!キングを狙うリベンジャー,,6,913点,能力者,https://www.youtube.com/watch?v=kArQyEnw6fc,7番,875点,びっくり先生,https://www.youtube.com/watch?v=vGQjFNIsHN0,,,,
koc,2012,うしろシティ,,5位,学生服の泣き虫ボーイズ,,5,843点,,,4番,837点,,,,,,
koc,2012,夜ふかしの会,,6位,演劇界からの5人の刺客,,7,778点,,,3番,717点,,,,,,
koc,2012,銀シャリ,,7位,コントで魅せる漫才魂ソウル,,2,754点,,,2番,732点,,,,,,
koc,2012,トップリード,,8位,屈辱をバネに!今年こそトップを獲る!,,3,711点,,,1番,683点,,,,,,
koc,2012,巨匠,,準決勝進出,,,,,,,,,,,,,,
koc,2012,アルコ＆ピース,,準決勝進出,,,,,,,,,,,,,,
koc,2012,がっつきたいか,,準決勝進出,,,,,,,,,,,,,,
koc,2012,ジプシーダンス,,準決勝進出,,,,,,,,,,,,,,
koc,2012,スパローズ,,準決勝進出,,,,,,,,,,,,,,
koc,2012,ツィンテル,,準決勝進出,,,,,,,,,,,,,,
koc,2012,ニッチェ,,準決勝進出,,,,,,,,,,,,,,
koc,2012,ウエストランド,,準決勝進出,,,,,,,,,,,,,,
koc,2012,ななめ45°,,準決勝進出,,,,,,,,,,,,,,
koc,2012,ジャルジャル,,準決勝進出,,,,,,,,,,,,,,
koc,2012,エレキコミック,,準決勝進出,,,,,,,,,,,,,,
koc,2012,カナリア,,準決勝進出,,,,,,,,,,,,,,
koc,2012,しゃもじ,,準決勝進出,,,,,,,,,,,,,,
koc,2012,ジューシーズ,,準決勝進出,,,,,,,,,,,,,,
koc,2012,ラブレターズ,,準決勝進出,,,,,,,,,,,,,,
koc,2012,パンサー,,準決勝進出,,,,,,,,,,,,,,
koc,2012,ピテカントロプス,,準決勝進出,,,,,,,,,,,,,,
koc,2012,からあげディスコ,,準決勝進出,,,,,,,,,,,,,,
koc,2012,ザ・ゴールデンゴールデン,,準決勝進出,,,,,,,,,,,,,,
koc,2012,ダブルブッキング,,準決勝進出,,,,,,,,,,,,,,
koc,2012,ジャングルポケット,,準決勝進出,,,,,,,,,,,,,,
koc,2012,スリムクラブ,,準決勝進出,,,,,,,,,,,,,,
koc,2012,シャカ,,準決勝進出,,,,,,,,,,,,,,
koc,2012,シンボルタワー,,準決勝進出,,,,,,,,,,,,,,
koc,2012,インポッシブル,,準決勝進出,,,,,,,,,,,,,,
koc,2012,ハマカーン,,準決勝進出,,,,,,,,,,,,,,
koc,2012,アームストロング,,準決勝進出,,,,,,,,,,,,,,
koc,2012,ZEN,,準決勝進出,,,,,,,,,,,,,,
koc,2012,インパルス,,準決勝進出,,,,,,,,,,,,,,
koc,2012,タイムマシーン3号,,準決勝進出,,,,,,,,,,,,,,
koc,2012,エネルギー,,準決勝進出,,,,,,,,,,,,,,
koc,2012,ジンカーズ,,準決勝進出,,,,,,,,,,,,,,
koc,2012,ニブンノゴ！,,準決勝進出,,,,,,,,,,,,,,
koc,2012,グランジ,,準決勝進出,,,,,,,,,,,,,,
koc,2012,鬼ヶ島,,準決勝進出,,,,,,,,,,,,,,
koc,2012,5GAP,,準決勝進出,,,,,,,,,,,,,,
koc,2012,水玉れっぷう隊,,準決勝進出,,,,,,,,,,,,,,
koc,2012,2700,,準決勝進出,,,,,,,,,,,,,,
koc,2012,TKO,,準決勝進出,,,,,,,,,,,,,,
koc,2012,インスタントジョンソン,,準決勝進出,,,,,,,,,,,,,,
koc,2012,ムートン,,準決勝進出,,,,,,,,,,,,,,
koc,2012,我が家,,準決勝進出,,,,,,,,,,,,,,
koc,2012,ロッチ,,準決勝進出,,,,,,,,,,,,,,
koc,2012,GAG少年楽団,,準決勝進出,,,,,,,,,,,,,,
koc,2012,ビーフケーキ,,準決勝進出,,,,,,,,,,,,,,
koc,2012,天使と悪魔,,準決勝進出,,,,,,,,,,,,,,
koc,2012,天竺鼠,,準決勝進出,,,,,,,,,,,,,,
koc,2012,回転ハッスル,,準決勝進出,,,,,,,,,,,,,,
koc,2012,モンスターエンジン,,準決勝進出,,,,,,,,,,,,,,
koc,2012,恋愛小説家,,準決勝進出,,,,,,,,,,,,,,
koc,2012,カバと爆ノ介,,準決勝進出,,,,,,,,,,,,,,
koc,2012,ザ・プラン9,3,準決勝進出,,,,,,,,,,,,,,
koc,2012,ロシアン生まれ,,準決勝進出,,,,,,,,,,,,,,
koc,2012,かまいたち,,準決勝進出,,,,,,,,,,,,,,
koc,2012,犬の心,,準決勝進出,,,,,,,,,,,,,,
koc,2012,ジグザグジギー,,準決勝進出,,,,,,,,,,,,,,
koc,2012,Yes-man,,準決勝進出,,,,,,,,,,,,,,
koc,2012,ラバーガール,,準決勝進出,,,,,,,,,,,,,,
koc,2012,ザブングル,,準決勝進出,,,,,,,,,,,,,,
koc,2011,ロバート,,優勝,帰ってきた!キングトリオ!,,3,942点,,,8番,934点,,,,,,
koc,2011,2700,,2位,どん底から生還したビートメーカー,,5,884点,,,7番,925点,,,,,,
koc,2011,モンスターエンジン,,3位,お笑い怪物モンスターフルスロットル,,6,843点,,,5番,919点,,,,,,
koc,2011,インパルス,,4位,無限のコント製造マシーン,,8,815点,,,4番,881点,,,,,,
koc,2011,鬼ヶ島,,5位,受け継ぐキングのDNA,,7,874点,,,6番,805点,,,,,,
koc,2011,TKO,,6位,芸歴20年!不屈のアラフォーファイター,,2,757点,,,2番,877点,,,,,,
koc,2011,ラブレターズ,,7位,無印ノーマークのシンデレラボーイ,,4,790点,,,3番,798点,,,,,,
koc,2011,トップリード,,8位,トップで狙う!初出場!初優勝!,,1,750点,,,1番,765点,,,,,,
koc,2011,5GAP,,準決勝進出,,,,,,,,,,,,,,
koc,2011,GAG少年楽団,,準決勝進出,,,,,,,,,,,,,,
koc,2011,THE GEESE,,準決勝進出,,,,,,,,,,,,,,
koc,2011,アームストロング,,準決勝進出,,,,,,,,,,,,,,
koc,2011,アイロンヘッド,,準決勝進出,,,,,,,,,,,,,,
koc,2011,アストロNエース,,準決勝進出,,,,,,,,,,,,,,
koc,2011,アルコ＆ピース,,準決勝進出,,,,,,,,,,,,,,
koc,2011,アンジャッシュ,,準決勝進出,,,,,,,,,,,,,,
koc,2011,インスタントジョンソン,,準決勝進出,,,,,,,,,,,,,,
koc,2011,うしろシティ,,準決勝進出,,,,,,,,,,,,,,
koc,2011,エレキコミック,,準決勝進出,,,,,,,,,,,,,,
koc,2011,オテンキ,,準決勝進出,,,,,,,,,,,,,,
koc,2011,がっつきたいか,,準決勝進出,,,,,,,,,,,,,,
koc,2011,かまいたち,,準決勝進出,,,,,,,,,,,,,,
koc,2011,ガリットチュウ,,準決勝進出,,,,,,,,,,,,,,
koc,2011,グランジ,,準決勝進出,,,,,,,,,,,,,,
koc,2011,ケチン・ダ・コチン,,準決勝進出,,,,,,,,,,,,,,
koc,2011,ザ・ゴールデンゴールデン,,準決勝進出,,,,,,,,,,,,,,
koc,2011,ザ・フライ,,準決勝進出,,,,,,,,,,,,,,
koc,2011,ザ・プラン9,3,準決勝進出,,,,,,,,,,,,,,
koc,2011,ザブングル,,準決勝進出,,,,,,,,,,,,,,
koc,2011,さらば青春の光,,準決勝進出,,,,,,,,,,,,,,
koc,2011,ジグザグジギー,,準決勝進出,,,,,,,,,,,,,,
koc,2011,しずる,,準決勝進出,,,,,,,,,,,,,,
koc,2011,シャカ,,準決勝進出,,,,,,,,,,,,,,
koc,2011,ジャルジャル,,準決勝進出,,,,,,,,,,,,,,
koc,2011,ジャングルポケット,,準決勝進出,,,,,,,,,,,,,,
koc,2011,ジューシーズ,,準決勝進出,,,,,,,,,,,,,,
koc,2011,スリムクラブ,,準決勝進出,,,,,,,,,,,,,,
koc,2011,ずん,,準決勝進出,,,,,,,,,,,,,,
koc,2011,セルライトスパ,,準決勝進出,,,,,,,,,,,,,,
koc,2011,ソーセージ,,準決勝進出,,,,,,,,,,,,,,
koc,2011,ダイノジ,,準決勝進出,,,,,,,,,,,,,,
koc,2011,チョップリン,,準決勝進出,,,,,,,,,,,,,,
koc,2011,ツィンテル,,準決勝進出,,,,,,,,,,,,,,
koc,2011,どきどきキャンプ,,準決勝進出,,,,,,,,,,,,,,
koc,2011,ドレッドノート,,準決勝進出,,,,,,,,,,,,,,
koc,2011,ななめ45°,,準決勝進出,,,,,,,,,,,,,,
koc,2011,ニッチェ,,準決勝進出,,,,,,,,,,,,,,
koc,2011,ニブンノゴ！,,準決勝進出,,,,,,,,,,,,,,
koc,2011,バイきんぐ,,準決勝進出,,,,,,,,,,,,,,
koc,2011,ハイキングウォーキング,,準決勝進出,,,,,,,,,,,,,,
koc,2011,パンサー,,準決勝進出,,,,,,,,,,,,,,
koc,2011,ピース,,準決勝進出,,,,,,,,,,,,,,
koc,2011,ピテカントロプス,,準決勝進出,,,,,,,,,,,,,,
koc,2011,フラミンゴ,,準決勝進出,,,,,,,,,,,,,,
koc,2011,ブロードキャスト,,準決勝進出,,,,,,,,,,,,,,
koc,2011,ゆうきたけし,,準決勝進出,,,,,,,,,,,,,,
koc,2011,ライス,,準決勝進出,,,,,,,,,,,,,,
koc,2011,ラバーガール,,準決勝進出,,,,,,,,,,,,,,
koc,2011,ロッチ,,準決勝進出,,,,,,,,,,,,,,
koc,2011,阿佐ヶ谷姉妹,,準決勝進出,,,,,,,,,,,,,,
koc,2011,我が家,,準決勝進出,,,,,,,,,,,,,,
koc,2011,学天即,,準決勝進出,,,,,,,,,,,,,,
koc,2011,銀シャリ,,準決勝進出,,,,,,,,,,,,,,
koc,2011,犬の心,,準決勝進出,,,,,,,,,,,,,,
koc,2011,大黒天,,準決勝進出,,,,,,,,,,,,,,
koc,2011,天竺鼠,,準決勝進出,,,,,,,,,,,,,,
koc,2011,平成ノブシコブシ,,準決勝進出,,,,,,,,,,,,,,
koc,2011,夜ふかしの会,,準決勝進出,,,,,,,,,,,,,,
koc,2010,キングオブコメディ,,優勝,瞬殺!今夜本当のキングになる!,,4,908点,,,8番,928点,,,,,,
koc,2010,ピース,,2位,冷静×情熱 奇跡の化学反応,,3,827点,,,4番,942点,,,,,,
koc,2010,TKO,,3位,芸歴19年!驚異のチャレンジャー,,1,820点,,,2番,916点,,,,,,
koc,2010,ジャルジャル,,4位,逆襲を誓う若き浪花のコント師,,5,829点,,,5番,898点,,,,,,
koc,2010,ラバーガール,,5位,東京03キングの秘蔵っ子,,7,864点,,,6番,830点,,,,,,
koc,2010,しずる,,6位,玉座奪還 狙うはNo.1,,8,898点,シナリオ,https://www.youtube.com/watch?v=sWFhGOPgBaE,7番,772点,監督と俳優,,,,,
koc,2010,ロッチ,,7位,コントワールド無限大,,2,826点,,,3番,781点,,,,,,
koc,2010,エレキコミック,,8位,電撃バカ!1000万ボルト,,6,727点,,,1番,720点,,,,,,
koc,2010,2700,,準決勝進出,,,,,,,,,,,,,,
koc,2010,83幕府,,準決勝進出,,,,,,,,,,,,,,
koc,2010,COWCOW,,準決勝進出,,,,,,,,,,,,,,
koc,2010,GAG少年楽団,,準決勝進出,,,,,,,,,,,,,,
koc,2010,THE GEESE,,準決勝進出,,,,,,,,,,,,,,
koc,2010,Wエンジン,,準決勝進出,,,,,,,,,,,,,,
koc,2010,アームストロング,,準決勝進出,,,,,,,,,,,,,,
koc,2010,アイロンヘッド,,準決勝進出,,,,,,,,,,,,,,
koc,2010,アジアン,,準決勝進出,,,,,,,,,,,,,,
koc,2010,アップダウン,,準決勝進出,,,,,,,,,,,,,,
koc,2010,アメリカザリガニ,,準決勝進出,,,,,,,,,,,,,,
koc,2010,アンジャッシュ,,準決勝進出,,,,,,,,,,,,,,
koc,2010,イワイガワ,,準決勝進出,,,,,,,,,,,,,,
koc,2010,インスタントジョンソン,,準決勝進出,,,,,,,,,,,,,,
koc,2010,インパルス,,準決勝進出,,,,,,,,,,,,,,
koc,2010,カナリア,,準決勝進出,,,,,,,,,,,,,,
koc,2010,かまいたち,,準決勝進出,,,,,,,,,,,,,,
koc,2010,カリカ,,準決勝進出,,,,,,,,,,,,,,
koc,2010,グランジ,,準決勝進出,,,,,,,,,,,,,,
koc,2010,ザ・アンモナイト,,準決勝進出,,,,,,,,,,,,,,
koc,2010,ザ・ゴールデンゴールデン,,準決勝進出,,,,,,,,,,,,,,
koc,2010,ザ・プラン9,3,準決勝進出,,,,,,,,,,,,,,
koc,2010,さかなDVD,,準決勝進出,,,,,,,,,,,,,,
koc,2010,ザブングル,,準決勝進出,,,,,,,,,,,,,,
koc,2010,さらば青春の光,,準決勝進出,,,,,,,,,,,,,,
koc,2010,シャカ,,準決勝進出,,,,,,,,,,,,,,
koc,2010,しゃもじ,,準決勝進出,,,,,,,,,,,,,,
koc,2010,ジャングルポケット,,準決勝進出,,,,,,,,,,,,,,
koc,2010,シャンプーハット,,準決勝進出,,,,,,,,,,,,,,
koc,2010,ジューシーズ,,準決勝進出,,,,,,,,,,,,,,
koc,2010,スリムクラブ,,準決勝進出,,,,,,,,,,,,,,
koc,2010,ずん,,準決勝進出,,,,,,,,,,,,,,
koc,2010,ソーセージ,,準決勝進出,,,,,,,,,,,,,,
koc,2010,ダイアン,,準決勝進出,,,,,,,,,,,,,,
koc,2010,タイムマシーン3号,,準決勝進出,,,,,,,,,,,,,,
koc,2010,チーモンチョーチュウ,,準決勝進出,,,,,,,,,,,,,,
koc,2010,チョコレートプラネット,,準決勝進出,,,,,,,,,,,,,,
koc,2010,テンダラー,,準決勝進出,,,,,,,,,,,,,,
koc,2010,トータルテンボス,,準決勝進出,,,,,,,,,,,,,,
koc,2010,トット,,準決勝進出,,,,,,,,,,,,,,
koc,2010,トップリード,,準決勝進出,,,,,,,,,,,,,,
koc,2010,ドランクドラゴン,,準決勝進出,,,,,,,,,,,,,,
koc,2010,ななめ45°,,準決勝進出,,,,,,,,,,,,,,
koc,2010,ハマカーン,,準決勝進出,,,,,,,,,,,,,,
koc,2010,フラミンゴ,,準決勝進出,,,,,,,,,,,,,,
koc,2010,ブレーメン,,準決勝進出,,,,,,,,,,,,,,
koc,2010,ポラロイドマガジン,,準決勝進出,,,,,,,,,,,,,,
koc,2010,ムートン,,準決勝進出,,,,,,,,,,,,,,
koc,2010,ものいい,,準決勝進出,,,,,,,,,,,,,,
koc,2010,モンスターエンジン,,準決勝進出,,,,,,,,,,,,,,
koc,2010,ラフ・コントロール,,準決勝進出,,,,,,,,,,,,,,
koc,2010,我が家,,準決勝進出,,,,,,,,,,,,,,
koc,2010,学天即,,準決勝進出,,,,,,,,,,,,,,
koc,2010,鬼ヶ島,,準決勝進出,,,,,,,,,,,,,,
koc,2010,銀シャリ,,準決勝進出,,,,,,,,,,,,,,
koc,2010,禅,,準決勝進出,,,,,,,,,,,,,,
koc,2010,天竺鼠,,準決勝進出,,,,,,,,,,,,,,
koc,2010,平成ノブシコブシ,,準決勝進出,,,,,,,,,,,,,,
koc,2010,野性爆弾,,準決勝進出,,,,,,,,,,,,,,
koc,2010,和牛,,準決勝進出,,,,,,,,,,,,,,
koc,2009,東京03,,優勝,首都圏発!コント三銃士,,1,835点,,,7番,953点,,,,,,
koc,2009,サンドウィッチマン,,2位,2冠を狙うM-1王者,,7,878点,,,8番,865点,,,,,,
koc,2009,しずる,,3位,静かなる技巧派コント職人,,6,820点,冥土の土産,https://www.youtube.com/watch?v=QtylAJuFzlo,6番,831点,卓球,https://www.youtube.com/watch?v=fhnm2IfcJP4,,,,
koc,2009,インパルス,,4位,無限のコント製造マシーン,,8,767点,,,3番,868点,,,,,,
koc,2009,モンスターエンジン,,5位,お笑い怪物フルスロットル,,3,771点,,,4番,855点,,,,,,
koc,2009,ロッチ,,6位,遅れてきた本格派ルーキー,,4,807点,,,5番,804点,,,,,,
koc,2009,天竺鼠,,7位,唯一の2年連続ファイナリスト,,5,723点,,,1番,829点,,,,,,
koc,2009,ジャルジャル,,8位,逆襲を誓う若き浪花のコント師,,2,734点,,,2番,805点,,,,,,
koc,2009,2700,,準決勝進出,,,,,,,,,,,,,,
koc,2009,COWCOW,,準決勝進出,,,,,,,,,,,,,,
koc,2009,D・N・A,,準決勝進出,,,,,,,,,,,,,,
koc,2009,DA-DA,,準決勝進出,,,,,,,,,,,,,,
koc,2009,GAG少年楽団,,準決勝進出,,,,,,,,,,,,,,
koc,2009,NON STYLE,,準決勝進出,,,,,,,,,,,,,,
koc,2009,THE GEESE,,準決勝進出,,,,,,,,,,,,,,
koc,2009,TKO,,準決勝進出,,,,,,,,,,,,,,
koc,2009,Wエンジン,,準決勝進出,,,,,,,,,,,,,,
koc,2009,アップダウン,,準決勝進出,,,,,,,,,,,,,,
koc,2009,アルコ＆ピース,,準決勝進出,,,,,,,,,,,,,,
koc,2009,アンジャッシュ,,準決勝進出,,,,,,,,,,,,,,
koc,2009,インスタントジョンソン,,準決勝進出,,,,,,,,,,,,,,
koc,2009,エネルギー,,準決勝進出,,,,,,,,,,,,,,
koc,2009,エレキコミック,,準決勝進出,,,,,,,,,,,,,,
koc,2009,かまいたち,,準決勝進出,,,,,,,,,,,,,,
koc,2009,かりんとう,,準決勝進出,,,,,,,,,,,,,,
koc,2009,カレー,,準決勝進出,,,,,,,,,,,,,,
koc,2009,キングオブコメディ,,準決勝進出,,,,,,,,,,,,,,
koc,2009,グランジ,,準決勝進出,,,,,,,,,,,,,,
koc,2009,ザ・パンチ,,準決勝進出,,,,,,,,,,,,,,
koc,2009,ザ・プラン9,3,準決勝進出,,,,,,,,,,,,,,
koc,2009,ザ・マンモス,,準決勝進出,,,,,,,,,,,,,,
koc,2009,さかなDVD,,準決勝進出,,,,,,,,,,,,,,
koc,2009,サバンナ,,準決勝進出,,,,,,,,,,,,,,
koc,2009,ザブングル,,準決勝進出,,,,,,,,,,,,,,
koc,2009,シソンヌ,,準決勝進出,,,,,,,,,,,,,,
koc,2009,シャングリラ,,準決勝進出,,,,,,,,,,,,,,
koc,2009,ジャングルポケット,,準決勝進出,,,,,,,,,,,,,,
koc,2009,ジューシーズ,,準決勝進出,,,,,,,,,,,,,,
koc,2009,ゼミナールキッチン,,準決勝進出,,,,,,,,,,,,,,
koc,2009,ソーセージ,,準決勝進出,,,,,,,,,,,,,,
koc,2009,ダイノジ,,準決勝進出,,,,,,,,,,,,,,
koc,2009,チョップリン,,準決勝進出,,,,,,,,,,,,,,
koc,2009,トータルテンボス,,準決勝進出,,,,,,,,,,,,,,
koc,2009,どきどきキャンプ,,準決勝進出,,,,,,,,,,,,,,
koc,2009,トップリード,,準決勝進出,,,,,,,,,,,,,,
koc,2009,ドランクドラゴン,,準決勝進出,,,,,,,,,,,,,,
koc,2009,ドレッドノート,,準決勝進出,,,,,,,,,,,,,,
koc,2009,ななめ45°,,準決勝進出,,,,,,,,,,,,,,
koc,2009,ニブンノゴ！,,準決勝進出,,,,,,,,,,,,,,
koc,2009,ハイキングウォーキング,,準決勝進出,,,,,,,,,,,,,,
koc,2009,はだか電球,,準決勝進出,,,,,,,,,,,,,,
koc,2009,ハマカーン,,準決勝進出,,,,,,,,,,,,,,
koc,2009,はんにゃ,,準決勝進出,,,,,,,,,,,,,,
koc,2009,ビーグル38,,準決勝進出,,,,,,,,,,,,,,
koc,2009,ピース,,準決勝進出,,,,,,,,,,,,,,
koc,2009,ビーフケーキ,,準決勝進出,,,,,,,,,,,,,,
koc,2009,ファミリーレストラン,,準決勝進出,,,,,,,,,,,,,,
koc,2009,プラスマイナス,,準決勝進出,,,,,,,,,,,,,,
koc,2009,フルーツポンチ,,準決勝進出,,,,,,,,,,,,,,
koc,2009,ペナルティ,,準決勝進出,,,,,,,,,,,,,,
koc,2009,や団,,準決勝進出,,,,,,,,,,,,,,
koc,2009,ラバーガール,,準決勝進出,,,,,,,,,,,,,,
koc,2009,ロザン,,準決勝進出,,,,,,,,,,,,,,
koc,2009,ロバート,,準決勝進出,,,,,,,,,,,,,,
koc,2009,鬼ヶ島,,準決勝進出,,,,,,,,,,,,,,
koc,2009,銀シャリ,,準決勝進出,,,,,,,,,,,,,,
koc,2009,劇団イワサキマキオ,,準決勝進出,,,,,,,,,,,,,,
koc,2009,三日月トリオ,,準決勝進出,,,,,,,,,,,,,,
koc,2009,森三中,,準決勝進出,（準決勝欠場）,,,,,,,,,,,,,
koc,2009,天津,,準決勝進出,,,,,,,,,,,,,,
koc,2008,バッファロー吾郎,,優勝,熟成されて19年,A,2,460点,,,先攻,5票,,,,,,
koc,2008,バナナマン,,2位,ライブ至上主義,B,3,482点,,,後攻,2票,,,,,,
koc,2008,ロバート,,3位,世にも奇妙な三重奏,B,2,473点,,,,,,,,,,
koc,2008,チョコレートプラネット,,4位,未確認コント星人,B,1,415点,,,,,,,,,,
koc,2008,ザ・ギース,,5位,解散をかけた挑戦!,A,3,400点,,,,,,,,,,
koc,2008,天竺鼠,,6位,野心と情熱のコント志士,A,4,388点,,,,,,,,,,
koc,2008,TKO,,7位,全国区 5回目の正直,A,1,368点,,,,,,,,,,
koc,2008,2700,,8位,結成半年の奇跡ミラクルコンビ,B,4,327点,,,,,,,,,,
koc,2008,$10,,準決勝進出,,,,,,,,,,,,,,
koc,2008,2丁拳銃,,準決勝進出,,,,,,,,,,,,,,
koc,2008,COWCOW,,準決勝進出,,,,,,,,,,,,,,
koc,2008,FUJIWARA,,準決勝進出,,,,,,,,,,,,,,
koc,2008,NON STYLE,,準決勝進出,,,,,,,,,,,,,,
koc,2008,Wエンジン,,準決勝進出,,,,,,,,,,,,,,
koc,2008,アームストロング,,準決勝進出,,,,,,,,,,,,,,
koc,2008,アップダウン,,準決勝進出,,,,,,,,,,,,,,
koc,2008,イワイガワ,,準決勝進出,,,,,,,,,,,,,,
koc,2008,インスタントジョンソン,,準決勝進出,,,,,,,,,,,,,,
koc,2008,インパルス,,準決勝進出,,,,,,,,,,,,,,
koc,2008,エレキコミック,,準決勝進出,,,,,,,,,,,,,,
koc,2008,オキシジェン,,準決勝進出,,,,,,,,,,,,,,
koc,2008,オジンオズボーン,,準決勝進出,,,,,,,,,,,,,,
koc,2008,カリカ,,準決勝進出,,,,,,,,,,,,,,
koc,2008,キングオブコメディ,,準決勝進出,,,,,,,,,,,,,,
koc,2008,キンデルダイク,,準決勝進出,,,,,,,,,,,,,,
koc,2008,グランジ,,準決勝進出,,,,,,,,,,,,,,
koc,2008,クロスバー直撃,,準決勝進出,,,,,,,,,,,,,,
koc,2008,ザ・プラン9,3,準決勝進出,,,,,,,,,,,,,,
koc,2008,サバンナ,,準決勝進出,,,,,,,,,,,,,,
koc,2008,ザブングル,,準決勝進出,,,,,,,,,,,,,,
koc,2008,しずる,,準決勝進出,,,,,,,,,,,,,,
koc,2008,ジャルジャル,,準決勝進出,,,,,,,,,,,,,,
koc,2008,ジャンクション,,準決勝進出,,,,,,,,,,,,,,
koc,2008,シャンプーハット,,準決勝進出,,,,,,,,,,,,,,
koc,2008,ジョイマン,,準決勝進出,,,,,,,,,,,,,,
koc,2008,スペースラジオ,,準決勝進出,,,,,,,,,,,,,,
koc,2008,ソラシド,,準決勝進出,,,,,,,,,,,,,,
koc,2008,ダイアン,,準決勝進出,,,,,,,,,,,,,,
koc,2008,ダイノジ,,準決勝進出,,,,,,,,,,,,,,
koc,2008,チョップリン,,準決勝進出,,,,,,,,,,,,,,
koc,2008,トータルテンボス,,準決勝進出,,,,,,,,,,,,,,
koc,2008,ドランクドラゴン,,準決勝進出,,,,,,,,,,,,,,
koc,2008,とろサーモン,,準決勝進出,,,,,,,,,,,,,,
koc,2008,ニブンノゴ！,,準決勝進出,,,,,,,,,,,,,,
koc,2008,バイきんぐ,,準決勝進出,,,,,,,,,,,,,,
koc,2008,パニーニ,,準決勝進出,,,,,,,,,,,,,,
koc,2008,ハリセンボン,,準決勝進出,,,,,,,,,,,,,,
koc,2008,パンクブーブー,,準決勝進出,,,,,,,,,,,,,,
koc,2008,フォーリンラブ,,準決勝進出,,,,,,,,,,,,,,
koc,2008,フラミンゴ,,準決勝進出,,,,,,,,,,,,,,
koc,2008,ペナルティ,,準決勝進出,,,,,,,,,,,,,,
koc,2008,ホーム・チーム,,準決勝進出,,,,,,,,,,,,,,
koc,2008,モンスターエンジン,,準決勝進出,,,,,,,,,,,,,,
koc,2008,ライセンス,,準決勝進出,,,,,,,,,,,,,,
koc,2008,ラバーガール,,準決勝進出,,,,,,,,,,,,,,
koc,2008,ロザン,,準決勝進出,,,,,,,,,,,,,,
koc,2008,我が家,,準決勝進出,,,,,,,,,,,,,,
koc,2008,鎌鼬,,準決勝進出,,,,,,,,,,,,,,
koc,2008,鬼ヶ島,,準決勝進出,,,,,,,,,,,,,,
koc,2008,銀シャリ,,準決勝進出,,,,,,,,,,,,,,
koc,2008,犬の心,,準決勝進出,,,,,,,,,,,,,,
koc,2008,座長座長,,準決勝進出,,,,,,,,,,,,,,
koc,2008,次長課長,,準決勝進出,,,,,,,,,,,,,,
koc,2008,天津,,準決勝進出,,,,,,,,,,,,,,
koc,2008,東京03,,準決勝進出,,,,,,,,,,,,,,
koc,2008,東京ダイナマイト,,準決勝進出,,,,,,,,,,,,,,
koc,2008,藤崎マーケット,,準決勝進出,,,,,,,,,,,,,,
koc,2008,野性爆弾,,準決勝進出,,,,,,,,,,,,,,
r1,2026,真輝志,,決勝進出,,,,,,,,,,,,,,
r1,2026,トンツカタン お抹茶,,決勝進出,,,,,,,,,,,,,,
r1,2026,渡辺銀次,,決勝進出,,,,,,,,,,,,,,
r1,2026,さすらいラビー中田,,決勝進出,,,,,,,,,,,,,,
r1,2026,ななまがり 初瀬,,決勝進出,,,,,,,,,,,,,,
r1,2026,ルシファー吉岡,,決勝進出,,,,,,,,,,,,,,
r1,2026,今井らいぱち,,決勝進出,,,,,,,,,,,,,,
r1,2026,しんや,,決勝進出,,,,,,,,,,,,,,
r1,2026,九条ジョー,,決勝進出,,,,,,,,,,,,,,
r1,2026,島田珠代,,準決勝進出,,,,,,,,,,,,,,
r1,2026,石井亮次,,準決勝進出,,,,,,,,,,,,,,
r1,2026,kento fukaya,,準決勝進出,,,,,,,,,,,,,,
r1,2026,浜田順平,,準決勝進出,,,,,,,,,,,,,,
r1,2026,栗尾真理,,準決勝進出,,,,,,,,,,,,,,
r1,2026,メガネロック大屋,,準決勝進出,,,,,,,,,,,,,,
r1,2026,あぁ〜しらき,,準決勝進出,,,,,,,,,,,,,,
r1,2026,うちまつげ内間,,準決勝進出,,,,,,,,,,,,,,
r1,2026,ZAZY,,準決勝進出,,,,,,,,,,,,,,
r1,2026,ふかわりょう,,準決勝進出,,,,,,,,,,,,,,
r1,2026,キンタロー。,,準決勝進出,,,,,,,,,,,,,,
r1,2026,ヒロ・オクムラ,,準決勝進出,,,,,,,,,,,,,,
r1,2026,サツマカワRPG,,準決勝進出,,,,,,,,,,,,,,
r1,2026,ホロッコこまり,,準決勝進出,,,,,,,,,,,,,,
r1,2026,カラタチ 前田,,準決勝進出,,,,,,,,,,,,,,
r1,2026,ネコニスズ ヤマゲン,,準決勝進出,,,,,,,,,,,,,,
r1,2026,おしみんまる,,準決勝進出,,,,,,,,,,,,,,
r1,2026,ヨネダ2000 誠,,準決勝進出,,,,,,,,,,,,,,
r1,2026,ななまがり 森下,,準決勝進出,,,,,,,,,,,,,,
r1,2026,エアコンぶんぶんお姉さん,,準決勝進出,,,,,,,,,,,,,,
r1,2026,惹女香花,,準決勝進出,,,,,,,,,,,,,,
r1,2026,中野なかるてぃん,,準決勝進出,,,,,,,,,,,,,,
r1,2026,かが屋 賀屋,,準決勝進出,,,,,,,,,,,,,,
r1,2026,紺野ぶるま,,準決勝進出,,,,,,,,,,,,,,
r1,2026,ナカヤ,,準決勝進出,,,,,,,,,,,,,,
r1,2026,中山功太,,準決勝進出,,,,,,,,,,,,,,
r1,2026,府上ふが,,準々決勝進出,,,,,,,,,,,,,,
r1,2026,やまぐちたけし,,準々決勝進出,,,,,,,,,,,,,,
r1,2026,笛木七男,,準々決勝進出,,,,,,,,,,,,,,
r1,2026,谷口理,,準々決勝進出,,,,,,,,,,,,,,
r1,2026,ネイビーズアフロ はじり,,準々決勝進出,,,,,,,,,,,,,,
r1,2026,宮里たすく,,準々決勝進出,,,,,,,,,,,,,,
r1,2026,祇園 木﨑太郎,,準々決勝進出,,,,,,,,,,,,,,
r1,2026,シスター 週末,,準々決勝進出,,,,,,,,,,,,,,
r1,2026,松永ボディ,,準々決勝進出,,,,,,,,,,,,,,
r1,2026,清川雄司,,準々決勝進出,,,,,,,,,,,,,,
r1,2026,ファンファーレと熱狂 奥慎太郎,,準々決勝進出,,,,,,,,,,,,,,
r1,2026,独唱の塔天,,準々決勝進出,,,,,,,,,,,,,,
r1,2026,あずき坊主,,準々決勝進出,,,,,,,,,,,,,,
r1,2026,爛々 萌々,,準々決勝進出,,,,,,,,,,,,,,
r1,2026,ヤナギブソン,,準々決勝進出,,,,,,,,,,,,,,
r1,2026,元銀行員イースト,,準々決勝進出,,,,,,,,,,,,,,
r1,2026,52Hz 瑞希,,準々決勝進出,,,,,,,,,,,,,,
r1,2026,島田かずさ,,準々決勝進出,,,,,,,,,,,,,,
r1,2026,はじめましてはじめ,,準々決勝進出,,,,,,,,,,,,,,
r1,2026,森田GM,,準々決勝進出,,,,,,,,,,,,,,
r1,2026,ピーナツ,,準々決勝進出,,,,,,,,,,,,,,
r1,2026,苺ちゃん,,準々決勝進出,,,,,,,,,,,,,,
r1,2026,大正サウナ 國島チャカフィロ,,準々決勝進出,,,,,,,,,,,,,,
r1,2026,無香ノ薫,,準々決勝進出,,,,,,,,,,,,,,
r1,2026,セルライトスパ 大須賀,,準々決勝進出,,,,,,,,,,,,,,
r1,2026,コバタユウ,,準々決勝進出,,,,,,,,,,,,,,
r1,2026,本読亭魚之輔,,準々決勝進出,,,,,,,,,,,,,,
r1,2026,うえし,,準々決勝進出,,,,,,,,,,,,,,
r1,2026,伝説の一人っ子リク,,準々決勝進出,,,,,,,,,,,,,,
r1,2026,森本サイダー,,準々決勝進出,,,,,,,,,,,,,,
r1,2026,どくさいスイッチ企画,,準々決勝進出,,,,,,,,,,,,,,
r1,2026,徳原旅行,,準々決勝進出,,,,,,,,,,,,,,
r1,2026,ベンビー,,準々決勝進出,,,,,,,,,,,,,,
r1,2026,どんぐりたけし,,準々決勝進出,,,,,,,,,,,,,,
r1,2026,小森園ひろし,,準々決勝進出,,,,,,,,,,,,,,
r1,2026,ウメ,,準々決勝進出,,,,,,,,,,,,,,
r1,2026,アリ,,準々決勝進出,,,,,,,,,,,,,,
r1,2026,ラニーノーズ 山田健人,,準々決勝進出,,,,,,,,,,,,,,
r1,2026,もりやすバンバンビガロ,,準々決勝進出,,,,,,,,,,,,,,
r1,2026,岡野陽一,,準々決勝進出,,,,,,,,,,,,,,
r1,2026,もしかしてあの古賀,,準々決勝進出,,,,,,,,,,,,,,
r1,2026,シューマッハ中村,,準々決勝進出,,,,,,,,,,,,,,
r1,2026,もじゃ,,準々決勝進出,,,,,,,,,,,,,,
r1,2026,バモスあかば,,準々決勝進出,,,,,,,,,,,,,,
r1,2026,高木払い,,準々決勝進出,,,,,,,,,,,,,,
r1,2026,ヒューマン中村,,準々決勝進出,,,,,,,,,,,,,,
r1,2026,藤原直樹×藤原直樹,,準々決勝進出,,,,,,,,,,,,,,
r1,2026,谷口つばさ,,準々決勝進出,,,,,,,,,,,,,,
r1,2026,わっきゃい,,準々決勝進出,,,,,,,,,,,,,,
r1,2026,ワタリ119,,準々決勝進出,,,,,,,,,,,,,,
r1,2026,夫婦のじかん 山西章博,,準々決勝進出,,,,,,,,,,,,,,
r1,2026,よねちゃん,,準々決勝進出,,,,,,,,,,,,,,
r1,2026,コージー冨田,,準々決勝進出,,,,,,,,,,,,,,
r1,2026,河邑ミク,,準々決勝進出,,,,,,,,,,,,,,
r1,2026,カシ,,準々決勝進出,,,,,,,,,,,,,,
r1,2026,そると,,準々決勝進出,,,,,,,,,,,,,,
r1,2026,マツモトクラブ,,準々決勝進出,,,,,,,,,,,,,,
r1,2026,スカチャン ヤジマリー。,,準々決勝進出,,,,,,,,,,,,,,
r1,2026,じぐざぐジャンプ,,準々決勝進出,,,,,,,,,,,,,,
r1,2026,小仲くん,,準々決勝進出,,,,,,,,,,,,,,
r1,2026,ライス 田所,,準々決勝進出,,,,,,,,,,,,,,
r1,2026,二代目ちくわぶ,,準々決勝進出,,,,,,,,,,,,,,
r1,2026,兼光タカシ,,準々決勝進出,,,,,,,,,,,,,,
r1,2026,ドロステ 詠田タイヤ,,準々決勝進出,,,,,,,,,,,,,,
r1,2026,ダイス,,準々決勝進出,,,,,,,,,,,,,,
r1,2026,レインボー 池田,,準々決勝進出,,,,,,,,,,,,,,
r1,2026,ミヤシタガク,,準々決勝進出,,,,,,,,,,,,,,
r1,2026,バイク川崎バイク,,準々決勝進出,,,,,,,,,,,,,,
r1,2026,村上健志,,準々決勝進出,,,,,,,,,,,,,,
r1,2026,太鵬 太朗,,準々決勝進出,,,,,,,,,,,,,,
r1,2026,あさひ,,準々決勝進出,,,,,,,,,,,,,,
r1,2026,モリコウヘイ,,準々決勝進出,,,,,,,,,,,,,,
r1,2026,堀川ランプ,,準々決勝進出,,,,,,,,,,,,,,
r1,2026,カシュウ’s born!,,準々決勝進出,,,,,,,,,,,,,,
r1,2026,村上、元気そうでよかった。,,準々決勝進出,,,,,,,,,,,,,,
r1,2026,ゼロカラン ワキユウタ,,準々決勝進出,,,,,,,,,,,,,,
r1,2026,ムーディ勝山,,準々決勝進出,,,,,,,,,,,,,,
r1,2026,リンダカラー∞ Den,,準々決勝進出,,,,,,,,,,,,,,
r1,2026,牧野ステテコ,,準々決勝進出,,,,,,,,,,,,,,
r1,2026,兼近大樹,,準々決勝進出,,,,,,,,,,,,,,
r1,2026,土佐兄弟 ゆうき,,準々決勝進出,,,,,,,,,,,,,,
r1,2026,リップグリップ倉田シウマイ,,準々決勝進出,,,,,,,,,,,,,,
r1,2026,赤嶺総理,,準々決勝進出,,,,,,,,,,,,,,
r1,2026,すゑひろがりず 南條,,準々決勝進出,,,,,,,,,,,,,,
r1,2026,パーマ大佐,,準々決勝進出,,,,,,,,,,,,,,
r1,2026,原田フニャオ,,準々決勝進出,,,,,,,,,,,,,,
r1,2026,レイザーラモンRG,,準々決勝進出,,,,,,,,,,,,,,
r1,2025,友田オレ,,優勝,最年少優勝へ,,8,662点,風間和彦,https://www.youtube.com/watch?v=qGi9F8TeX8U,3番,5票,ないないなないなない音頭,https://www.youtube.com/watch?v=G7oC9YH0YR4,,,,
r1,2025,ハギノリザードマン,,2位,I♡小道具,,4,655点,息子の旅立ち,https://www.youtube.com/watch?v=DdhVobr-W6w,2番,2票,生活の授業,https://www.youtube.com/watch?v=yTenlHL4ypU,,,,
r1,2025,田津原理音,,3位,完全攻略,,3,654点,家具の説明書,https://www.youtube.com/watch?v=jRQiVaKqOUA,1番,0票,ぜんぜんええねんで,,,,,
r1,2025,ルシファー吉岡,,4位,7度目の正直,,5,651点,菅田将暉,,,,,,,,,
r1,2025,チャンス大城,,5位,チャンス到来,,2,650点,ハリウッド女優ステファニーと照明スタッフ,https://www.youtube.com/watch?v=6qqm41MkM8A,,,,,,,,
r1,2025,マツモトクラブ,,6位,ミスター敗者復活,,9,647点,日本語学校,,,,,,,,,
r1,2025,吉住,,7位,今度こそコントで,,6,641点,婚活会議,https://www.youtube.com/watch?v=ZtBVevrdrX4,,,,,,,,
r1,2025,さや香 新山,,8位,新山100%,,7,639点,スーパーの空調,https://www.youtube.com/watch?v=aj6aZtjTuBM,,,,,,,,
r1,2025,ヒロ・オクムラ,,9位,圧倒的話芸,,1,631点,ベンチャー,https://www.youtube.com/watch?v=d13O66gZ2Kc,,,,,,,,
r1,2025,苺ちゃん,,準決勝進出,,,,,,,,,,,,,,
r1,2025,真輝志,,準決勝進出,,,,,,,,,,,,,,
r1,2025,ZAZY,,準決勝進出,,,,,,,,,,,,,,
r1,2025,ホロッコこまり,,準決勝進出,,,,,,,,,,,,,,
r1,2025,須藤ジム,,準決勝進出,,,,,,,,,,,,,,
r1,2025,カシ,,準決勝進出,,,,,,,,,,,,,,
r1,2025,トンツカタン お抹茶,,準決勝進出,,,,,,,,,,,,,,
r1,2025,kento fukaya,,準決勝進出,,,,,,,,,,,,,,
r1,2025,金澤TKCファクトリー,,準決勝進出,,,,,,,,,,,,,,
r1,2025,岡野陽一,,準決勝進出,,,,,,,,,,,,,,
r1,2025,ソマオ・ミートボール,,準決勝進出,,,,,,,,,,,,,,
r1,2025,中野なかるてぃん,,準決勝進出,,,,,,,,,,,,,,
r1,2025,ヒューマン中村,,準決勝進出,,,,,,,,,,,,,,
r1,2025,ななまがり 初瀬,,準決勝進出,,,,,,,,,,,,,,
r1,2025,かが屋 賀屋,,準決勝進出,,,,,,,,,,,,,,
r1,2025,かが屋 加賀,,準決勝進出,,,,,,,,,,,,,,
r1,2025,キンタロー。,,準決勝進出,,,,,,,,,,,,,,
r1,2025,今井らいぱち,,準決勝進出,,,,,,,,,,,,,,
r1,2025,紺野ぶるま,,準決勝進出,,,,,,,,,,,,,,
r1,2025,ふかわりょう,,準決勝進出,,,,,,,,,,,,,,
r1,2025,どんぐりたけし,,準決勝進出,,,,,,,,,,,,,,
r1,2025,ヤナギブソン,,準決勝進出,,,,,,,,,,,,,,
r1,2025,ウエストランド 井口,,準決勝進出,,,,,,,,,,,,,,
r1,2025,こたけ正義感,,準決勝進出,,,,,,,,,,,,,,
r1,2025,ヒコロヒー,,準決勝進出,,,,,,,,,,,,,,
r1,2024,街裏ぴんく,,優勝,,,3,471点,,,2番,3票,,,,,,
r1,2024,吉住,,2位,,,7,470点,,,1番,2票,,,,,,
r1,2024,ルシファー吉岡,,3位,,,2,475点,,,3番,0票,,,,,,
r1,2024,真輝志,,4位,,,1,458点,,,,,,,,,,
r1,2024,どくさいスイッチ企画,,4位,,,9,458点,,,,,,,,,,
r1,2024,サツマカワRPG,,6位,,,6,457点,,,,,,,,,,
r1,2024,寺田寛明,,7位,,,5,455点,,,,,,,,,,
r1,2024,kento fukaya,,8位,,,4,452点,,,,,,,,,,
r1,2024,トンツカタンお抹茶,,9位,,,8,448点,,,,,,,,,,
r1,2024,徳原旅行,,準決勝進出,,,,,,,,,,,,,,
r1,2024,苺ちゃん,,準決勝進出,,,,,,,,,,,,,,
r1,2024,バイク川崎バイク,,準決勝進出,,,,,,,,,,,,,,
r1,2024,おいでやす小田,,準決勝進出,,,,,,,,,,,,,,
r1,2024,やまぐちたけし,,準決勝進出,,,,,,,,,,,,,,
r1,2024,サイクロンZ,,準決勝進出,,,,,,,,,,,,,,
r1,2024,ハマノとヘンミ へんみ亮介,,準決勝進出,,,,,,,,,,,,,,
r1,2024,今井らいぱち,,準決勝進出,,,,,,,,,,,,,,
r1,2024,こたけ正義感,,準決勝進出,,,,,,,,,,,,,,
r1,2024,ウエストランド井口,,準決勝進出,,,,,,,,,,,,,,
r1,2024,兼近大樹,,準決勝進出,,,,,,,,,,,,,,
r1,2024,中野なかるてぃん,,準決勝進出,,,,,,,,,,,,,,
r1,2024,たつろう,,準決勝進出,,,,,,,,,,,,,,
r1,2024,キンタロー。,,準決勝進出,,,,,,,,,,,,,,
r1,2024,ケビンス 山口コンボイ,,準決勝進出,,,,,,,,,,,,,,
r1,2024,ななまがり森下,,準決勝進出,,,,,,,,,,,,,,
r1,2024,アゲみざわ信子,,準決勝進出,,,,,,,,,,,,,,
r1,2024,紺野ぶるま,,準決勝進出,,,,,,,,,,,,,,
r1,2024,ドンデコルテ渡辺,,準決勝進出,,,,,,,,,,,,,,
r1,2024,ヒューマン中村,,準決勝進出,,,,,,,,,,,,,,
r1,2024,どんぐりたけし,,準決勝進出,,,,,,,,,,,,,,
r1,2024,マツモトクラブ,,準決勝進出,,,,,,,,,,,,,,
r1,2024,SAKURAI,,準決勝進出,,,,,,,,,,,,,,
r1,2024,Yes!アキト,,準決勝進出,,,,,,,,,,,,,,
r1,2023,田津原理音,,優勝,フリップの境界線,,7,470点,,,1番,3票,,,,,,
r1,2023,コットン きょん,,2位,コットン代表,,8,468点,,,2番,2票,,,,,,
r1,2023,寺田寛明,,3位,日本語の面白さ,,2,464点,,,,,,,,,,
r1,2023,サツマカワRPG,,4位,サツマカワ純度100%,,4,462点,,,,,,,,,,
r1,2023,こたけ正義感,,4位,（復活ステージ1位）,,6,462点,,,,,,,,,,
r1,2023,カベポスター 永見,,6位,ピンネタ＞漫才,,5,460点,,,,,,,,,,
r1,2023,Yes!アキト,,7位,New!アキト,,1,456点,,,,,,,,,,
r1,2023,ラパルフェ 都留,,8位,モノマネ×コント,,3,451点,,,,,,,,,,
r1,2023,やまぐちたけし,,準決勝進出,,,,,,,,,,,,,,
r1,2023,清川雄司,,準決勝進出,,,,,,,,,,,,,,
r1,2023,ソマオ・ミートボール,,準決勝進出,,,,,,,,,,,,,,
r1,2023,赤木裕,,準決勝進出,,,,,,,,,,,,,,
r1,2023,鈴木ジェロニモ,,準決勝進出,,,,,,,,,,,,,,
r1,2023,本多スイミングスクール,,準決勝進出,,,,,,,,,,,,,,
r1,2023,ヨネダ2000 誠,,準決勝進出,,,,,,,,,,,,,,
r1,2023,二代目ちくわぶ,,準決勝進出,,,,,,,,,,,,,,
r1,2023,村民代表南川,,準決勝進出,,,,,,,,,,,,,,
r1,2023,もりせいじゅ,,準決勝進出,,,,,,,,,,,,,,
r1,2023,ケビンス 山口コンボイ,,準決勝進出,,,,,,,,,,,,,,
r1,2023,トンツカタン お抹茶,,準決勝進出,,,,,,,,,,,,,,
r1,2023,蛙亭 イワクラ,,準決勝進出,,,,,,,,,,,,,,
r1,2023,ハマノとヘンミ へんみ亮介,,準決勝進出,,,,,,,,,,,,,,
r1,2023,エルフ 荒川,,準決勝進出,,,,,,,,,,,,,,
r1,2023,真輝志,,準決勝進出,,,,,,,,,,,,,,
r1,2023,シモタ,,準決勝進出,,,,,,,,,,,,,,
r1,2023,徳原旅行,,準決勝進出,,,,,,,,,,,,,,
r1,2023,きしたかの たかのピエロ,,準決勝進出,,,,,,,,,,,,,,
r1,2023,まりんか,,準決勝進出,,,,,,,,,,,,,,
r1,2023,9番街レトロ 京極風斗,,準決勝進出,,,,,,,,,,,,,,
r1,2023,森本サイダー,,準決勝進出,,,,,,,,,,,,,,
r1,2022,お見送り芸人しんいち,,優勝,歌とギター,,2,463点（3票）,,,1番,3票,,,,,,
r1,2022,ZAZY,,2位,ZAZY最終章,,6,464点,,,2番,2票,,,,,,
r1,2022,吉住,,3位,憑依型一人コント,,4,463点（2票）,,,,,,,,,,
r1,2022,金の国 渡部おにぎり,,3位,今宵ピン芸人として,,8,463点（0票）,,,,,,,,,,
r1,2022,サツマカワRPG,,5位,決勝への攻略法,,5,459点,,,,,,,,,,
r1,2022,寺田寛明,,6位,文字へのこだわり,,7,451点,,,,,,,,,,
r1,2022,kento fukaya,,7位,フリップの向こう側,,1,449点,,,,,,,,,,
r1,2022,Yes!アキト,,8位,（復活ステージ1位）,,3,447点,,,,,,,,,,
r1,2022,徳原旅行,,準決勝進出,,,,,,,,,,,,,,
r1,2022,かが屋 賀屋,,準決勝進出,,,,,,,,,,,,,,
r1,2022,ネイビーズアフロ みながわ,,準決勝進出,,,,,,,,,,,,,,
r1,2022,サンシャイン 坂田,,準決勝進出,,,,,,,,,,,,,,
r1,2022,レインボー 池田直人,,準決勝進出,,,,,,,,,,,,,,
r1,2022,ケビンス 仁木,,準決勝進出,,,,,,,,,,,,,,
r1,2022,今井らいぱち,,準決勝進出,,,,,,,,,,,,,,
r1,2022,Gパンパンダ 星野,,準決勝進出,,,,,,,,,,,,,,
r1,2022,森本サイダー,,準決勝進出,,,,,,,,,,,,,,
r1,2022,田津原理音,,準決勝進出,,,,,,,,,,,,,,
r1,2022,シモタ,,準決勝進出,,,,,,,,,,,,,,
r1,2022,河邑ミク,,準決勝進出,,,,,,,,,,,,,,
r1,2022,マツモトクラブ,,準決勝進出,,,,,,,,,,,,,,
r1,2022,サノライブ,,準決勝進出,,,,,,,,,,,,,,
r1,2022,ビスケットブラザーズ 原田,,準決勝進出,,,,,,,,,,,,,,
r1,2022,9番街レトロ 京極風斗,,準決勝進出,,,,,,,,,,,,,,
r1,2022,真輝志,,準決勝進出,,,,,,,,,,,,,,
r1,2022,清友,,準決勝進出,,,,,,,,,,,,,,
r1,2022,準新作,,準決勝進出,,,,,,,,,,,,,,
r1,2022,鳥谷尾だいき,,準決勝進出,,,,,,,,,,,,,,
r1,2022,まりんか,,準決勝進出,,,,,,,,,,,,,,
r1,2022,トンツカタン 森本,,準決勝進出,,,,,,,,,,,,,,
r1,2022,ヒコロヒー,,準決勝進出,,,,,,,,,,,,,,
r1,2021,ゆりやんレトリィバァ,,優勝,クイーンオブやりたい放題,,10,666点,,,2番,663点,,,,,,
r1,2021,ZAZY,,2位,リズム系フリップ怪人,,2,669点,,,3番,656点,,,,,,
r1,2021,かが屋 賀屋,,3位,第七のコント男優,,7,655点,,,1番,650点,,,,,,
r1,2021,高田ぽる子,,4位,芸歴2才のぶっとび少女,,9,652点,,,,,,,,,,
r1,2021,森本サイダー,,5位,はじける!笑いの声量飲料水,,4,650点,,,,,,,,,,
r1,2021,kento fukaya,,5位,3連アートのマエストロ,,8,650点,,,,,,,,,,
r1,2021,土屋,,7位,妄走!ひとり言劇場,,3,647点,,,,,,,,,,
r1,2021,吉住,,8位,なりきりコントWoman,,5,646点,,,,,,,,,,
r1,2021,マツモトクラブ,,9位,（復活ステージ1位）,,1,637点,,,,,,,,,,
r1,2021,寺田寛明,,10位,今夜開講!ウケたいゼミナール,,6,633点,,,,,,,,,,
r1,2021,独唱の塔天,,準決勝進出,,,,,,,,,,,,,,
r1,2021,Yes!アキト,,準決勝進出,,,,,,,,,,,,,,
r1,2021,金の国・渡部おにぎり,,準決勝進出,,,,,,,,,,,,,,
r1,2021,さきぽん,,準決勝進出,,,,,,,,,,,,,,
r1,2021,ヒコロヒー,,準決勝進出,,,,,,,,,,,,,,
r1,2021,お見送り芸人しんいち,,準決勝進出,,,,,,,,,,,,,,
r1,2021,ラニーノーズ山田健人,,準決勝進出,,,,,,,,,,,,,,
r1,2021,徳原旅行,,準決勝進出,,,,,,,,,,,,,,
r1,2021,シモタ,,準決勝進出,,,,,,,,,,,,,,
r1,2021,ケビンス仁木,,準決勝進出,,,,,,,,,,,,,,
r1,2021,真輝志,,準決勝進出,,,,,,,,,,,,,,
r1,2021,紺野ぶるま,,準決勝進出,,,,,,,,,,,,,,
r1,2021,西村ヒロチョ,,準決勝進出,,,,,,,,,,,,,,
r1,2021,グータン森山,,準決勝進出,,,,,,,,,,,,,,
r1,2021,カベポスター 永見,,準決勝進出,,,,,,,,,,,,,,
r1,2021,そいつどいつ市川刺身,,準決勝進出,,,,,,,,,,,,,,
r1,2021,4000年に一度咲く金指,,準決勝進出,,,,,,,,,,,,,,
r1,2021,Gパンパンダ星野,,準決勝進出,,,,,,,,,,,,,,
r1,2021,田津原理音,,準決勝進出,,,,,,,,,,,,,,
r1,2021,ママタルト檜原,,準決勝進出,,,,,,,,,,,,,,
r1,2020,マヂカルラブリー野田クリスタル,,優勝,ハイパーオモシロクリエイター,A,4,15票,,,1番,16票,,,,,,
r1,2020,大谷健太,,2位,（復活ステージ1位）,C,4,11票,,,3番,9票,,,,,,
r1,2020,すゑひろがりず南條,,3位,この芸人いとをかし,B,4,9票,,,2番,5票,,,,,,
r1,2020,SAKURAI,,決勝進出,謎の脱力系ロッカー,A,3,9票,,,,,,,,,,
r1,2020,守谷日和,,決勝進出,ナニワの濃いくちアクター,A,2,4票,,,,,,,,,,
r1,2020,メルヘン須長,,決勝進出,仮装研の女芸人,A,1,2票,,,,,,,,,,
r1,2020,パーパーほしのディスコ,,決勝進出,ひとりぼっちの哀愁劇場,B,3,9票,,,,,,,,,,
r1,2020,ななまがり森下,,決勝進出,令和のちょいヤバ芸人,B,2,9票,,,,,,,,,,
r1,2020,ルシファー吉岡,,決勝進出,円熟のコント男優,B,1,3票,,,,,,,,,,
r1,2020,ワタリ119,,決勝進出,出動!お笑いレスキュー,C,3,9票,,,,,,,,,,
r1,2020,おいでやす小田,,決勝進出,はじけろ!怒りのボルテージ,C,2,8票,,,,,,,,,,
r1,2020,ヒューマン中村,,決勝進出,帰ってきたネタ職人,C,1,2票,,,,,,,,,,
r1,2020,野田ちゃん,,準決勝進出,,,,,,,,,,,,,,
r1,2020,アインシュタイン 稲田,,準決勝進出,,,,,,,,,,,,,,
r1,2020,紺野ぶるま,,準決勝進出,,,,,,,,,,,,,,
r1,2020,アポロン高佐,,準決勝進出,,,,,,,,,,,,,,
r1,2020,サンシャイン池崎,,準決勝進出,,,,,,,,,,,,,,
r1,2020,カベポスター 永見,,準決勝進出,,,,,,,,,,,,,,
r1,2020,クロスバー直撃 前野悠介,,準決勝進出,,,,,,,,,,,,,,
r1,2020,kento fukaya,,準決勝進出,,,,,,,,,,,,,,
r1,2020,4000年に一度咲く金指,,準決勝進出,,,,,,,,,,,,,,
r1,2020,弓川信男,,準決勝進出,,,,,,,,,,,,,,
r1,2020,オジンオズボーン篠宮,,準決勝進出,,,,,,,,,,,,,,
r1,2020,ウエストランド井口,,準決勝進出,,,,,,,,,,,,,,
r1,2020,マツモトクラブ,,準決勝進出,,,,,,,,,,,,,,
r1,2020,ZAZY,,準決勝進出,,,,,,,,,,,,,,
r1,2020,どんぐりたけし,,準決勝進出,,,,,,,,,,,,,,
r1,2020,MORIYAMA,,準決勝進出,,,,,,,,,,,,,,
r1,2020,三浦マイルド,,準決勝進出,,,,,,,,,,,,,,
r1,2020,ベルサイユ,,準決勝進出,,,,,,,,,,,,,,
r1,2020,だーりんず 松本りんす,,準決勝進出,,,,,,,,,,,,,,
r1,2020,たつろう,,準決勝進出,,,,,,,,,,,,,,
r1,2019,霜降り明星 粗品,,優勝,2冠を狙う!フリップ王子,B,2,6票,,,2番,7票,,,,,,
r1,2019,セルライトスパ 大須賀,,2位,心優しきイクメン芸人,A,4,10票,,,1番,7票,,,,,,
r1,2019,だーりんず 松本りんす,,3位,隠しきれない名人芸,C,1,8票,,,3番,4票,,,,,,
r1,2019,こがけん,,決勝進出,オーマイガーなエンターテイナー,A,3,7票,,,,,,,,,,
r1,2019,チョコレートプラネット松尾,,決勝進出,完コピ♥ビューティー劇場,A,1,1票,,,,,,,,,,
r1,2019,クロスバー直撃 前野悠介,,決勝進出,確かな品質のバカ職人,A,2,0票,,,,,,,,,,
r1,2019,おいでやす小田,,決勝進出,はじけろ!怒りのボルテージ,B,1,6票,,,,,,,,,,
r1,2019,マツモトクラブ,,決勝進出,（復活ステージ第2位）,B,4,4票,,,,,,,,,,
r1,2019,ルシファー吉岡,,決勝進出,円熟のコント男優,B,3,2票,,,,,,,,,,
r1,2019,三浦マイルド,,決勝進出,R-1ぐらんぷり2013王者,C,3,6票,,,,,,,,,,
r1,2019,河邑ミク,,決勝進出,美しきナニワの怪演ガール,C,2,3票,,,,,,,,,,
r1,2019,岡野陽一,,決勝進出,（復活ステージ第1位）,C,4,1票,,,,,,,,,,
r1,2019,街裏ぴんく,,準決勝進出,,,,,,,,,,,,,,
r1,2019,読点,,準決勝進出,,,,,,,,,,,,,,
r1,2019,霜降り明星 せいや,,準決勝進出,,,,,,,,,,,,,,
r1,2019,チョコレートプラネット長田,,準決勝進出,,,,,,,,,,,,,,
r1,2019,たかのピエロ,,準決勝進出,,,,,,,,,,,,,,
r1,2019,流れ星 ちゅうえい,,準決勝進出,,,,,,,,,,,,,,
r1,2019,かみじょうたけし,,準決勝進出,,,,,,,,,,,,,,
r1,2019,紺野ぶるま,,準決勝進出,,,,,,,,,,,,,,
r1,2019,寺田寛明,,準決勝進出,,,,,,,,,,,,,,
r1,2019,大谷健太,,準決勝進出,,,,,,,,,,,,,,
r1,2019,近藤岳登,,準決勝進出,,,,,,,,,,,,,,
r1,2019,田津原理音,,準決勝進出,,,,,,,,,,,,,,
r1,2019,スーパーマラドーナ 田中一彦,,準決勝進出,,,,,,,,,,,,,,
r1,2019,石出奈々子,,準決勝進出,,,,,,,,,,,,,,
r1,2019,キャプテン渡辺,,準決勝進出,,,,,,,,,,,,,,
r1,2019,モグライダー芝,,準決勝進出,,,,,,,,,,,,,,
r1,2019,お見送り芸人しんいち,,準決勝進出,,,,,,,,,,,,,,
r1,2019,4000年に一度咲く金指,,準決勝進出,,,,,,,,,,,,,,
r1,2018,濱田祐太郎,,優勝,オンリーワン漫談,C,1,8票,,,3番,12票,,,,,,
r1,2018,ゆりやんレトリィバァ,,2位,絶好調ぽっちゃりクイーン,B,3,10票,,,2番,5票,,,,,,
r1,2018,おぐ,,3位,輝く!うすい彗星,A,4,11票,,,1番,4票,,,,,,
r1,2018,おいでやす小田,,決勝進出,はじけろ!怒りのボルテージ,A,3,6票,,,,,,,,,,
r1,2018,カニササレアヤコ,,決勝進出,雅なるダークホース,A,2,3票,,,,,,,,,,
r1,2018,ルシファー吉岡,,決勝進出,円熟のコント男優,A,1,1票,,,,,,,,,,
r1,2018,チョコレートプラネット長田,,決勝進出,完全自作自演ランド,B,2,10票,,,,,,,,,,
r1,2018,霜降り明星 せいや,,決勝進出,（復活ステージ2位）,B,4,1票,,,,,,,,,,
r1,2018,河邑ミク,,決勝進出,大阪ナリキリ娘,B,1,0票,,,,,,,,,,
r1,2018,マツモトクラブ,,決勝進出,（復活ステージ1位）,C,4,8票,,,,,,,,,,
r1,2018,霜降り明星 粗品,,決勝進出,めくるめくフリップ王子,C,3,5票,,,,,,,,,,
r1,2018,紺野ぶるま,,決勝進出,恋する毒ガール,C,2,0票,,,,,,,,,,
r1,2018,読点,,準決勝進出,,,,,,,,,,,,,,
r1,2018,藤崎マーケット・トキ,,準決勝進出,,,,,,,,,,,,,,
r1,2018,メルヘン須長,,準決勝進出,,,,,,,,,,,,,,
r1,2018,守谷日和,,準決勝進出,,,,,,,,,,,,,,
r1,2018,ユリオカ超特Q,,準決勝進出,,,,,,,,,,,,,,
r1,2018,サツマカワRPG,,準決勝進出,,,,,,,,,,,,,,
r1,2018,鈴木ララバイ,,準決勝進出,,,,,,,,,,,,,,
r1,2018,ギフト☆矢野,,準決勝進出,,,,,,,,,,,,,,
r1,2018,やのぱん,,準決勝進出,,,,,,,,,,,,,,
r1,2018,レイザーラモンHG,,準決勝進出,,,,,,,,,,,,,,
r1,2018,中山女子短期大学,,準決勝進出,,,,,,,,,,,,,,
r1,2018,ZAZY,,準決勝進出,,,,,,,,,,,,,,
r1,2018,おばたのお兄さん,,準決勝進出,,,,,,,,,,,,,,
r1,2018,ヒューマン中村,,準決勝進出,,,,,,,,,,,,,,
r1,2018,牧野ステテコ,,準決勝進出,,,,,,,,,,,,,,
r1,2018,銀シャリ 鰻,,準決勝進出,,,,,,,,,,,,,,
r1,2018,レオちゃん,,準決勝進出,,,,,,,,,,,,,,
r1,2018,シオマリアッチ,,準決勝進出,,,,,,,,,,,,,,
r1,2018,クロコダイル ミユ,,準決勝進出,,,,,,,,,,,,,,
r1,2018,まとばゆう,,準決勝進出,,,,,,,,,,,,,,
r1,2018,クロスバー直撃 前野,,準決勝進出,,,,,,,,,,,,,,
r1,2018,トレンディエンジェルたかし,,準決勝進出,,,,,,,,,,,,,,
r1,2018,ナオユキ,,準決勝進出,,,,,,,,,,,,,,
r1,2018,土肥ポン太,,準決勝進出,,,,,,,,,,,,,,
r1,2018,清友,,準決勝進出,,,,,,,,,,,,,,
r1,2018,石出奈々子,,準決勝進出,,,,,,,,,,,,,,
r1,2018,アイデンティティ 田島,,準決勝進出,,,,,,,,,,,,,,
r1,2018,レイザーラモンRG,,準決勝進出,,,,,,,,,,,,,,
r1,2017,アキラ100％,,優勝,見えたらゴメンなさい,C,3,9票,,,3番,14票,,,,,,
r1,2017,サンシャイン池崎,,2位,（復活ステージ3位）,A,4,10票,,,1番,5票,,,,,,
r1,2017,石出奈々子,,3位,アニメの国の夢の少女,B,2,10票,,,2番,2票,,,,,,
r1,2017,三浦マイルド,,決勝進出,R-1ぐらんぷり2013チャンピオン,A,3,8票,,,,,,,,,,
r1,2017,横澤夏子,,決勝進出,おもしろガールズコレクション,A,2,3票,,,,,,,,,,
r1,2017,レイザーラモンRG,,決勝進出,I am プレジデント,A,1,0票,,,,,,,,,,
r1,2017,ゆりやんレトリィバァ,,決勝進出,ナチュラル系ぽっちゃりクイーン,B,1,6票,,,,,,,,,,
r1,2017,ルシファー吉岡,,決勝進出,輝け!コント男優,B,3,5票,,,,,,,,,,
r1,2017,紺野ぶるま,,決勝進出,（復活ステージ2位）,B,4,0票,,,,,,,,,,
r1,2017,おいでやす小田,,決勝進出,（復活ステージ1位）,C,4,7票,,,,,,,,,,
r1,2017,ブルゾンちえみ,,決勝進出,イイ女、ここにいます。,C,1,5票,,,,,,,,,,
r1,2017,マツモトクラブ,,決勝進出,さすらいの独りシネマ,C,2,0票,,,,,,,,,,
r1,2017,キャプテン渡辺,,準決勝進出,,,,,,,,,,,,,,
r1,2017,中村涼子,,準決勝進出,,,,,,,,,,,,,,
r1,2017,あばれる君,,準決勝進出,,,,,,,,,,,,,,
r1,2017,とにかく明るい安村,,準決勝進出,,,,,,,,,,,,,,
r1,2017,まとばゆう,,準決勝進出,,,,,,,,,,,,,,
r1,2017,スリムクラブ真栄田,,準決勝進出,,,,,,,,,,,,,,
r1,2017,ぶらっくさむらい,,準決勝進出,,,,,,,,,,,,,,
r1,2017,パーマ大佐,,準決勝進出,,,,,,,,,,,,,,
r1,2017,平野ノラ,,準決勝進出,,,,,,,,,,,,,,
r1,2017,もう中学生,,準決勝進出,,,,,,,,,,,,,,
r1,2017,ナオ・デストラーデ,,準決勝進出,,,,,,,,,,,,,,
r1,2017,AMEMIYA,,準決勝進出,,,,,,,,,,,,,,
r1,2017,脳みそ夫,,準決勝進出,,,,,,,,,,,,,,
r1,2017,西村ヒロチョ,,準決勝進出,,,,,,,,,,,,,,
r1,2017,パタパタママ木下,,準決勝進出,,,,,,,,,,,,,,
r1,2017,ニッチェ近藤,,準決勝進出,,,,,,,,,,,,,,
r1,2017,アイデンティティ田島,,準決勝進出,,,,,,,,,,,,,,
r1,2017,バイク川崎バイク,,準決勝進出,,,,,,,,,,,,,,
r1,2017,エハラマサヒロ,,準決勝進出,,,,,,,,,,,,,,
r1,2017,守谷日和,,準決勝進出,,,,,,,,,,,,,,
r1,2017,藤崎マーケット田崎佑一,,準決勝進出,,,,,,,,,,,,,,
r1,2017,中山功太,,準決勝進出,,,,,,,,,,,,,,
r1,2017,藤崎マーケットトキ,,準決勝進出,,,,,,,,,,,,,,
r1,2017,粗品（霜降り明星）,,準決勝進出,,,,,,,,,,,,,,
r1,2017,クロスバー直撃前野,,準決勝進出,,,,,,,,,,,,,,
r1,2017,ZAZY,,準決勝進出,,,,,,,,,,,,,,
r1,2017,ヒューマン中村,,準決勝進出,,,,,,,,,,,,,,
r1,2016,ハリウッドザコシショウ,,優勝,ルール無用のお笑い超人,B,1,15票,,,2番,16票,,,,,,
r1,2016,小島よしお,,2位,進化をやめない肉体派,A,2,11票,,,1番,4票,,,,,,
r1,2016,ゆりやんレトリィバァ,,3位,リズミカルぽっちゃりクイーン,C,2,8票,,,3番,1票,,,,,,
r1,2016,エハラマサヒロ,,決勝進出,ニクい笑顔のエンターテイナー,A,1,7票,,,,,,,,,,
r1,2016,シャンプーハットこいで,,決勝進出,規格外の絵心芸人,A,3,2票,,,,,,,,,,
r1,2016,サンシャイン池崎,,決勝進出,（復活ステージ3位）,A,4,1票,,,,,,,,,,
r1,2016,横澤夏子,,決勝進出,おもしろガールズコレクション,B,3,3票,,,,,,,,,,
r1,2016,おいでやす小田,,決勝進出,関西発!びっくり劇場,B,2,2票,,,,,,,,,,
r1,2016,ルシファー吉岡,,決勝進出,（復活ステージ2位）,B,4,1票,,,,,,,,,,
r1,2016,厚切りジェイソン,,決勝進出,Why! Japanese people,C,1,5票,,,,,,,,,,
r1,2016,マツモトクラブ,,決勝進出,（復活ステージ1位）,C,4,4票,,,,,,,,,,
r1,2016,とにかく明るい安村,,決勝進出,「安心してください、着てますよ」,C,3,4票,,,,,,,,,,
r1,2016,キャプテン渡辺,,準決勝進出,,,,,,,,,,,,,,
r1,2016,Gたかし,,準決勝進出,,,,,,,,,,,,,,
r1,2016,田上よしえ,,準決勝進出,,,,,,,,,,,,,,
r1,2016,大福,,準決勝進出,,,,,,,,,,,,,,
r1,2016,アンドーひであき,,準決勝進出,,,,,,,,,,,,,,
r1,2016,石出奈々子,,準決勝進出,,,,,,,,,,,,,,
r1,2016,永野,,準決勝進出,,,,,,,,,,,,,,
r1,2016,バイク川崎バイク,,準決勝進出,,,,,,,,,,,,,,
r1,2016,ウエストランド井口,,準決勝進出,,,,,,,,,,,,,,
r1,2016,サイクロンZ,,準決勝進出,,,,,,,,,,,,,,
r1,2016,アキラ100％,,準決勝進出,,,,,,,,,,,,,,
r1,2016,satomi,,準決勝進出,,,,,,,,,,,,,,
r1,2016,まとばゆう,,準決勝進出,,,,,,,,,,,,,,
r1,2016,脳みそ夫,,準決勝進出,,,,,,,,,,,,,,
r1,2016,おぐ,,準決勝進出,,,,,,,,,,,,,,
r1,2016,パーマ大佐,,準決勝進出,,,,,,,,,,,,,,
r1,2016,ハッピーエンドゆずき,,準決勝進出,,,,,,,,,,,,,,
r1,2016,三浦マイルド,,準決勝進出,,,,,,,,,,,,,,
r1,2016,あばれる君,,準決勝進出,,,,,,,,,,,,,,
r1,2016,中村涼子,,準決勝進出,,,,,,,,,,,,,,
r1,2016,ZAZY,,準決勝進出,,,,,,,,,,,,,,
r1,2016,かみじょうたけし,,準決勝進出,,,,,,,,,,,,,,
r1,2016,粗品（霜降り明星）,,準決勝進出,,,,,,,,,,,,,,
r1,2016,ラフ次元・梅村,,準決勝進出,,,,,,,,,,,,,,
r1,2016,ナオユキ,,準決勝進出,,,,,,,,,,,,,,
r1,2016,中山女子短期大学,,準決勝進出,,,,,,,,,,,,,,
r1,2016,矢野号,,準決勝進出,,,,,,,,,,,,,,
r1,2016,藤崎マーケット田崎,,準決勝進出,,,,,,,,,,,,,,
r1,2016,藤崎マーケットトキ,,準決勝進出,,,,,,,,,,,,,,
r1,2016,ヒューマン中村,,準決勝進出,,,,,,,,,,,,,,
r1,2015,じゅんいちダビッドソン,,優勝,笑いのエースストライカー,C,3,9票,,,3番,13票,,,,,,
r1,2015,マツモトクラブ,,2位,（復活ステージ2位）,B,4,12票,,,2番,4票,,,,,,
r1,2015,ゆりやんレトリィバァ,,3位,気分はアカデミー女優,A,1,9票,,,1番,4票,,,,,,
r1,2015,とにかく明るい安村,,決勝進出,安全の裸ミュージアム,A,3,7票,,,,,,,,,,
r1,2015,COWCOW善し,,決勝進出,（復活ステージ3位）,A,4,4票,,,,,,,,,,
r1,2015,あばれる君,,決勝進出,情熱の暴れん坊少年,A,2,1票,,,,,,,,,,
r1,2015,エハラマサヒロ,,決勝進出,ニクい笑顔のエンターテイナー,B,2,4票,,,,,,,,,,
r1,2015,厚切りジェイソン,,決勝進出,芸歴4ヶ月の異国芸人,B,1,3票,,,,,,,,,,
r1,2015,アジアン馬場園,,決勝進出,ひとり芸の“時”は来た,B,3,2票,,,,,,,,,,
r1,2015,やまもとまさみ,,決勝進出,R-1ぐらんぷり2014王者,C,2,7票,,,,,,,,,,
r1,2015,ヒューマン中村,,決勝進出,（復活ステージ1位）,C,4,4票,,,,,,,,,,
r1,2015,NON STYLE石田,,決勝進出,2つめの王座ねらってます。,C,1,1票,,,,,,,,,,
r1,2015,中川パラダイス,,準決勝進出,,,,,,,,,,,,,,
r1,2015,頼知輝,,準決勝進出,,,,,,,,,,,,,,
r1,2015,アルコ＆ピース平子,,準決勝進出,,,,,,,,,,,,,,
r1,2015,ニッチェ近藤,,準決勝進出,,,,,,,,,,,,,,
r1,2015,三又又三,,準決勝進出,,,,,,,,,,,,,,
r1,2015,やしろ優,,準決勝進出,,,,,,,,,,,,,,
r1,2015,トレンディエンジェル斎藤,,準決勝進出,,,,,,,,,,,,,,
r1,2015,手賀沼ジュン,,準決勝進出,,,,,,,,,,,,,,
r1,2015,小島よしお,,準決勝進出,,,,,,,,,,,,,,
r1,2015,レイザーラモンRG,,準決勝進出,,,,,,,,,,,,,,
r1,2015,スギちゃん,,準決勝進出,,,,,,,,,,,,,,
r1,2015,ルシファー吉岡,,準決勝進出,,,,,,,,,,,,,,
r1,2015,R藤本,,準決勝進出,,,,,,,,,,,,,,
r1,2015,カートヤング,,準決勝進出,,,,,,,,,,,,,,
r1,2015,トップリード新妻悠太,,準決勝進出,,,,,,,,,,,,,,
r1,2015,おぐ,,準決勝進出,,,,,,,,,,,,,,
r1,2015,田上よしえ,,準決勝進出,,,,,,,,,,,,,,
r1,2015,永井佑一郎,,準決勝進出,,,,,,,,,,,,,,
r1,2015,AMEMIYA,,準決勝進出,,,,,,,,,,,,,,
r1,2015,横澤夏子,,準決勝進出,,,,,,,,,,,,,,
r1,2015,梅村賢太郎（ラフ次元）,,準決勝進出,,,,,,,,,,,,,,
r1,2015,GOOD BOY,,準決勝進出,,,,,,,,,,,,,,
r1,2015,ガリガリガリクソン,,準決勝進出,,,,,,,,,,,,,,
r1,2015,中山功太,,準決勝進出,,,,,,,,,,,,,,
r1,2015,キンタロー。,,準決勝進出,,,,,,,,,,,,,,
r1,2015,守谷日和,,準決勝進出,,,,,,,,,,,,,,
r1,2015,小森園ひろし,,準決勝進出,,,,,,,,,,,,,,
r1,2015,雷ジャクソン高本,,準決勝進出,,,,,,,,,,,,,,
r1,2015,藤崎マーケットトキ,,準決勝進出,,,,,,,,,,,,,,
r1,2015,藤崎マーケット田崎,,準決勝進出,,,,,,,,,,,,,,
r1,2015,木﨑太郎（祇園）,,準決勝進出,,,,,,,,,,,,,,
r1,2015,かみじょうたけし,,準決勝進出,,,,,,,,,,,,,,
r1,2015,粗品（霜降り明星）,,準決勝進出,,,,,,,,,,,,,,
r1,2015,ナオユキ,,準決勝進出,,,,,,,,,,,,,,
r1,2015,代走みつくに,,準決勝進出,,,,,,,,,,,,,,
r1,2015,おいでやす小田,,準決勝進出,,,,,,,,,,,,,,
r1,2015,桜 稲垣早希,,準決勝進出,,,,,,,,,,,,,,
r1,2015,ヤナギブソン（ザ・プラン9）,,準決勝進出,,,,,,,,,,,,,,
r1,2014,やまもとまさみ,,優勝,開演!お一人さま劇場,B,3,15票,,,2番,8票,,,,,,
r1,2014,レイザーラモンRG,,2位,本家あるあるシンガー,A,1,11票,,,1番,0票,,,,,,
r1,2014,馬と魚,,2位,それいけ!雰囲気ミュージシャン,C,2,14票,,,3番,0票,,,,,,
r1,2014,ヒューマン中村,,決勝進出,盤石のフリップ職人,A,2,8票,,,,,,,,,,
r1,2014,スギちゃん,,決勝進出,ワイルドの頂点へ,A,4,3票,,,,,,,,,,
r1,2014,TAIGA,,決勝進出,めでたいロックンローラー,A,3,2票,,,,,,,,,,
r1,2014,中山女子短期大学,,決勝進出,鬼気迫るエンターテナー,B,4,8票,,,,,,,,,,
r1,2014,小森園ひろし,,決勝進出,熱血コント魂,B,1,1票,,,,,,,,,,
r1,2014,ミヤシタガク,,決勝進出,この男、ご注意下さい,B,2,0票,,,,,,,,,,
r1,2014,バイク川崎バイク,,決勝進出,アクセル全開!漫談ライダー,C,1,5票,,,,,,,,,,
r1,2014,おぐ,,決勝進出,鏡の前のマリオネット,C,3,4票,,,,,,,,,,
r1,2014,じゅんいちダビッドソン,,決勝進出,笑いのエースストライカー,C,4,1票,,,,,,,,,,
r1,2014,あばれる君,,準決勝進出,,,,,,,,,,,,,,
r1,2014,AMEMIYA,,準決勝進出,,,,,,,,,,,,,,
r1,2014,アンドーひであき,,準決勝進出,,,,,,,,,,,,,,
r1,2014,イワイガワ井川,,準決勝進出,,,,,,,,,,,,,,
r1,2014,ウメ,,準決勝進出,,,,,,,,,,,,,,
r1,2014,エハラマサヒロ,,準決勝進出,,,,,,,,,,,,,,
r1,2014,きくりん,,準決勝進出,,,,,,,,,,,,,,
r1,2014,岸学,,準決勝進出,,,,,,,,,,,,,,
r1,2014,キンタロー。,,準決勝進出,,,,,,,,,,,,,,
r1,2014,くじら,,準決勝進出,,,,,,,,,,,,,,
r1,2014,サイクロンZ,,準決勝進出,,,,,,,,,,,,,,
r1,2014,ザブングル加藤歩,,準決勝進出,,,,,,,,,,,,,,
r1,2014,サンシャイン池崎,,準決勝進出,,,,,,,,,,,,,,
r1,2014,Gたかし,,準決勝進出,,,,,,,,,,,,,,
r1,2014,田上よしえ,,準決勝進出,,,,,,,,,,,,,,
r1,2014,タブレット純,,準決勝進出,,,,,,,,,,,,,,
r1,2014,トップリード・新妻悠太,,準決勝進出,,,,,,,,,,,,,,
r1,2014,中村涼子,,準決勝進出,,,,,,,,,,,,,,
r1,2014,西村ヒロチョ,,準決勝進出,,,,,,,,,,,,,,
r1,2014,まなてぃ,,準決勝進出,,,,,,,,,,,,,,
r1,2014,三浦マイルド,,準決勝進出,,,,,,,,,,,,,,
r1,2014,もう中学生,,準決勝進出,,,,,,,,,,,,,,
r1,2014,横澤夏子,,準決勝進出,,,,,,,,,,,,,,
r1,2014,ルシファー吉岡,,準決勝進出,,,,,,,,,,,,,,
r1,2014,おいでやす小田,,準決勝進出,,,,,,,,,,,,,,
r1,2014,雷ジャクソン高本,,準決勝進出,,,,,,,,,,,,,,
r1,2014,カートヤング,,準決勝進出,,,,,,,,,,,,,,
r1,2014,祇園木﨑,,準決勝進出,,,,,,,,,,,,,,
r1,2014,桜 稲垣早希,,準決勝進出,,,,,,,,,,,,,,
r1,2014,粗品（霜降り明星）,,準決勝進出,,,,,,,,,,,,,,
r1,2014,ナオユキ,,準決勝進出,,,,,,,,,,,,,,
r1,2014,中山功太,,準決勝進出,,,,,,,,,,,,,,
r1,2014,藤崎マーケット田崎佑一,,準決勝進出,,,,,,,,,,,,,,
r1,2014,藤崎マーケットトキ,,準決勝進出,,,,,,,,,,,,,,
r1,2014,プラスマイナス兼光,,準決勝進出,,,,,,,,,,,,,,
r1,2014,守谷日和,,準決勝進出,,,,,,,,,,,,,,
r1,2014,ヤナギブソン（ザ・プラン9）,,準決勝進出,,,,,,,,,,,,,,
r1,2014,矢野号,,準決勝進出,,,,,,,,,,,,,,
r1,2014,笑い飯・哲夫,,準決勝進出,,,,,,,,,,,,,,
r1,2013,三浦マイルド,,優勝,心優しきパッションモンスター,A,2,10票,,,1番,7票,,,,,,
r1,2013,ヒューマン中村,,2位,未知なるフリップショー,B,1,10票,,,2番,0票,,,,,,
r1,2013,アンドーひであき,,2位,高性能ものまねアンドロイド,C,3,12票,,,3番,0票,,,,,,
r1,2013,ヤナギブソン,,決勝進出,3人目の技巧派芸人,A,3,5票,,,,,,,,,,
r1,2013,岸学,,決勝進出,ジャックバウアーの向こう側,A,1,4票,,,,,,,,,,
r1,2013,プラスマイナス岩橋,,決勝進出,とびだせクセもの芸人,A,4,2票,,,,,,,,,,
r1,2013,田上よしえ,,決勝進出,アラフォー突撃おもちゃ箱,B,3,9票,,,,,,,,,,
r1,2013,桂三度,,決勝進出,挑む者日本の,B,4,2票,,,,,,,,,,
r1,2013,三遊亭こうもり,,決勝進出,このたび落語はじめました,B,2,0票,,,,,,,,,,
r1,2013,スギちゃん,,決勝進出,ワイルド宣言リベンジ,C,2,5票,,,,,,,,,,
r1,2013,キンタロー。,,決勝進出,笑いのセンター総選挙,C,1,2票,,,,,,,,,,
r1,2013,雷ジャクソン高本,,決勝進出,笑いの絶対海域,C,4,2票,,,,,,,,,,
r1,2013,印度の林檎,,準決勝進出,,,,,,,,,,,,,,
r1,2013,ウメ,,準決勝進出,,,,,,,,,,,,,,
r1,2013,エハラマサヒロ,,準決勝進出,,,,,,,,,,,,,,
r1,2013,大輪教授,,準決勝進出,,,,,,,,,,,,,,
r1,2013,快児,,準決勝進出,,,,,,,,,,,,,,
r1,2013,金谷ヒデユキ,,準決勝進出,,,,,,,,,,,,,,
r1,2013,サイクロンZ,,準決勝進出,,,,,,,,,,,,,,
r1,2013,Gたかし,,準決勝進出,,,,,,,,,,,,,,
r1,2013,真空ジェシカ川北,,準決勝進出,,,,,,,,,,,,,,
r1,2013,鈴木Q太郎,,準決勝進出,,,,,,,,,,,,,,
r1,2013,たかまつなな,,準決勝進出,,,,,,,,,,,,,,
r1,2013,椿鬼奴,,準決勝進出,,,,,,,,,,,,,,
r1,2013,哲夫（笑い飯）,,準決勝進出,,,,,,,,,,,,,,
r1,2013,なかやまきんに君,,準決勝進出,,,,,,,,,,,,,,
r1,2013,長江もみ,,準決勝進出,,,,,,,,,,,,,,
r1,2013,西村,,準決勝進出,,,,,,,,,,,,,,
r1,2013,西村ヒロチョ,,準決勝進出,,,,,,,,,,,,,,
r1,2013,ネゴシックス,,準決勝進出,,,,,,,,,,,,,,
r1,2013,ねづっち,,準決勝進出,,,,,,,,,,,,,,
r1,2013,マリッジブルーこうもと,,準決勝進出,,,,,,,,,,,,,,
r1,2013,マンボウやしろ,,準決勝進出,,,,,,,,,,,,,,
r1,2013,メルヘン須長,,準決勝進出,,,,,,,,,,,,,,
r1,2013,MORIYAMA,,準決勝進出,,,,,,,,,,,,,,
r1,2013,いなだなおき,,準決勝進出,,,,,,,,,,,,,,
r1,2013,おいでやす小田,,準決勝進出,,,,,,,,,,,,,,
r1,2013,ガリガリガリクソン,,準決勝進出,,,,,,,,,,,,,,
r1,2013,鬼頭真也（夜ふかしの会）,,準決勝進出,,,,,,,,,,,,,,
r1,2013,銀シャリ橋本,,準決勝進出,,,,,,,,,,,,,,
r1,2013,小森園ひろし,,準決勝進出,,,,,,,,,,,,,,
r1,2013,桜 稲垣早希,,準決勝進出,,,,,,,,,,,,,,
r1,2013,霜降り明星佐々木,,準決勝進出,,,,,,,,,,,,,,
r1,2013,代走みつくに,,準決勝進出,,,,,,,,,,,,,,
r1,2013,月亭太遊,,準決勝進出,,,,,,,,,,,,,,
r1,2013,土肥ポン太,,準決勝進出,,,,,,,,,,,,,,
r1,2013,ナオユキ,,準決勝進出,,,,,,,,,,,,,,
r1,2013,バイク川崎バイク,,準決勝進出,,,,,,,,,,,,,,
r1,2013,藤崎マーケットトキ,,準決勝進出,,,,,,,,,,,,,,
r1,2013,マユリカ中谷,,準決勝進出,,,,,,,,,,,,,,
r1,2013,南野やじ,,準決勝進出,,,,,,,,,,,,,,
r1,2013,野性爆弾川島,,準決勝進出,,,,,,,,,,,,,,
r1,2013,山田スタジアム,,準決勝進出,,,,,,,,,,,,,,
r1,2013,和牛水田,,準決勝進出,,,,,,,,,,,,,,
r1,2012,COWCOW多田,,優勝,ほほえみギャグマシーン,A,4,13票,,,1番,3票,,,,,,
r1,2012,スギちゃん,,2位,勝手にワイルド宣言,C,4,13票,,,3番,3票,,,,,,
r1,2012,徳井義実,,3位,ハンサムだもの。,B,3,16票,,,2番,1票,,,,,,
r1,2012,友近,,決勝進出,変幻自在のキャラ女王,A,1,5票,,,,,,,,,,
r1,2012,AMEMIYA,,決勝進出,シンガーソング芸人の叫び,A,3,2票,,,,,,,,,,
r1,2012,野性爆弾 川島,,決勝進出,予測不能のやんちゃ芸人,A,2,1票,,,,,,,,,,
r1,2012,サイクロンZ,,決勝進出,はじけるエンターテインメント,B,1,4票,,,,,,,,,,
r1,2012,いなだなおき,,決勝進出,笑撃のブサイク王子,B,2,1票,,,,,,,,,,
r1,2012,キャプテン渡辺,,決勝進出,特攻の開き直り漫談,B,4,0票,,,,,,,,,,
r1,2012,ヒューマン中村,,決勝進出,未知なるフリップショー,C,3,8票,,,,,,,,,,
r1,2012,千鳥 大悟,,決勝進出,西のMANZAIあんちゃん,C,1,0票,,,,,,,,,,
r1,2012,ヤナギブソン,,決勝進出,3人目の技巧派芸人,C,2,0票,,,,,,,,,,
r1,2012,エハラマサヒロ,,準決勝進出,,,,,,,,,,,,,,
r1,2012,やまもとまさみ,,準決勝進出,,,,,,,,,,,,,,
r1,2012,COWCOW山田與志,,準決勝進出,,,,,,,,,,,,,,
r1,2012,手賀沼ジュン,,準決勝進出,,,,,,,,,,,,,,
r1,2012,アナログタロウ,,準決勝進出,,,,,,,,,,,,,,
r1,2012,恋愛小説家・大蜘蛛,,準決勝進出,,,,,,,,,,,,,,
r1,2012,おいでやす小田,,準決勝進出,,,,,,,,,,,,,,
r1,2012,エクセレンツ山形,,準決勝進出,,,,,,,,,,,,,,
r1,2012,小出水直樹,,準決勝進出,,,,,,,,,,,,,,
r1,2012,りっぺ,,準決勝進出,,,,,,,,,,,,,,
r1,2012,森田まりこ,,準決勝進出,,,,,,,,,,,,,,
r1,2012,ナオユキ,,準決勝進出,,,,,,,,,,,,,,
r1,2012,島田珠代,,準決勝進出,,,,,,,,,,,,,,
r1,2012,あしゅらウ・キリュウ,,準決勝進出,,,,,,,,,,,,,,
r1,2012,代走みつくに,,準決勝進出,,,,,,,,,,,,,,
r1,2012,土肥ポン太,,準決勝進出,,,,,,,,,,,,,,
r1,2012,ガリガリガリクソン,,準決勝進出,,,,,,,,,,,,,,
r1,2012,桜 稲垣早希,,準決勝進出,,,,,,,,,,,,,,
r1,2012,笑い飯・哲夫,,準決勝進出,,,,,,,,,,,,,,
r1,2012,井手小吉,,準決勝進出,,,,,,,,,,,,,,
r1,2012,KICK☆,,準決勝進出,,,,,,,,,,,,,,
r1,2012,こばやしけん太,,準決勝進出,,,,,,,,,,,,,,
r1,2012,レオちゃん,,準決勝進出,,,,,,,,,,,,,,
r1,2012,ウメ,,準決勝進出,,,,,,,,,,,,,,
r1,2012,ライセンス藤原,,準決勝進出,,,,,,,,,,,,,,
r1,2012,マキタスポーツ,,準決勝進出,,,,,,,,,,,,,,
r1,2012,鈴木つかさ,,準決勝進出,,,,,,,,,,,,,,
r1,2012,MORIYAMA,,準決勝進出,,,,,,,,,,,,,,
r1,2012,もう中学生,,準決勝進出,,,,,,,,,,,,,,
r1,2012,南野やじ,,準決勝進出,,,,,,,,,,,,,,
r1,2012,はんにゃ金田,,準決勝進出,,,,,,,,,,,,,,
r1,2012,2丁拳銃・小堀,,準決勝進出,,,,,,,,,,,,,,
r1,2012,スリムクラブ真栄田,,準決勝進出,,,,,,,,,,,,,,
r1,2012,中山功太,,準決勝進出,,,,,,,,,,,,,,
r1,2012,レイザーラモンRG,,準決勝進出,,,,,,,,,,,,,,
r1,2012,楽しんご,,準決勝進出,,,,,,,,,,,,,,
r1,2012,北陽・虻川,,準決勝進出,,,,,,,,,,,,,,
r1,2012,素人はまだ,,準決勝進出,,,,,,,,,,,,,,
r1,2012,ミサイルマン岩部,,準決勝進出,,,,,,,,,,,,,,
r1,2012,天竺鼠・川原,,準決勝進出,,,,,,,,,,,,,,
r1,2012,鬼頭真也,,準決勝進出,,,,,,,,,,,,,,
r1,2011,佐久間一行,,優勝,永遠のほんわか王子,4,1,12票,,,2-2番,15票,,,2番,6票,,
r1,2011,AMEMIYA,,準優勝,シンガーソング芸人の叫び,2,1,11票,,,1-2番,15票,,,1番,1票,,
r1,2011,COWCOW山田與志,,ベスト4,笑い仕掛けの癒し系アート,1,2,11票,,,1-1番,6票,,,,,,
r1,2011,スリムクラブ真栄田,,ベスト4,進撃のハスキーモンスター,3,2,13票,,,2-1番,6票,,,,,,
r1,2011,キャプテン渡辺,,ベスト8,特攻の開き直り漫談,1,1,10票,,,,,,,,,,
r1,2011,バッファロー吾郎 木村,,ベスト8,絶好調!コントキング,2,2,10票,,,,,,,,,,
r1,2011,ナオユキ,,ベスト8,熟練のボヤき風来坊,3,1,8票,,,,,,,,,,
r1,2011,ヒューマン中村,,ベスト8,謎の人間観察マニア,4,2,9票,,,,,,,,,,
r1,2011,いがわゆり蚊,,準決勝進出,,,,,,,,,,,,,,
r1,2011,おいでやす小田,,準決勝進出,,,,,,,,,,,,,,
r1,2011,我人祥太,,準決勝進出,,,,,,,,,,,,,,
r1,2011,かみじょうたけし,,準決勝進出,,,,,,,,,,,,,,
r1,2011,ガリガリガリクソン,,準決勝進出,,,,,,,,,,,,,,
r1,2011,河井ゆずる,,準決勝進出,,,,,,,,,,,,,,
r1,2011,経理のや〜もっさん,,準決勝進出,,,,,,,,,,,,,,
r1,2011,小泉エリ,,準決勝進出,,,,,,,,,,,,,,
r1,2011,後藤秀樹,,準決勝進出,,,,,,,,,,,,,,
r1,2011,小森園ひろし,,準決勝進出,,,,,,,,,,,,,,
r1,2011,桜 稲垣早希,,準決勝進出,,,,,,,,,,,,,,
r1,2011,杉岡みどり,,準決勝進出,,,,,,,,,,,,,,
r1,2011,セルライトスパ大須賀,,準決勝進出,,,,,,,,,,,,,,
r1,2011,粗品,,準決勝進出,,,,,,,,,,,,,,
r1,2011,田村良子,,準決勝進出,,,,,,,,,,,,,,
r1,2011,ちゃらんぽらん冨好,,準決勝進出,,,,,,,,,,,,,,
r1,2011,テレ出水テレ樹,,準決勝進出,,,,,,,,,,,,,,
r1,2011,テンダラー浜本広晃,,準決勝進出,,,,,,,,,,,,,,
r1,2011,土肥ポン太,,準決勝進出,,,,,,,,,,,,,,
r1,2011,ファミリーレストランしもばやし,,準決勝進出,,,,,,,,,,,,,,
r1,2011,プラスマイナス岩橋,,準決勝進出,,,,,,,,,,,,,,
r1,2011,町田隼人,,準決勝進出,,,,,,,,,,,,,,
r1,2011,三浦マイルド,,準決勝進出,,,,,,,,,,,,,,
r1,2011,森プロジェクト,,準決勝進出,,,,,,,,,,,,,,
r1,2011,ヤナギブソン,,準決勝進出,,,,,,,,,,,,,,
r1,2011,矢野勝也,,準決勝進出,,,,,,,,,,,,,,
r1,2011,山田ひろあき,,準決勝進出,,,,,,,,,,,,,,
r1,2011,アナログタロウ,,準決勝進出,,,,,,,,,,,,,,
r1,2011,井戸田潤（スピードワゴン）,,準決勝進出,,,,,,,,,,,,,,
r1,2011,井上マー,,準決勝進出,,,,,,,,,,,,,,
r1,2011,エハラマサヒロ,,準決勝進出,,,,,,,,,,,,,,
r1,2011,大輪教授,,準決勝進出,,,,,,,,,,,,,,
r1,2011,オサダショルダー,,準決勝進出,,,,,,,,,,,,,,
r1,2011,かたつむり林,,準決勝進出,,,,,,,,,,,,,,
r1,2011,KICK☆,,準決勝進出,,,,,,,,,,,,,,
r1,2011,鬼頭真也（夜ふかしの会）,,準決勝進出,,,,,,,,,,,,,,
r1,2011,くじら,,準決勝進出,,,,,,,,,,,,,,
r1,2011,くまだまさし,,準決勝進出,,,,,,,,,,,,,,
r1,2011,ケンキ,,準決勝進出,,,,,,,,,,,,,,
r1,2011,小林アナ,,準決勝進出,,,,,,,,,,,,,,
r1,2011,サイクロンZ,,準決勝進出,,,,,,,,,,,,,,
r1,2011,さな,,準決勝進出,,,,,,,,,,,,,,
r1,2011,Gたかし,,準決勝進出,,,,,,,,,,,,,,
r1,2011,島田秀平,,準決勝進出,,,,,,,,,,,,,,
r1,2011,夙川アトム,,準決勝進出,,,,,,,,,,,,,,
r1,2011,スギタヒロシ,,準決勝進出,,,,,,,,,,,,,,
r1,2011,鈴木つかさ,,準決勝進出,,,,,,,,,,,,,,
r1,2011,TAIGA,,準決勝進出,,,,,,,,,,,,,,
r1,2011,竹若元博（バッファロー吾郎）,,準決勝進出,,,,,,,,,,,,,,
r1,2011,田上よしえ,,準決勝進出,,,,,,,,,,,,,,
r1,2011,楽しんご,,準決勝進出,,,,,,,,,,,,,,
r1,2011,長江もみ,,準決勝進出,,,,,,,,,,,,,,
r1,2011,中川家 礼二,,準決勝進出,,,,,,,,,,,,,,
r1,2011,長浜之人,,準決勝進出,,,,,,,,,,,,,,
r1,2011,中山功太,,準決勝進出,,,,,,,,,,,,,,
r1,2011,ネゴシックス,,準決勝進出,,,,,,,,,,,,,,
r1,2011,ねづっち,,準決勝進出,,,,,,,,,,,,,,
r1,2011,バイきんぐ小峠,,準決勝進出,,,,,,,,,,,,,,
r1,2011,藤井ペイジ,,準決勝進出,,,,,,,,,,,,,,
r1,2011,星野卓也,,準決勝進出,,,,,,,,,,,,,,
r1,2011,ホリ,,準決勝進出,,,,,,,,,,,,,,
r1,2011,マキタスポーツ,,準決勝進出,,,,,,,,,,,,,,
r1,2011,マナティ,,準決勝進出,,,,,,,,,,,,,,
r1,2011,マリッジブルーこうもと,,準決勝進出,,,,,,,,,,,,,,
r1,2011,南野やじ,,準決勝進出,,,,,,,,,,,,,,
r1,2011,メルヘン須長,,準決勝進出,,,,,,,,,,,,,,
r1,2011,もう中学生,,準決勝進出,,,,,,,,,,,,,,
r1,2011,やまもとまさみ,,準決勝進出,,,,,,,,,,,,,,
r1,2011,ユリオカ超特Q,,準決勝進出,,,,,,,,,,,,,,
r1,2011,横澤夏子,,準決勝進出,,,,,,,,,,,,,,
r1,2011,吉富Aボタン,,準決勝進出,,,,,,,,,,,,,,
r1,2011,レイザーラモンRG,,準決勝進出,,,,,,,,,,,,,,
r1,2010,あべこうじ,,優勝,ちょいウザスタンダップコメディ,,9,658点,,,2番,6票,,,,,,
r1,2010,エハラマサヒロ,,2位,ニクい笑顔のエンターティナー,,8,655点,,,1番,1票,,,,,,
r1,2010,なだぎ武,,3位,この男2連覇コメディアンにつき,,7,661点,,,3番,0票,,,,,,
r1,2010,川島明,,4位,低音ボイスの貴公子,,5,645点,,,,,,,,,,
r1,2010,いとうあさこ,,5位,アラフォーの青春にタッチ,,3,641点,,,,,,,,,,
r1,2010,Gたかし,,6位,叫ぶ!モノマネ格闘家,,4,639点,,,,,,,,,,
r1,2010,バカリズム,,7位,発想自在のネタ職人,,2,630点,,,,,,,,,,
r1,2010,我人祥太,,8位,暴走する青年の主張,,6,628点,,,,,,,,,,
r1,2010,COWCOW山田與志,,9位,笑い仕掛けの癒し系アート,,1,627点,,,,,,,,,,
r1,2010,赤いプルトニウム,,準決勝進出,,,,,,,,,,,,,,
r1,2010,アナログタロウ,,準決勝進出,,,,,,,,,,,,,,
r1,2010,井戸田潤（スピードワゴン）,,準決勝進出,,,,,,,,,,,,,,
r1,2010,井上マー,,準決勝進出,,,,,,,,,,,,,,
r1,2010,今泉,,準決勝進出,,,,,,,,,,,,,,
r1,2010,岩間よいこ（パルフェ）,,準決勝進出,,,,,,,,,,,,,,
r1,2010,ウクレレえいじ,,準決勝進出,,,,,,,,,,,,,,
r1,2010,大重わたる（夜ふかしの会）,,準決勝進出,,,,,,,,,,,,,,
r1,2010,岸学,,準決勝進出,,,,,,,,,,,,,,
r1,2010,キャプテン渡辺,,準決勝進出,,,,,,,,,,,,,,
r1,2010,くまだまさし,,準決勝進出,,,,,,,,,,,,,,
r1,2010,こばやしけん太,,準決勝進出,,,,,,,,,,,,,,
r1,2010,ゴンゾー,,準決勝進出,,,,,,,,,,,,,,
r1,2010,サイクロンZ,,準決勝進出,,,,,,,,,,,,,,
r1,2010,夙川アトム,,準決勝進出,,,,,,,,,,,,,,
r1,2010,庄司智春,,準決勝進出,,,,,,,,,,,,,,
r1,2010,鈴木つかさ,,準決勝進出,,,,,,,,,,,,,,
r1,2010,タッツィー,,準決勝進出,,,,,,,,,,,,,,
r1,2010,田上よしえ,,準決勝進出,,,,,,,,,,,,,,
r1,2010,DJきーぽん,,準決勝進出,,,,,,,,,,,,,,
r1,2010,天津木村,,準決勝進出,,,,,,,,,,,,,,
r1,2010,天津向,,準決勝進出,,,,,,,,,,,,,,
r1,2010,徳井義実,,準決勝進出,,,,,,,,,,,,,,
r1,2010,友近,,準決勝進出,,,,,,,,,,,,,,
r1,2010,鳥居みゆき,,準決勝進出,,,,,,,,,,,,,,
r1,2010,長江もみ,,準決勝進出,,,,,,,,,,,,,,
r1,2010,長浜之人,,準決勝進出,,,,,,,,,,,,,,
r1,2010,にしおかすみこ,,準決勝進出,,,,,,,,,,,,,,
r1,2010,はいじぃ,,準決勝進出,,,,,,,,,,,,,,
r1,2010,メンソールライト,,準決勝進出,,,,,,,,,,,,,,
r1,2010,もう中学生,,準決勝進出,,,,,,,,,,,,,,
r1,2010,山田與志（COWCOW）,,準決勝進出,,,,,,,,,,,,,,
r1,2010,やまもとまさみ,,準決勝進出,,,,,,,,,,,,,,
r1,2010,ゆってぃ,,準決勝進出,,,,,,,,,,,,,,
r1,2010,ユリオカ超特Q,,準決勝進出,,,,,,,,,,,,,,
r1,2010,渡辺直美,,準決勝進出,,,,,,,,,,,,,,
r1,2010,浅越ゴエ（ザ･プラン9）,,準決勝進出,,,,,,,,,,,,,,
r1,2010,安心のカマグチ,,準決勝進出,,,,,,,,,,,,,,
r1,2010,いがわゆり蚊,,準決勝進出,,,,,,,,,,,,,,
r1,2010,おいでやす小田,,準決勝進出,,,,,,,,,,,,,,
r1,2010,兼光貴史（プラスマイナス）,,準決勝進出,,,,,,,,,,,,,,
r1,2010,かみじょうたけし,,準決勝進出,,,,,,,,,,,,,,
r1,2010,ガリガリガリクソン,,準決勝進出,,,,,,,,,,,,,,
r1,2010,川原克己,,準決勝進出,,,,,,,,,,,,,,
r1,2010,こうたろうくん,,準決勝進出,,,,,,,,,,,,,,
r1,2010,桜・稲垣早希,,準決勝進出,,,,,,,,,,,,,,
r1,2010,シャンプーハットこいちゃん,,準決勝進出,,,,,,,,,,,,,,
r1,2010,すっちー,,準決勝進出,,,,,,,,,,,,,,
r1,2010,代走みつくに,,準決勝進出,,,,,,,,,,,,,,
r1,2010,代打屋中川,,準決勝進出,,,,,,,,,,,,,,
r1,2010,多田健二（COWCOW）,,準決勝進出,,,,,,,,,,,,,,
r1,2010,ちゃらんぽらん冨好,,準決勝進出,,,,,,,,,,,,,,
r1,2010,テンダラー浜本広晃,,準決勝進出,,,,,,,,,,,,,,
r1,2010,土肥ポン太,,準決勝進出,,,,,,,,,,,,,,
r1,2010,ナオユキ,,準決勝進出,,,,,,,,,,,,,,
r1,2010,中川どっぺる,,準決勝進出,,,,,,,,,,,,,,
r1,2010,中山功太,,準決勝進出,,,,,,,,,,,,,,
r1,2010,ハロー植田,,準決勝進出,,,,,,,,,,,,,,
r1,2010,ヒューマン中村,,準決勝進出,,,,,,,,,,,,,,
r1,2010,南野やじ,,準決勝進出,,,,,,,,,,,,,,
r1,2010,ヤナギブソン（ザ・プラン9）,,準決勝進出,,,,,,,,,,,,,,
r1,2009,中山功太,,優勝,技巧派フレーズ王子,,10,683点,,,,,,,,,,
r1,2009,エハラマサヒロ,,2位,ニクい笑顔のエンターティナー,,4,675点,,,,,,,,,,
r1,2009,バカリズム,,3位,発想自在のネタ職人,,3,672点,,,,,,,,,,
r1,2009,COWCOW山田與志,,3位,笑い仕掛けの癒し系フリップ,,8,672点,,,,,,,,,,
r1,2009,あべこうじ,,5位,ちょいウザスタンダップコメディ,,9,663点,,,,,,,,,,
r1,2009,サイクロンZ,,6位,あっぱれ!ダンシングヒーロー,,5,662点,,,,,,,,,,
r1,2009,鬼頭真也,,7位,疾風怒濤の図書委員,,7,645点,,,,,,,,,,
r1,2009,鳥居みゆき,,8位,キレ芸暴走プリンセス,,6,642点,,,,,,,,,,
r1,2009,岸学,,9位,笑撃!24時間トラブル発生,,2,634点,,,,,,,,,,
r1,2009,夙川アトム,,10位,正体不明のギョーカイ人,,1,622点,,,,,,,,,,
r1,2009,あれきさんだーおりょう,,準決勝進出,,,,,,,,,,,,,,
r1,2009,いがわゆり蚊,,準決勝進出,,,,,,,,,,,,,,
r1,2009,出雲阿国,,準決勝進出,,,,,,,,,,,,,,
r1,2009,板倉俊之（インパルス）,,準決勝進出,,,,,,,,,,,,,,
r1,2009,芋洗坂係長,,準決勝進出,,,,,,,,,,,,,,
r1,2009,ウメ,,準決勝進出,,,,,,,,,,,,,,
r1,2009,大輪教授,,準決勝進出,,,,,,,,,,,,,,
r1,2009,カートヤング,,準決勝進出,,,,,,,,,,,,,,
r1,2009,COWCOW多田,,準決勝進出,,,,,,,,,,,,,,
r1,2009,ガリガリガリクソン,,準決勝進出,,,,,,,,,,,,,,
r1,2009,キャン×キャン長浜之人,,準決勝進出,,,,,,,,,,,,,,
r1,2009,くじら,,準決勝進出,,,,,,,,,,,,,,
r1,2009,くまだまさし,,準決勝進出,,,,,,,,,,,,,,
r1,2009,児嶋一哉,,準決勝進出,,,,,,,,,,,,,,
r1,2009,小島よしお,,準決勝進出,,,,,,,,,,,,,,
r1,2009,後藤秀樹,,準決勝進出,,,,,,,,,,,,,,
r1,2009,こばやしけん太,,準決勝進出,,,,,,,,,,,,,,
r1,2009,小堀裕之（2丁拳銃）,,準決勝進出,,,,,,,,,,,,,,
r1,2009,小籔千豊,,準決勝進出,,,,,,,,,,,,,,
r1,2009,佐久間一行,,準決勝進出,,,,,,,,,,,,,,
r1,2009,桜塚やっくん,,準決勝進出,,,,,,,,,,,,,,
r1,2009,ザブングル加藤,,準決勝進出,,,,,,,,,,,,,,
r1,2009,清水けんじ,,準決勝進出,,,,,,,,,,,,,,
r1,2009,シャカ大熊,,準決勝進出,,,,,,,,,,,,,,
r1,2009,庄司智春,,準決勝進出,,,,,,,,,,,,,,
r1,2009,ジョーク東郷,,準決勝進出,,,,,,,,,,,,,,
r1,2009,鈴木つかさ,,準決勝進出,,,,,,,,,,,,,,
r1,2009,須知軍曹,,準決勝進出,,,,,,,,,,,,,,
r1,2009,ズドン,,準決勝進出,,,,,,,,,,,,,,
r1,2009,代打屋中川,,準決勝進出,,,,,,,,,,,,,,
r1,2009,竹内康晃,,準決勝進出,,,,,,,,,,,,,,
r1,2009,田上よしえ,,準決勝進出,,,,,,,,,,,,,,
r1,2009,ちゃらんぽらん冨好,,準決勝進出,,,,,,,,,,,,,,
r1,2009,チャンカワイ,,準決勝進出,,,,,,,,,,,,,,
r1,2009,天津木村,,準決勝進出,,,,,,,,,,,,,,
r1,2009,天津 向,,準決勝進出,,,,,,,,,,,,,,
r1,2009,$10浜本広晃,,準決勝進出,,,,,,,,,,,,,,
r1,2009,土肥ポン太,,準決勝進出,,,,,,,,,,,,,,
r1,2009,友近,,準決勝進出,,,,,,,,,,,,,,
r1,2009,ナオユキ,,準決勝進出,,,,,,,,,,,,,,
r1,2009,ニッチェ江上,,準決勝進出,,,,,,,,,,,,,,
r1,2009,はりけ〜んず前田,,準決勝進出,,,,,,,,,,,,,,
r1,2009,ヒデヨシ・ゆうき,,準決勝進出,,,,,,,,,,,,,,
r1,2009,HEY! たくちゃん,,準決勝進出,,,,,,,,,,,,,,
r1,2009,星飛雄馬,,準決勝進出,,,,,,,,,,,,,,
r1,2009,本日は晴天なり,,準決勝進出,,,,,,,,,,,,,,
r1,2009,マリッジブルーこうもと,,準決勝進出,,,,,,,,,,,,,,
r1,2009,三浦マイルド,,準決勝進出,,,,,,,,,,,,,,
r1,2009,もう中学生,,準決勝進出,,,,,,,,,,,,,,
r1,2009,ヤナギブソン（ザ・プラン9）,,準決勝進出,,,,,,,,,,,,,,
r1,2009,山本俊治,,準決勝進出,,,,,,,,,,,,,,
r1,2009,ゆってぃ,,準決勝進出,,,,,,,,,,,,,,
r1,2009,ユリオカ超特Q,,準決勝進出,,,,,,,,,,,,,,
r1,2009,渡辺直美,,準決勝進出,,,,,,,,,,,,,,
r1,2008,なだぎ武,,優勝,この男コメディアンにつき,,4,474点,,,,,,,,,,
r1,2008,芋洗坂係長,,2位,突如現れた謎のメタボ芸人,,7,472点,,,,,,,,,,
r1,2008,世界のナベアツ,,3位,微笑のエンターテイナー,,2,469点,,,,,,,,,,
r1,2008,中山功太,,4位,クセ者芸人真っ向リベンジ,,3,459点,,,,,,,,,,
r1,2008,あべこうじ,,5位,帰ってきたちょいウザピン芸人,,6,454点,,,,,,,,,,
r1,2008,鳥居みゆき,,6位,キレ芸暴走モード突入,,5,451点,,,,,,,,,,
r1,2008,土肥ポン太,,7位,浪花からピン芸開化の音がする,,8,449点,,,,,,,,,,
r1,2008,COWCOW山田よし,,8位,北の国から〜’08 爆笑〜,,1,447点,,,,,,,,,,
r1,2008,アップダウン阿部,,準決勝進出,,,,,,,,,,,,,,
r1,2008,アントキの猪木,,準決勝進出,,,,,,,,,,,,,,
r1,2008,板倉俊之,,準決勝進出,,,,,,,,,,,,,,
r1,2008,いとうあさこ,,準決勝進出,,,,,,,,,,,,,,
r1,2008,井上マー,,準決勝進出,,,,,,,,,,,,,,
r1,2008,ウメ,,準決勝進出,,,,,,,,,,,,,,
r1,2008,エド・はるみ,,準決勝進出,,,,,,,,,,,,,,
r1,2008,オードリー若林,,準決勝進出,,,,,,,,,,,,,,
r1,2008,大西ライオン,,準決勝進出,,,,,,,,,,,,,,
r1,2008,大輪教授,,準決勝進出,,,,,,,,,,,,,,
r1,2008,狩野英孝,,準決勝進出,,,,,,,,,,,,,,
r1,2008,岸学,,準決勝進出,,,,,,,,,,,,,,
r1,2008,黒沢かずこ（森三中）,,準決勝進出,,,,,,,,,,,,,,
r1,2008,佐久間一行,,準決勝進出,,,,,,,,,,,,,,
r1,2008,たいがー・りー,,準決勝進出,,,,,,,,,,,,,,
r1,2008,チャンカワイ,,準決勝進出,,,,,,,,,,,,,,
r1,2008,長州小力,,準決勝進出,,,,,,,,,,,,,,
r1,2008,徳井義実（チュートリアル）,,準決勝進出,,,,,,,,,,,,,,
r1,2008,どくろ団,,準決勝進出,,,,,,,,,,,,,,
r1,2008,友近,,準決勝進出,,,,,,,,,,,,,,
r1,2008,ネゴシックス,,準決勝進出,,,,,,,,,,,,,,
r1,2008,博多華丸,,準決勝進出,,,,,,,,,,,,,,
r1,2008,バカリズム,,準決勝進出,,,,,,,,,,,,,,
r1,2008,星野卓也,,準決勝進出,,,,,,,,,,,,,,
r1,2008,増谷キートン,,準決勝進出,,,,,,,,,,,,,,
r1,2008,マナティ,,準決勝進出,,,,,,,,,,,,,,
r1,2008,やまもとまさみ,,準決勝進出,,,,,,,,,,,,,,
r1,2008,ユリオカ超特Q,,準決勝進出,,,,,,,,,,,,,,
r1,2008,ランス39号,,準決勝進出,,,,,,,,,,,,,,
r1,2008,若井おさむ,,準決勝進出,,,,,,,,,,,,,,
r1,2008,R藤本,,準決勝進出,,,,,,,,,,,,,,
r1,2008,アイヒマンスタンダード,,準決勝進出,,,,,,,,,,,,,,
r1,2008,ウーマンリブ山本,,準決勝進出,,,,,,,,,,,,,,
r1,2008,お〜い！久馬（ザ・プラン9）,,準決勝進出,,,,,,,,,,,,,,
r1,2008,O・D・A,,準決勝進出,,,,,,,,,,,,,,
r1,2008,オーマイガット出水トゥギャ樹（シャンプーハット・小出水）,,準決勝進出,,,,,,,,,,,,,,
r1,2008,おかだ,,準決勝進出,,,,,,,,,,,,,,
r1,2008,岡本さん（赤井組）,,準決勝進出,,,,,,,,,,,,,,
r1,2008,ガリガリガリクソン,,準決勝進出,,,,,,,,,,,,,,
r1,2008,キムラ・ケブラーダ,,準決勝進出,,,,,,,,,,,,,,
r1,2008,小森園洋志,,準決勝進出,,,,,,,,,,,,,,
r1,2008,小籔千豊,,準決勝進出,,,,,,,,,,,,,,
r1,2008,ジャンクション下林,,準決勝進出,,,,,,,,,,,,,,
r1,2008,鈴木つかさ（ザ・プラン9）,,準決勝進出,,,,,,,,,,,,,,
r1,2008,代走みつくに,,準決勝進出,,,,,,,,,,,,,,
r1,2008,代打屋中川（ランディーズ・中川）,,準決勝進出,,,,,,,,,,,,,,
r1,2008,田崎佑一（藤崎マーケット）,,準決勝進出,,,,,,,,,,,,,,
r1,2008,ちゃいますねん八木,,準決勝進出,,,,,,,,,,,,,,
r1,2008,ツジカオルコ,,準決勝進出,,,,,,,,,,,,,,
r1,2008,プラスマイナスかねみっちゃん,,準決勝進出,,,,,,,,,,,,,,
r1,2008,松原タニシ,,準決勝進出,,,,,,,,,,,,,,
r1,2008,水口（ソラシド）,,準決勝進出,,,,,,,,,,,,,,
r1,2008,宮戸洋行（GAG少年楽団）,,準決勝進出,,,,,,,,,,,,,,
r1,2008,森田まりこ,,準決勝進出,,,,,,,,,,,,,,
r1,2008,ヤナギブソン（ザ・プラン9）,,準決勝進出,,,,,,,,,,,,,,
r1,2008,山口了,,準決勝進出,,,,,,,,,,,,,,
r1,2008,リトルこいし,,準決勝進出,,,,,,,,,,,,,,
r1,2007,なだぎ武,,優勝,この男コメディアンにつき,,8,456点（4票）,,,,,,,,,,
r1,2007,徳井義実,,2位,M-1王者が2冠を狙う,,2,456点（1票）,,,,,,,,,,
r1,2007,バカリズム,,3位,変幻自在のネタ職人,,7,448点,,,,,,,,,,
r1,2007,土肥ポン太,,4位,浪花のアンダーグラウンド芸人,,1,440点,,,,,,,,,,
r1,2007,友近,,5位,無冠のR-1女王,,4,439点,,,,,,,,,,
r1,2007,やまもとまさみ,,6位,陽気なダークホース,,6,438点,,,,,,,,,,
r1,2007,ウメ,,7位,アート系不思議ちゃん芸人,,5,437点,,,,,,,,,,
r1,2007,大輪教授,,8位,情熱の理数系芸人,,3,409点,,,,,,,,,,
r1,2007,あべこうじ,,準決勝進出,,,,,,,,,,,,,,
r1,2007,あれきさんだーおりょう,,準決勝進出,,,,,,,,,,,,,,
r1,2007,いとうあさこ,,準決勝進出,,,,,,,,,,,,,,
r1,2007,井上マー,,準決勝進出,,,,,,,,,,,,,,
r1,2007,COWCOW山田よし,,準決勝進出,,,,,,,,,,,,,,
r1,2007,川村エミコ,,準決勝進出,,,,,,,,,,,,,,
r1,2007,岸学,,準決勝進出,,,,,,,,,,,,,,
r1,2007,くじら,,準決勝進出,,,,,,,,,,,,,,
r1,2007,佐久間一行,,準決勝進出,,,,,,,,,,,,,,
r1,2007,桜井ちひろ,,準決勝進出,,,,,,,,,,,,,,
r1,2007,ザブングル加藤,,準決勝進出,,,,,,,,,,,,,,
r1,2007,サワー沢口,,準決勝進出,,,,,,,,,,,,,,
r1,2007,シャカ大熊,,準決勝進出,,,,,,,,,,,,,,
r1,2007,ジャリズム渡辺あつむ,,準決勝進出,,,,,,,,,,,,,,
r1,2007,末高斗夢,,準決勝進出,,,,,,,,,,,,,,
r1,2007,タートル比嘉,,準決勝進出,,,,,,,,,,,,,,
r1,2007,ダイノジおおち,,準決勝進出,,,,,,,,,,,,,,
r1,2007,長州小力,,準決勝進出,,,,,,,,,,,,,,
r1,2007,にしおかすみこ,,準決勝進出,,,,,,,,,,,,,,
r1,2007,博多大吉,,準決勝進出,,,,,,,,,,,,,,
r1,2007,浜ロン,,準決勝進出,,,,,,,,,,,,,,
r1,2007,ピース：又吉,,準決勝進出,,,,,,,,,,,,,,
r1,2007,ポテト少年団菊地,,準決勝進出,,,,,,,,,,,,,,
r1,2007,鮪男,,準決勝進出,,,,,,,,,,,,,,
r1,2007,南野やじ,,準決勝進出,,,,,,,,,,,,,,
r1,2007,名刀長塚,,準決勝進出,,,,,,,,,,,,,,
r1,2007,柳原加奈子,,準決勝進出,,,,,,,,,,,,,,
r1,2007,ライセンス藤原,,準決勝進出,,,,,,,,,,,,,,
r1,2007,冷蔵庫マン,,準決勝進出,,,,,,,,,,,,,,
r1,2007,いがわゆり蚊,,準決勝進出,,,,,,,,,,,,,,
r1,2007,石田明（NON STYLE）,,準決勝進出,,,,,,,,,,,,,,
r1,2007,コア・ファイター西井,,準決勝進出,,,,,,,,,,,,,,
r1,2007,小籔千豊,,準決勝進出,,,,,,,,,,,,,,
r1,2007,JP,,準決勝進出,,,,,,,,,,,,,,
r1,2007,鈴木つかさ,,準決勝進出,,,,,,,,,,,,,,
r1,2007,須知軍曹,,準決勝進出,,,,,,,,,,,,,,
r1,2007,ストリーク山田,,準決勝進出,,,,,,,,,,,,,,
r1,2007,ダイアン西澤,,準決勝進出,,,,,,,,,,,,,,
r1,2007,代走みつくに,,準決勝進出,,,,,,,,,,,,,,
r1,2007,田崎ソムリエ佑一,,準決勝進出,,,,,,,,,,,,,,
r1,2007,チャン・ドン・ゴン・ゲン,,準決勝進出,,,,,,,,,,,,,,
r1,2007,哲夫（笑い飯）,,準決勝進出,,,,,,,,,,,,,,
r1,2007,天津向,,準決勝進出,,,,,,,,,,,,,,
r1,2007,中川春団治（ランディーズ）,,準決勝進出,,,,,,,,,,,,,,
r1,2007,中山功太,,準決勝進出,,,,,,,,,,,,,,
r1,2007,ネゴシックス,,準決勝進出,,,,,,,,,,,,,,
r1,2007,ぴっかり高木,,準決勝進出,,,,,,,,,,,,,,
r1,2007,松原タニシ,,準決勝進出,,,,,,,,,,,,,,
r1,2007,水口（ソラシド）,,準決勝進出,,,,,,,,,,,,,,
r1,2007,三歩一,,準決勝進出,,,,,,,,,,,,,,
r1,2007,ムーディ勝山,,準決勝進出,,,,,,,,,,,,,,
r1,2007,村越周司,,準決勝進出,,,,,,,,,,,,,,
r1,2007,ヤナギブソン,,準決勝進出,,,,,,,,,,,,,,
r1,2007,山口了,,準決勝進出,,,,,,,,,,,,,,
r1,2007,ロリィタ族。,,準決勝進出,,,,,,,,,,,,,,
r1,2007,若井おさむ,,準決勝進出,,,,,,,,,,,,,,
r1,2006,博多華丸,,優勝,冷静沈着な西国の鷹,,8,450点,,,,,,,,,,
r1,2006,あべこうじ,,2位,正統派スタンダップコメディ,,5,438点,,,,,,,,,,
r1,2006,浅越ゴエ,,3位,才知あふれる技巧派弁士,,6,434点,,,,,,,,,,
r1,2006,バカリズム,,4位,玄人好みのネタ職人,,2,418点,,,,,,,,,,
r1,2006,岸学,,5位,不気味なダークホース,,7,416点,,,,,,,,,,
r1,2006,友近,,6位,無冠のR-1女王,,1,406点,,,,,,,,,,
r1,2006,中山功太,,7位,ピン芸新時代の申し子,,3,405点,,,,,,,,,,
r1,2006,キャプテン☆ボンバー,,8位,自由の国のごきげんマッスル,,4,382点,,,,,,,,,,
r1,2006,愛植男,,準決勝進出,,,,,,,,,,,,,,
r1,2006,いがわゆり蚊,,準決勝進出,,,,,,,,,,,,,,
r1,2006,お〜い！久馬,,準決勝進出,,,,,,,,,,,,,,
r1,2006,O・D・A,,準決勝進出,,,,,,,,,,,,,,
r1,2006,ガリガリガリクソン,,準決勝進出,,,,,,,,,,,,,,
r1,2006,国崎恵美,,準決勝進出,,,,,,,,,,,,,,
r1,2006,後藤レクイエム,,準決勝進出,,,,,,,,,,,,,,
r1,2006,小籔千豊,,準決勝進出,,,,,,,,,,,,,,
r1,2006,サバンナ高橋,,準決勝進出,,,,,,,,,,,,,,
r1,2006,しましまてるお,,準決勝進出,,,,,,,,,,,,,,
r1,2006,杉岡みどり,,準決勝進出,,,,,,,,,,,,,,
r1,2006,鈴木つかさ,,準決勝進出,,,,,,,,,,,,,,
r1,2006,須知軍曹,,準決勝進出,,,,,,,,,,,,,,
r1,2006,チャン・ドン・ゴン・ゲン,,準決勝進出,,,,,,,,,,,,,,
r1,2006,チュートリアル 徳井,,準決勝進出,,,,,,,,,,,,,,
r1,2006,D坊,,準決勝進出,,,,,,,,,,,,,,
r1,2006,なだぎ武,,準決勝進出,,,,,,,,,,,,,,
r1,2006,ネゴシックス,,準決勝進出,,,,,,,,,,,,,,
r1,2006,ハッピーとしちゃん☆,,準決勝進出,,,,,,,,,,,,,,
r1,2006,ポンバシ系 向,,準決勝進出,,,,,,,,,,,,,,
r1,2006,三歩一,,準決勝進出,,,,,,,,,,,,,,
r1,2006,森美剛,,準決勝進出,,,,,,,,,,,,,,
r1,2006,ヤナギブソン,,準決勝進出,,,,,,,,,,,,,,
r1,2006,山林久人,,準決勝進出,,,,,,,,,,,,,,
r1,2006,結城アクションクラブ,,準決勝進出,,,,,,,,,,,,,,
r1,2006,若井おさむ,,準決勝進出,,,,,,,,,,,,,,
r1,2006,アイパー滝沢,,準決勝進出,,,,,,,,,,,,,,
r1,2006,あれきさんだーおりょう,,準決勝進出,,,,,,,,,,,,,,
r1,2006,出雲阿国,,準決勝進出,,,,,,,,,,,,,,
r1,2006,いとうあさこ,,準決勝進出,,,,,,,,,,,,,,
r1,2006,井上マー,,準決勝進出,,,,,,,,,,,,,,
r1,2006,ウメ,,準決勝進出,,,,,,,,,,,,,,
r1,2006,大輪教授,,準決勝進出,,,,,,,,,,,,,,
r1,2006,金成（ハローバイバイ）,,準決勝進出,,,,,,,,,,,,,,
r1,2006,くじら,,準決勝進出,,,,,,,,,,,,,,
r1,2006,くまだまさし,,準決勝進出,,,,,,,,,,,,,,
r1,2006,ケンドーコバヤシ,,準決勝進出,,,,,,,,,,,,,,
r1,2006,サイクロンZ,,準決勝進出,,,,,,,,,,,,,,
r1,2006,シャカ大熊,,準決勝進出,,,,,,,,,,,,,,
r1,2006,末高斗夢,,準決勝進出,,,,,,,,,,,,,,
r1,2006,スケバン恐子,,準決勝進出,,,,,,,,,,,,,,
r1,2006,千原ジュニア,,準決勝進出,,,,,,,,,,,,,,
r1,2006,チャド,,準決勝進出,,,,,,,,,,,,,,
r1,2006,長州小力,,準決勝進出,,,,,,,,,,,,,,
r1,2006,椿鬼奴,,準決勝進出,,,,,,,,,,,,,,
r1,2006,永井佑一郎,,準決勝進出,,,,,,,,,,,,,,
r1,2006,猫ひろし,,準決勝進出,,,,,,,,,,,,,,
r1,2006,パッション屋良,,準決勝進出,,,,,,,,,,,,,,
r1,2006,はなわ,,準決勝進出,,,,,,,,,,,,,,
r1,2006,藤原（ライセンス）,,準決勝進出,,,,,,,,,,,,,,
r1,2006,星野卓也,,準決勝進出,,,,,,,,,,,,,,
r1,2006,鮪男,,準決勝進出,,,,,,,,,,,,,,
r1,2006,南野やじ,,準決勝進出,,,,,,,,,,,,,,
r1,2006,名刀長塚,,準決勝進出,,,,,,,,,,,,,,
r1,2006,森プロジェクト,,準決勝進出,,,,,,,,,,,,,,
r1,2006,COWCOW山田與志,,準決勝進出,,,,,,,,,,,,,,
r1,2006,ランス39号,,準決勝進出,,,,,,,,,,,,,,
r1,2006,冷蔵庫マン,,準決勝進出,,,,,,,,,,,,,,
r1,2005,ほっしゃん。,,優勝,独特の観点から来る一人コント\n芸歴15年貫禄十分,,6,478点,,,,,,,,,,
r1,2005,井上マー,,2位,オレの熱い魂を聞いてくれ\n青春の一人シャウト,,8,473点,,,,,,,,,,
r1,2005,あべこうじ,,3位,終わりの知らないハイスピードマシンガン話芸\n正統派漫談,,3,471点,,,,,,,,,,
r1,2005,友近,,4位,孤高の一人コント師\n千の顔を持つ女,,4,458点,,,,,,,,,,
r1,2005,ネゴシックス,,4位,島根が生んだお笑いビックリ箱\n今日も怒り話芸全開か?,,2,458点,,,,,,,,,,
r1,2005,ヒロシ,,6位,もてない男の自虐的漫談\n2年連続決勝進出,,5,436点,,,,,,,,,,
r1,2005,中山功太,,7位,無限に広がる言葉のチョイス\n言葉の宇宙空間,,7,434点,,,,,,,,,,
r1,2005,長州小力,,8位,ダンスとプロレスアートのコラボ芸\n一人話芸の異種格闘技,,1,429点,,,,,,,,,,
r1,2005,追い風三等兵（南海キャンディーズ・山里）,,準決勝進出,,,,,,,,,,,,,,
r1,2005,大木三郎,,準決勝進出,,,,,,,,,,,,,,
r1,2005,O・D・A,,準決勝進出,,,,,,,,,,,,,,
r1,2005,桂三若,,準決勝進出,,,,,,,,,,,,,,
r1,2005,加藤たかこ,,準決勝進出,,,,,,,,,,,,,,
r1,2005,国崎恵美,,準決勝進出,,,,,,,,,,,,,,
r1,2005,後藤秀樹,,準決勝進出,,,,,,,,,,,,,,
r1,2005,小籔千豊,,準決勝進出,,,,,,,,,,,,,,
r1,2005,末高斗夢,,準決勝進出,,,,,,,,,,,,,,
r1,2005,住谷正樹,,準決勝進出,,,,,,,,,,,,,,
r1,2005,SOGANO妹子,,準決勝進出,,,,,,,,,,,,,,
r1,2005,竹井輝彦,,準決勝進出,,,,,,,,,,,,,,
r1,2005,ちゃいますねん八木,,準決勝進出,,,,,,,,,,,,,,
r1,2005,テント,,準決勝進出,,,,,,,,,,,,,,
r1,2005,中田なおき,,準決勝進出,,,,,,,,,,,,,,
r1,2005,なかやまきんに君,,準決勝進出,,,,,,,,,,,,,,
r1,2005,ハローケイスケ,,準決勝進出,,,,,,,,,,,,,,
r1,2005,兵動大樹,,準決勝進出,,,,,,,,,,,,,,
r1,2005,藤原・F・オニオ,,準決勝進出,,,,,,,,,,,,,,
r1,2005,帽子屋お松,,準決勝進出,,,,,,,,,,,,,,
r1,2005,松本美香,,準決勝進出,,,,,,,,,,,,,,
r1,2005,南野やじ,,準決勝進出,,,,,,,,,,,,,,
r1,2005,宮戸洋行,,準決勝進出,,,,,,,,,,,,,,
r1,2005,横木ジョージ,,準決勝進出,,,,,,,,,,,,,,
r1,2005,了解しましま,,準決勝進出,,,,,,,,,,,,,,
r1,2005,若井おさむ,,準決勝進出,,,,,,,,,,,,,,
r1,2005,赤いプルトニウム,,準決勝進出,,,,,,,,,,,,,,
r1,2005,芦沢教授,,準決勝進出,,,,,,,,,,,,,,
r1,2005,荒木巴,,準決勝進出,,,,,,,,,,,,,,
r1,2005,伊藤麻子,,準決勝進出,,,,,,,,,,,,,,
r1,2005,お〜い！久馬,,準決勝進出,,,,,,,,,,,,,,
r1,2005,大西ライオン,,準決勝進出,,,,,,,,,,,,,,
r1,2005,小野まじめ,,準決勝進出,,,,,,,,,,,,,,
r1,2005,狩野英孝,,準決勝進出,,,,,,,,,,,,,,
r1,2005,河本センス準一（次長課長）,,準決勝進出,,,,,,,,,,,,,,
r1,2005,ザブングル加藤,,準決勝進出,,,,,,,,,,,,,,
r1,2005,サワー沢口,,準決勝進出,,,,,,,,,,,,,,
r1,2005,清水宏,,準決勝進出,,,,,,,,,,,,,,
r1,2005,じゅんご,,準決勝進出,,,,,,,,,,,,,,
r1,2005,春風亭栄助,,準決勝進出,,,,,,,,,,,,,,
r1,2005,ジョン・レノソ,,準決勝進出,,,,,,,,,,,,,,
r1,2005,鈴木つかさ,,準決勝進出,,,,,,,,,,,,,,
r1,2005,Dice,,準決勝進出,,,,,,,,,,,,,,
r1,2005,タケウチパンダ,,準決勝進出,,,,,,,,,,,,,,
r1,2005,田上よしえ,,準決勝進出,,,,,,,,,,,,,,
r1,2005,テル（どーよ）,,準決勝進出,,,,,,,,,,,,,,
r1,2005,灘儀武,,準決勝進出,,,,,,,,,,,,,,
r1,2005,猫ひろし,,準決勝進出,,,,,,,,,,,,,,
r1,2005,藤原（ライセンス）,,準決勝進出,,,,,,,,,,,,,,
r1,2005,フモモ,,準決勝進出,,,,,,,,,,,,,,
r1,2005,星野卓也,,準決勝進出,,,,,,,,,,,,,,
r1,2005,増谷キートン,,準決勝進出,,,,,,,,,,,,,,
r1,2005,まちゃまちゃ,,準決勝進出,,,,,,,,,,,,,,
r1,2005,森下英矢,,準決勝進出,,,,,,,,,,,,,,
r1,2005,ヤナギブソン,,準決勝進出,,,,,,,,,,,,,,
r1,2005,やまもとまさみ,,準決勝進出,,,,,,,,,,,,,,
r1,2005,藤田（トータルテンボス）,,準決勝進出,（準決勝欠場）,,,,,,,,,,,,,
r1,2004,浅越ゴエ,,優勝,ニュース漫談でお馴染み\n吉本が生んだIQ芸人,,1,,,,,,,,,,,
r1,2004,ネゴシックス,,2位,出雲弁を駆使した壊れた芸風\n破壊的一人話芸,,5,,,,,,,,,,,
r1,2004,友近,,決勝進出,独特な目線と人間描写\n孤高の女コント師,,2,,,,,,,,,,,
r1,2004,ヤナギブソン,,決勝進出,コントユニットザ・プラン9からの第二の使者\n一人大喜利王,,3,,,,,,,,,,,
r1,2004,陣内智則,,決勝進出,若手一人コントの第一人者\nミスター一人コント,,4,,,,,,,,,,,
r1,2004,南野やじ,,決勝進出,お経に合わせて踊る四文字熟語\n漢字の魔術師,,6,,,,,,,,,,,
r1,2004,ヒロシ,,決勝進出,背中に見える哀愁\n九州出身の自虐的漫談師,,7,,,,,,,,,,,
r1,2004,あべこうじ,,決勝進出,爽やかなのに胡散臭い\n東のマシンガントーク芸人,,8,,,,,,,,,,,
r1,2004,タケウチパンダ,,準決勝進出,,,,,,,,,,,,,,
r1,2004,トミーズ健,,準決勝進出,,,,,,,,,,,,,,
r1,2004,なかやまきんに君,,準決勝進出,,,,,,,,,,,,,,
r1,2004,ユウキロック（ハリガネロック）,,準決勝進出,,,,,,,,,,,,,,
r1,2004,衣笠雅子（おしどり）,,準決勝進出,,,,,,,,,,,,,,
r1,2004,加藤誉子,,準決勝進出,,,,,,,,,,,,,,
r1,2004,桂三若,,準決勝進出,,,,,,,,,,,,,,
r1,2004,五十嵐サキ,,準決勝進出,,,,,,,,,,,,,,
r1,2004,後藤秀樹,,準決勝進出,,,,,,,,,,,,,,
r1,2004,若井おさむ,,準決勝進出,,,,,,,,,,,,,,
r1,2004,松本美香,,準決勝進出,,,,,,,,,,,,,,
r1,2004,杉岡みどり,,準決勝進出,,,,,,,,,,,,,,
r1,2004,西川かの子,,準決勝進出,,,,,,,,,,,,,,
r1,2004,中山功太,,準決勝進出,,,,,,,,,,,,,,
r1,2004,鈴木つかさ,,準決勝進出,,,,,,,,,,,,,,
r1,2004,キノッP,,準決勝進出,,,,,,,,,,,,,,
r1,2004,スマイリーキクチ,,準決勝進出,,,,,,,,,,,,,,
r1,2004,テル（どーよ）,,準決勝進出,,,,,,,,,,,,,,
r1,2004,パペットマペット,,準決勝進出,,,,,,,,,,,,,,
r1,2004,ハローケイスケ,,準決勝進出,,,,,,,,,,,,,,
r1,2004,ユミミ,,準決勝進出,,,,,,,,,,,,,,
r1,2004,ユリオカ超特Q,,準決勝進出,,,,,,,,,,,,,,
r1,2004,ららら松村,,準決勝進出,,,,,,,,,,,,,,
r1,2004,伊藤麻子,,準決勝進出,,,,,,,,,,,,,,
r1,2004,佐久間一行,,準決勝進出,,,,,,,,,,,,,,
r1,2004,山崎邦正,,準決勝進出,,,,,,,,,,,,,,
r1,2004,新塾タイガー,,準決勝進出,,,,,,,,,,,,,,
r1,2004,倉本美津留,,準決勝進出,,,,,,,,,,,,,,
r1,2004,大輪教授,,準決勝進出,,,,,,,,,,,,,,
r1,2004,長州小力,,準決勝進出,,,,,,,,,,,,,,
r1,2004,田上よしえ,,準決勝進出,,,,,,,,,,,,,,
r1,2004,波田陽区,,準決勝進出,,,,,,,,,,,,,,
r1,2004,末高斗夢,,準決勝進出,,,,,,,,,,,,,,
r1,2004,名刀長塚,,準決勝進出,,,,,,,,,,,,,,
r1,2002,だいたひかる,,優勝,,,12,,,,,,,,,,,
r1,2002,中田なおき,,決勝進出,,,1,,,,,,,,,,,
r1,2002,友近,,決勝進出,,,2,,,,,,,,,,,
r1,2002,陣内智則,,決勝進出,,,3,,,,,,,,,,,
r1,2002,水玉れっぷう隊 アキ,,決勝進出,,,4,,,,,,,,,,,
r1,2002,パペットマペット,,決勝進出,,,5,,,,,,,,,,,
r1,2002,オール阪神,,決勝進出,,,6,,,,,,,,,,,
r1,2002,浅越ゴエ,,決勝進出,,,7,,,,,,,,,,,
r1,2002,ケンドーコバヤシ,,決勝進出,,,8,,,,,,,,,,,
r1,2002,南野やじ,,決勝進出,,,9,,,,,,,,,,,
r1,2002,桂三若,,決勝進出,,,10,,,,,,,,,,,
r1,2002,笑福亭三喬,,決勝進出,,,11,,,,,,,,,,,
r1,2002,桂三風,,準決勝進出,,,,,,,,,,,,,,
r1,2002,福山幸子,,準決勝進出,,,,,,,,,,,,,,
r1,2002,だっちゃん,,準決勝進出,,,,,,,,,,,,,,
r1,2002,曹操孟徳,,準決勝進出,,,,,,,,,,,,,,
r1,2002,月亭八光,,準決勝進出,,,,,,,,,,,,,,
r1,2002,兵動大樹,,準決勝進出,,,,,,,,,,,,,,
r1,2002,露の都,,準決勝進出,,,,,,,,,,,,,,
r1,2002,杉岡みどり,,準決勝進出,,,,,,,,,,,,,,
r1,2002,大平シロー,,準決勝進出,,,,,,,,,,,,,,
r1,2002,後藤秀樹,,準決勝進出,,,,,,,,,,,,,,
r1,2002,テント,,準決勝進出,,,,,,,,,,,,,,
r1,2002,はなわ,,準決勝進出,,,,,,,,,,,,,,
r1,2002,前田健,,準決勝進出,,,,,,,,,,,,,,
r1,2002,ハローケイスケ,,準決勝進出,,,,,,,,,,,,,,
r1,2002,三遊亭好太郎,,準決勝進出,,,,,,,,,,,,,,
r1,2002,粋なり（大輪）,,準決勝進出,,,,,,,,,,,,,,
r1,2002,川柳つくし,,準決勝進出,,,,,,,,,,,,,,
r1,2002,ほっしゃん,,準決勝進出,,,,,,,,,,,,,,
r1,2002,立川笑志,,準決勝進出,,,,,,,,,,,,,,
r1,2002,B＆B島田洋七,,準決勝進出,,,,,,,,,,,,,,
sec,2023,ギャロップ,,優勝,,3,1,277点,,,2-2番,284点,,,2番,276点,,
sec,2023,マシンガンズ,,準優勝,,1,2,271点,,,1-1番,284点,,,1番,246点,,
sec,2023,囲碁将棋,,ベスト4,,4,2,276点,,,2-1番,284点,,,,,,
sec,2023,三四郎,,ベスト4,,2,2,278点,,,1-2番,256点,,,,,,
sec,2023,テンダラー,,ベスト8,,3,2,272点,,,,,,,,,,
sec,2023,金属バット,,ベスト8,,1,1,269点,,,,,,,,,,
sec,2023,スピードワゴン,,ベスト8,,2,1,257点,,,,,,,,,,
sec,2023,超新塾,1,ベスト8,,4,1,255点,,,,,,,,,,
sec,2023,COWCOW,,ベスト16,,,,,,,,,,,,,,
sec,2023,かもめんたる,,ベスト16,,,,,,,,,,,,,,
sec,2023,タイムマシーン3号,,ベスト16,,,,,,,,,,,,,,
sec,2023,流れ星☆,,ベスト16,,,,,,,,,,,,,,
sec,2023,2丁拳銃,,ベスト16,,,,,,,,,,,,,,
sec,2023,三日月マンハッタン,,ベスト16,,,,,,,,,,,,,,
sec,2023,ラフ次元,,ベスト16,,,,,,,,,,,,,,
sec,2023,ランジャタイ,,ベスト16,,,,,,,,,,,,,,
sec,2023,インポッシブル,,ベスト32,,,,,,,,,,,,,,
sec,2023,ガクテンソク,,ベスト32,,,,,,,,,,,,,,
sec,2023,シャンプーハット,,ベスト32,,,,,,,,,,,,,,
sec,2023,ジャルジャル,,ベスト32,,,,,,,,,,,,,,
sec,2023,スリムクラブ,,ベスト32,,,,,,,,,,,,,,
sec,2023,スーパーマラドーナ,,ベスト32,,,,,,,,,,,,,,
sec,2023,タモンズ,,ベスト32,,,,,,,,,,,,,,
sec,2023,ツーナッカン,,ベスト32,,,,,,,,,,,,,,
sec,2023,東京ダイナマイト,,ベスト32,,,,,,,,,,,,,,
sec,2023,Dr.ハインリッヒ,,ベスト32,,,,,,,,,,,,,,
sec,2023,なすなかにし,,ベスト32,,,,,,,,,,,,,,
sec,2023,Hi-Hi,,ベスト32,,,,,,,,,,,,,,
sec,2023,フルーツポンチ,,ベスト32,,,,,,,,,,,,,,
sec,2023,プラス・マイナス,,ベスト32,,,,,,,,,,,,,,
sec,2023,モダンタイムス,,ベスト32,,,,,,,,,,,,,,
sec,2023,モンスターエンジン,,ベスト32,,,,,,,,,,,,,,
sec,2024,ガクテンソク,,優勝,,2,2,288点,,,1-1番,283点,,,2番,294点,,
sec,2024,ザ・パンチ,,準優勝,,4,2,284点,,,2-2番,278点,,,1番,243点,,
sec,2024,金属バット,,ベスト4,,1,2,291点,,,1-2番,273点,,,,,,
sec,2024,タモンズ,,ベスト4,,3,2,269点,,,2-1番,264点,,,,,,
sec,2024,タイムマシーン3号,,ベスト8,,4,1,273点,,,,,,,,,,
sec,2024,ハンジロウ,,ベスト8,,1,1,271点,,,,,,,,,,
sec,2024,ななまがり,,ベスト8,,3,1,268点,,,,,,,,,,
sec,2024,ラフ次元,,ベスト8,,2,1,255点,,,,,,,,,,
sec,2024,囲碁将棋,,ベスト16,,,,,,,,,,,,,,
sec,2024,かもめんたる,,ベスト16,,,,,,,,,,,,,,
sec,2024,ダブルアート,,ベスト16,,,,,,,,,,,,,,
sec,2024,母心,,ベスト16,,,,,,,,,,,,,,
sec,2024,マシンガンズ,,ベスト16,,,,,,,,,,,,,,
sec,2024,モンスターエンジン,,ベスト16,,,,,,,,,,,,,,
sec,2024,リニア,,ベスト16,,,,,,,,,,,,,,
sec,2024,ロビンフット,,ベスト16,,,,,,,,,,,,,,
sec,2024,インポッシブル,,ベスト32,,,,,,,,,,,,,,
sec,2024,LLR,,ベスト32,,,,,,,,,,,,,,
sec,2024,COWCOW,,ベスト32,,,,,,,,,,,,,,
sec,2024,祇園,,ベスト32,,,,,,,,,,,,,,
sec,2024,ザ・ぼんち,,ベスト32,,,,,,,,,,,,,,
sec,2024,シャンプーハット,,ベスト32,,,,,,,,,,,,,,
sec,2024,ショウショウ,,ベスト32,,,,,,,,,,,,,,
sec,2024,ジャルジャル,,ベスト32,,,,,,,,,,,,,,
sec,2024,超新塾,2,ベスト32,,,,,,,,,,,,,,
sec,2024,テンダラー,,ベスト32,,,,,,,,,,,,,,
sec,2024,東京ダイナマイト,,ベスト32,,,,,,,,,,,,,,
sec,2024,流れ星☆,,ベスト32,,,,,,,,,,,,,,
sec,2024,ヘンダーソン,,ベスト32,,,,,,,,,,,,,,
sec,2024,三日月マンハッタン,,ベスト32,,,,,,,,,,,,,,
sec,2024,ヤング,,ベスト32,,,,,,,,,,,,,,
sec,2024,ランジャタイ,,ベスト32,,,,,,,,,,,,,,
sec,2025,ツートライブ,,優勝,,1,1,295点,,,1-2番,288点,,,2番,287点,,
sec,2025,囲碁将棋,,準優勝,,3,1,294点,,,2-2番,285点,,,1番,279点,,
sec,2025,金属バット,,ベスト4,,4,1,289点,,,2-1番,283点,,,,,,
sec,2025,はりけ〜んず,,ベスト4,,2,2,288点,,,1-1番,275点,,,,,,
sec,2025,ザ・ぼんち,,ベスト8,,4,2,287点,,,,,,,,,,
sec,2025,吉田たち,,ベスト8,,3,2,283点,,,,,,,,,,
sec,2025,モンスターエンジン,,ベスト8,,1,2,278点,,,,,,,,,,
sec,2025,マシンガンズ,,ベスト8,,2,1,277点,,,,,,,,,,
sec,2025,祇園,,ベスト16,,,,,,,,,,,,,,
sec,2025,タモンズ,,ベスト16,,,,,,,,,,,,,,
sec,2025,ドドん,,ベスト16,,,,,,,,,,,,,,
sec,2025,ななまがり,,ベスト16,,,,,,,,,,,,,,
sec,2025,母心,,ベスト16,,,,,,,,,,,,,,
sec,2025,ハンジロウ,,ベスト16,,,,,,,,,,,,,,
sec,2025,ヘンダーソン,,ベスト16,,,,,,,,,,,,,,
sec,2025,リニア,,ベスト16,,,,,,,,,,,,,,
sec,2025,アモーン,,ベスト32,,,,,,,,,,,,,,
sec,2025,エル・カブキ,,ベスト32,,,,,,,,,,,,,,
sec,2025,ザ・パンチ,,ベスト32,,,,,,,,,,,,,,
sec,2025,三拍子,,ベスト32,,,,,,,,,,,,,,
sec,2025,ジャルジャル,,ベスト32,,,,,,,,,,,,,,
sec,2025,シャンプーハット,,ベスト32,,,,,,,,,,,,,,
sec,2025,タナからイケダ,,ベスト32,,,,,,,,,,,,,,
sec,2025,チャーミング,,ベスト32,,,,,,,,,,,,,,
sec,2025,ツーナッカン,,ベスト32,,,,,,,,,,,,,,
sec,2025,天津,,ベスト32,,,,,,,,,,,,,,
sec,2025,トット,,ベスト32,,,,,,,,,,,,,,
sec,2025,本田兄妹,,ベスト32,,,,,,,,,,,,,,
sec,2025,見取り図,,ベスト32,,,,,,,,,,,,,,
sec,2025,モグライダー,,ベスト32,,,,,,,,,,,,,,
sec,2025,ラフ次元,,ベスト32,,,,,,,,,,,,,,
sec,2025,レイザーラモン,,ベスト32,,,,,,,,,,,,,,
tw,2017,ゆりやんレトリィバァ,,優勝,売れっ子の本気,5,2,345点,,,5番,201票,,,,,,
tw,2017,牧野ステテコ,,2位,どん底からの脱出,3,2,211点,,,3番,89票,,,,,,
tw,2017,アジアン,,3位,復活!ナニワの女流漫才,2,1,300点,,,2番,47票,,,,,,
tw,2017,ニッチェ,,4位,ネタで売れたい人気者,1,2,285点,,,1番,33票,,,,,,
tw,2017,まとばゆう,,5位,狂い咲きピアニスト,4,1,286点,,,4番,31票,,,,,,
tw,2017,はなしょー,,決勝進出,全力コミカル少女,1,1,116点,,,,,,,,,,
tw,2017,紺野ぶるま,,決勝進出,小悪魔系ネタ職人,2,2,101点,,,,,,,,,,
tw,2017,中村涼子,,決勝進出,負け組からの逆襲,3,1,190点,,,,,,,,,,
tw,2017,押しだしましょう子,,決勝進出,鳥取市役所勤務,4,2,115点,,,,,,,,,,
tw,2017,どんぐりパワーズ,,決勝進出,合計200kg,5,1,56点,,,,,,,,,,
tw,2018,阿佐ヶ谷姉妹,,優勝,脱!歌うおばさん,5,1,217点,,,1番,184票,,,,,,
tw,2018,横澤夏子,,2位,無冠のバラエティ女王,4,1,233点,,,5番,114票,,,,,,
tw,2018,ニッチェ,,3位,逆襲のコント師,2,2,209点,,,3番,37票,,,,,,
tw,2018,合わせみそ,,4位,夢見る妄想漫才,3,2,309点,,,4番,35票,,,,,,
tw,2018,あぁ〜しらき,,5位,苦節18年の主婦芸人,1,2,290点,,,2番,31票,,,,,,
tw,2018,ゆりやんレトリィバァ,,決勝進出,2連覇を狙う初代女王,1,1,111点,,,,,,,,,,
tw,2018,吉住,,決勝進出,世界観コントの新星,2,1,192点,,,,,,,,,,
tw,2018,根菜キャバレー,,決勝進出,陰と陽の化学反応,3,1,92点,,,,,,,,,,
tw,2018,紺野ぶるま,,決勝進出,負け組からの脱出,4,2,168点,,,,,,,,,,
tw,2018,紅しょうが,,決勝進出,西の若き強豪,5,2,184点,,,,,,,,,,
tw,2019,3時のヒロイン,,優勝,大中小のトリプルプレー,A,5,,,,2番,6票,,,,,,
tw,2019,はなしょー,,準優勝,全力コミカル少女、再び,B,2,,,,1番,1票,,,,,,
tw,2019,そのこ,,決勝進出,芸歴半年!謎多きピン芸人,A,1,,,,,,,,,,,
tw,2019,にぼしいわし,,決勝進出,地下で煮出したダシ系漫才,A,2,,,,,,,,,,,
tw,2019,123☆45,,決勝進出,みちのくの里山ガールズ,A,3,,,,,,,,,,,
tw,2019,ハルカラ,,決勝進出,豹変!ウーマンライフコント,A,4,,,,,,,,,,,
tw,2019,おかずクラブ,,決勝進出,逆襲のコメディモンスター,B,1,,,,,,,,,,,
tw,2019,阿佐ヶ谷姉妹,,決勝進出,目指せ2連覇!おばさんの星,B,3,,,,,,,,,,,
tw,2019,つぼみ大革命,,決勝進出,輝け!崖っぷちお笑いアイドル,B,4,,,,,,,,,,,
tw,2019,紺野ぶるま,,決勝進出,3度目の正直!雪辱の裏女王,B,5,,,,,,,,,,,
tw,2020,吉住,,優勝,恋するパラレルワールド,B,3,,,,1番,6票,,,,,,
tw,2020,紅しょうが,,準優勝,ナニワストロングスタイル,A,4,,,,2番,1票,,,,,,
tw,2020,TEAM BANANA,,決勝進出,ノンストップガールズ漫才,A,1,,,,,,,,,,,
tw,2020,オダウエダ,,決勝進出,立ち入り禁止の不条理空間,A,2,,,,,,,,,,,
tw,2020,にぼしいわし,,決勝進出,火がついた魚介系コンビ,A,3,,,,,,,,,,,
tw,2020,ターリーターキー,,決勝進出,麗しのソウルフルコント,A,5,,,,,,,,,,,
tw,2020,Aマッソ,,決勝進出,進撃のニュータイプ漫才,B,1,,,,,,,,,,,
tw,2020,ゆりやんレトリィバァ,,決勝進出,ふざけ散らしのコメディクイーン,B,2,,,,,,,,,,,
tw,2020,はなしょー,,決勝進出,汗と涙のコント劇場,B,4,,,,,,,,,,,
tw,2020,ぼる塾,1,決勝進出,毒入りゆるふわカルテット,B,5,,,,,,,,,,,
tw,2021,オダウエダ,,優勝,ついてこられるか?怒涛の不条理コント,A,5,,,,3番,3票,,,,,,
tw,2021,Aマッソ,,2位,逆襲の天才バカコンビ,B,5,,,,1番,2票,,,,,,
tw,2021,天才ピアニスト,,2位,縦横無尽のキャラ劇場,B,1,,,,2番,2票,,,,,,
tw,2021,ヨネダ2000,,決勝進出,若き奇才の未来型漫才,A,1,,,,,,,,,,,
tw,2021,紅しょうが,,決勝進出,リベンジに燃える!西の横綱,A,2,,,,,,,,,,,
tw,2021,茶々,,決勝進出,怪演!謎多きコント女優,A,3,,,,,,,,,,,
tw,2021,TEAM BANANA,,決勝進出,悪意と笑顔のテクニシャン,A,4,,,,,,,,,,,
tw,2021,女ガールズ,,決勝進出,異色のアマチュアトリオ,B,2,,,,,,,,,,,
tw,2021,ヒコロヒー,,決勝進出,無冠のクール&シニカル,B,3,,,,,,,,,,,
tw,2021,スパイク,,決勝進出,接近注意の地雷ガール,B,4,,,,,,,,,,,
tw,2022,天才ピアニスト,,優勝,七色のキャラ劇場,B,1,,,,2番,4票,,,,,,
tw,2022,ヨネダ2000,,2位,Z世代のメルヘン異端児,A,2,,,,3番,2票,,,,,,
tw,2022,紅しょうが,,3位,無冠クイーンの大逆襲,C,3,,,,1番,1票,,,,,,
tw,2022,TEAM BANANA,,決勝進出,乱れ斬りガールズ漫才,A,1,,,,,,,,,,,
tw,2022,さとなかほがらか,,決勝進出,ほのぼの暴走ガール,A,3,,,,,,,,,,,
tw,2022,Aマッソ,,決勝進出,雪辱のエース,A,4,,,,,,,,,,,
tw,2022,爛々,,決勝進出,しゃべくりブラックダイヤ,B,2,,,,,,,,,,,
tw,2022,スパイク,,決勝進出,怪演モンスター女子,B,3,,,,,,,,,,,
tw,2022,フタリシズカかりこる,,決勝進出,からくりコントクリエイター,B,4,,,,,,,,,,,
tw,2022,河邑ミク,,決勝進出,あざと恐ろしい清純派,C,1,,,,,,,,,,,
tw,2022,エルフ,,決勝進出,ネタに硬派なギャル芸人,C,2,,,,,,,,,,,
tw,2022,にぼしいわし,,決勝進出,地下劇場の星,C,4,,,,,,,,,,,
tw,2023,紅しょうが,,優勝,無冠クイーンの大逆襲,B,2,,,,3番,4票,,,,,,
tw,2023,エルフ,,2位,進化したギャル芸人,C,4,,,,2番,2票,,,,,,
tw,2023,スパイク,,3位,怪演モンスター女子,A,3,,,,1番,0票,,,,,,
tw,2023,まいあんつ,,決勝進出,唯一無二の女ギャガー!,A,1,,,,,,,,,,,
tw,2023,はるかぜに告ぐ,,決勝進出,西のニュースター旋風,A,2,,,,,,,,,,,
tw,2023,やす子,,決勝進出,ネタで戦うお笑いアーミー,A,4,,,,,,,,,,,
tw,2023,ハイツ友の会,,決勝進出,Ms.ミステリアス,B,1,,,,,,,,,,,
tw,2023,変ホ長調,,決勝進出,蘇る 伝説の素人漫才!,B,3,,,,,,,,,,,
tw,2023,梵天,,決勝進出,姉妹漫才･ニューエイジ!,B,4,,,,,,,,,,,
tw,2023,ゆりやんレトリィバァ,,決勝進出,世界も認めるおふざけ女王!,C,1,,,,,,,,,,,
tw,2023,あぁ〜しらき,,決勝進出,帰ってきた大会荒らし!,C,2,,,,,,,,,,,
tw,2023,ぼる塾,1,決勝進出,完全体 出陣,C,3,,,,,,,,,,,
tw,2024,にぼしいわし,,優勝,2人で作る漫才道,A,3,,,,1番,4票,,,,,,
tw,2024,紺野ぶるま,,2位,5年ぶりのカムバック,B,3,,,,2番,2票,,,,,,
tw,2024,忠犬立ハチ高,,3位,優等生では終わらない,C,1,,,,3番,1票,,,,,,
tw,2024,やました,,決勝進出,しゃべくり永久機関,A,1,,,,,,,,,,,
tw,2024,ぼる塾,1,決勝進出,カルテット再び！,A,2,,,,,,,,,,,
tw,2024,もじゃ,,決勝進出,未確認お笑い生物襲来,A,4,,,,,,,,,,,
tw,2024,レモンコマドリ,,決勝進出,奇妙にエレガント,B,1,,,,,,,,,,,
tw,2024,おかずクラブ,,決勝進出,これが私たちのやり方だ！,B,2,,,,,,,,,,,
tw,2024,キンタロー。,,決勝進出,顔面狂気,B,4,,,,,,,,,,,
tw,2024,エルフ,,決勝進出,優勝しか勝たん,C,2,,,,,,,,,,,
tw,2024,足腰げんき教室,,決勝進出,漫才は爆発だ！,C,3,,,,,,,,,,,
tw,2024,河邑ミク,,決勝進出,鋼の自信,C,4,,,,,,,,,,,
tw,2025,もめんと,,決勝進出,決勝初進出！\n演技派コントの新星,A,1,,お留守番,https://www.youtube.com/watch?v=LTPCGbHxVag,,,,,,,,
tw,2025,電気ジュース,,決勝進出,関西で注目を集める実力派,A,2,,交換日記,https://www.youtube.com/watch?v=_p87r9X-9L4&t=135,,,,,,,,
tw,2025,とんでもあや,,決勝進出,どん底から人生一発逆転！,A,3,,男とっかえひっかえ,https://www.youtube.com/watch?v=3b5l3MNEiHk,,,,,,,,
tw,2025,紺野ぶるま,,2位,史上最多5度目の決勝,A,4,,落語家の彼女,https://www.youtube.com/watch?v=5uBS1DHuF9s,3番,2票,パパの似顔絵,,,,,
tw,2025,エルフ,,2位,賞レースに青春を懸ける,B,1,,彼氏の実家,https://www.youtube.com/watch?v=fqsoB2nX3ZM,1番,2票,居酒屋,https://www.youtube.com/watch?v=pPa1fkwfT4Y,,,,
tw,2025,パンツ万博,,決勝進出,プロ1年目で決勝進出！,B,2,,エレベーターで犬と遭遇する,,,,,,,,,
tw,2025,ニッチェ,,優勝,7年ぶりの復活で雪辱を誓う,B,3,,謝りたいこと,,2番,3票,ジム,,,,,
tw,2025,ヤメピ,,決勝進出,巡り合った運命のコンビ,B,4,,立ち食い蕎麦屋,,,,,,,,,
di,2025,ニッポンの社長,,優勝,,,5,475点,扉〜THE DOOR〜,https://www.youtube.com/watch?v=yH2YuGQXMWM,7番,474点,知らんこと,,,,,
di,2025,ロングコートダディ,,2位,,,6,470点,コードネーム,,6番,477点,だるまさんが転んだ2,,,,,
di,2025,セルライトスパ,,3位,,,4,470点,夜行バス,https://www.youtube.com/watch?v=KfmSuLRsbNo,5番,463点,得意分野,https://www.youtube.com/watch?v=zX885pp2Pnw,,,,
di,2025,コットン,,4位,,,3,466点,バイトの後輩,,4番,460点,バスガイド,https://www.youtube.com/watch?v=xLVophpzBhw,,,,
di,2025,かもめんたる,,5位,,,1,457点,もうひとつの『おっさんずラブ』,https://www.youtube.com/watch?v=hUIvdCcv8DA,3番,460点,おじさんになったらおばさんのこと可愛く見えるのか,,,,,
di,2025,ななまがり,,6位,,,7,454点,商談,https://www.youtube.com/watch?v=Qufg9N7qnyU,1番,461点,アイドル,https://www.youtube.com/watch?v=AWo8saAGkGU,,,,
di,2025,スタミナパン,,7位,,,2,456点,デート,https://www.youtube.com/watch?v=LRFOjc2CggI,2番,454点,フロント,https://www.youtube.com/watch?v=caugqiRN4GI,,,,
di,2025,うるとらブギーズ,,準決勝進出,,,,,,,,,,,,,,
di,2025,カゲヤマ,,準決勝進出,,,,,,,,,,,,,,
di,2025,シンクロニシティ,,準決勝進出,,,,,,,,,,,,,,
di,2025,滝音,,準決勝進出,,,,,,,,,,,,,,
di,2025,TCクラクション,,準決勝進出,,,,,,,,,,,,,,
di,2025,ママタルト,,準決勝進出,,,,,,,,,,,,,,
di,2025,隣人,,準決勝進出,,,,,,,,,,,,,,
di,2025,天才ピアニスト,,準決勝進出,,,,,,,,,,,,,,
di,2025,トム・ブラウン,,準決勝進出,,,,,,,,,,,,,,
di,2025,マイスイートメモリーズ,,準決勝進出,,,,,,,,,,,,,,
di,2025,カベポスター,,準決勝進出,,,,,,,,,,,,,,
di,2025,ゼロカラン,,準決勝進出,,,,,,,,,,,,,,
di,2025,4000,,準決勝進出,,,,,,,,,,,,,,
di,2025,わらふぢなるお,,準決勝進出,,,,,,,,,,,,,,
ob,1999,アンジャッシュ,,3位,,,9,425KB,,,2番,181KB,,,,,,
ob,1999,テツandトモ,,2位,,,2,413KB,,,3番,237KB,,,,,,
ob,1999,DonDokoDon,,優勝,,,1,413KB,,,1番,309KB,,,,,,
ob,1999,ラーメンズ,,4位,,,5,373KB,,,,,,,,,,
ob,1999,バカリズム,,5位,,,10,293KB,,,,,,,,,,
ob,1999,北陽/s,,5位,,,7,293KB,,,,,,,,,,
ob,1999,Over Drive,,7位,,,4,237KB,,,,,,,,,,
ob,1999,アンタッチャブル,,8位,,,6,201KB,,,,,,,,,,
ob,1999,底ぬけAIR-LINE,,9位,,,3,165KB,,,,,,,,,,
ob,1999,号泣,,10位,,,8,125KB,,,,,,,,,,
ob,2000,ツインカム,,2位,,,4,433KB,,,3番,213KB,,,,,,
ob,2000,ルート33,,優勝,,,9,421KB,,,2番,353KB,,,,,,
ob,2000,ますだおかだ,,3位,,,2,385KB,,,1番,181KB,,,,,,
ob,2000,アメリカザリガニ,,4位,,,5,377KB,,,,,,,,,,
ob,2000,アルファルファ,,5位,,,8,369KB,,,,,,,,,,
ob,2000,DonDokoDon,,5位,,,11,369KB,,,,,,,,,,
ob,2000,アンタッチャブル,,7位,,,10,365KB,,,,,,,,,,
ob,2000,テツandトモ,,8位,,,1,321KB,,,,,,,,,,
ob,2000,ラーメンズ,,9位,,,6,201KB,,,,,,,,,,
ob,2000,号泣,,10位,,,3,153KB,,,,,,,,,,
ob,2000,ドランクドラゴン,,11位,,,7,149KB,,,,,,,,,,
ob,2001,ルート33,,優勝,,,5,461KB,,,,,,,,,,
ob,2001,品川庄司,,2位,,,11,453KB,,,,,,,,,,
ob,2001,ますだおかだ,,3位,,,3,409KB,,,,,,,,,,
ob,2001,アンジャッシュ,,4位,,,1,377KB,,,,,,,,,,
ob,2001,ダイノジ,,5位,,,10,361KB,,,,,,,,,,
ob,2001,アンタッチャブル,,6位,,,6,337KB,,,,,,,,,,
ob,2001,田上よしえ,,7位,,,2,333KB,,,,,,,,,,
ob,2001,ホーム・チーム,,8位,,,4,305KB,,,,,,,,,,
ob,2001,ドランクドラゴン,,9位,,,8,285KB,,,,,,,,,,
ob,2001,ハリガネロック,,10位,,,6,277KB,,,,,,,,,,
ob,2001,号泣,,11位,,,7,141KB,,,,,,,,,,
ob,2002,ハリガネロック,,優勝,,,11,974KB,,,,,,,,,,
ob,2002,ダイノジ,,2位,,,9,874KB,,,,,,,,,,
ob,2002,陣内智則,,3位,,,3,838KB,,,,,,,,,,
ob,2002,ホーム・チーム,,4位,,,2,830KB,,,,,,,,,,
ob,2002,いつもここから,,5位,,,10,794KB,,,,,,,,,,
ob,2002,ペナルティ,,6位,,,1,770KB,,,,,,,,,,
ob,2002,田上よしえ,,7位,,,7,750KB,,,,,,,,,,
ob,2002,ルート33,,8位,,,4,654KB,,,,,,,,,,
ob,2002,あばれヌンチャク,,9位,,,6,586KB,,,,,,,,,,
ob,2002,マギー審司,,10位,,,5,442KB,,,,,,,,,,
ob,2002,プラスドライバー,,11位,,,8,402KB,,,,,,,,,,
ob,2003,アンジャッシュ,,優勝,,,3,850KB,,,,,,,,,,
ob,2003,アンタッチャブル,,2位,,,1,818KB,,,,,,,,,,
ob,2003,$10,,3位,,,8,766KB,,,,,,,,,,
ob,2003,テツandトモ,,4位,,,7,762KB,,,,,,,,,,
ob,2003,ユリオカ超特Q,,5位,,,9,746KB,,,,,,,,,,
ob,2003,ハリガネロック,,6位,,,5,714KB,,,,,,,,,,
ob,2003,ブラザース,,7位,,,11,658KB,,,,,,,,,,
ob,2003,ビッキーズ,,8位,,,2,574KB,,,,,,,,,,
ob,2003,チュートリアル,,9位,,,6,514KB,,,,,,,,,,
ob,2003,スピードワゴン,,10位,,,4,470KB,,,,,,,,,,
ob,2003,チャイルドマシーン,,11位,,,10,462KB,,,,,,,,,,
ob,2004,アンタッチャブル,,優勝,,,1,954KB,,,,,,,,,,
ob,2004,スピードワゴン,,2位,,,7,942KB,,,,,,,,,,
ob,2004,ペナルティ,,3位,,,9,926KB,,,,,,,,,,
ob,2004,アンジャッシュ,,4位,,,2,862KB,,,,,,,,,,
ob,2004,あばれヌンチャク,,5位,,,11,810KB,,,,,,,,,,
ob,2004,麒麟,,6位,,,10,806KB,,,,,,,,,,
ob,2004,ビッキーズ,,7位,,,8,766KB,,,,,,,,,,
ob,2004,チュートリアル,,8位,,,5,762KB,,,,,,,,,,
ob,2004,キャン×キャン,,9位,,,3,682KB,,,,,,,,,,
ob,2004,タカアンドトシ,,10位,,,4,578KB,,,,,,,,,,
ob,2004,長井秀和,,11位,,,6,442KB,,,,,,,,,,
ob,2005,タカアンドトシ,,優勝,,,8,986KB,,,,,,,,,,
ob,2005,アンタッチャブル,,2位,,,5,926KB,,,,,,,,,,
ob,2005,三拍子,,3位,,,3,834KB,,,,,,,,,,
ob,2005,タイムマシーン3号,,4位,,,9,814KB,,,,,,,,,,
ob,2005,磁石,,5位,,,10,790KB,,,,,,,,,,
ob,2005,麒麟,,6位,,,1,722KB,,,,,,,,,,
ob,2005,飛石連休,,7位,,,2,686KB,,,,,,,,,,
ob,2005,キャン×キャン,,8位,,,11,666KB,,,,,,,,,,
ob,2005,ハマカーン,,9位,,,7,642KB,,,,,,,,,,
ob,2005,トータルテンボス,,10位,,,6,494KB,,,,,,,,,,
ob,2005,パンクブーブー,,11位,,,4,362KB,,,,,,,,,,
ob,2006,タカアンドトシ,,優勝,,,9,946KB,,,,,,,,,,
ob,2006,ハマカーン,,2位,,,10,894KB,,,,,,,,,,
ob,2006,キャン×キャン,,3位,,,2,818KB,,,,,,,,,,
ob,2006,三拍子,,4位,,,6,794KB,,,,,,,,,,
ob,2006,NON STYLE,,5位,,,7,750KB,,,,,,,,,,
ob,2006,磁石,,6位,,,11,738KB,,,,,,,,,,
ob,2006,タイムマシーン3号,,7位,,,1,702KB,,,,,,,,,,
ob,2006,星野卓也,,8位,,,8,646KB,,,,,,,,,,
ob,2006,東京03,,9位,,,4,542KB,,,,,,,,,,
ob,2006,トータルテンボス,,10位,,,3,526KB,,,,,,,,,,
ob,2006,ホーム・チーム,,11位,,,5,506KB,,,,,,,,,,
ob,2007,NON STYLE,,優勝,,,11,974KB,,,,,,,,,,
ob,2007,タイムマシーン3号,,2位,,,8,966KB,,,,,,,,,,
ob,2007,タカアンドトシ,,3位,,,1,958KB,,,,,,,,,,
ob,2007,キャン×キャン,,4位,,,7,914KB,,,,,,,,,,
ob,2007,三拍子,,5位,,,9,902KB,,,,,,,,,,
ob,2007,ラバーガール,,6位,,,5,894KB,,,,,,,,,,
ob,2007,トータルテンボス,,7位,,,10,850KB,,,,,,,,,,
ob,2007,ハマカーン,,8位,,,3,834KB,,,,,,,,,,
ob,2007,流れ星,,9位,,,4,758KB,,,,,,,,,,
ob,2007,超新塾,,10位,,,2,634KB,,,,,,,,,,
ob,2007,エレファントジョン,,11位,,,6,422KB,,,,,,,,,,
ob,2008,トータルテンボス,,優勝,,,4,1026KB,,,,,,,,,,
ob,2008,三拍子,,2位,,,9,1006KB,,,,,,,,,,
ob,2008,NON STYLE,,3位,,,6,886KB,,,,,,,,,,
ob,2008,タイムマシーン3号,,4位,,,7,878KB,,,,,,,,,,
ob,2008,超新塾,,5位,,,11,854KB,,,,,,,,,,
ob,2008,オジンオズボーン,,6位,,,2,738KB,,,,,,,,,,
ob,2008,Bコース,,7位,,,3,690KB,,,,,,,,,,
ob,2008,ストリーク,,8位,,,1,650KB,,,,,,,,,,
ob,2008,流れ星,,9位,,,8,578KB,,,,,,,,,,
ob,2008,えんにち,,10位,,,10,562KB,,,,,,,,,,
ob,2008,プラスマイナス,,11位,,,5,246KB,,,,,,,,,,
ob,2009,トータルテンボス,,優勝,,,3,1034KB,,,,,,,,,,
ob,2009,タイムマシーン3号,,2位,,,10,966KB,,,,,,,,,,
ob,2009,超新塾,,3位,,,11,814KB,,,,,,,,,,
ob,2009,パンクブーブー,,4位,,,8,806KB,,,,,,,,,,
ob,2009,ハマカーン,,5位,,,9,786KB,,,,,,,,,,
ob,2009,ななめ45°,,6位,,,6,758KB,,,,,,,,,,
ob,2009,流れ星,,7位,,,5,734KB,,,,,,,,,,
ob,2009,ギャロップ,,8位,,,1,622KB,,,,,,,,,,
ob,2009,フラミンゴ,,9位,,,2,526KB,,,,,,,,,,
ob,2009,アームストロング,,10位,,,7,510KB,,,,,,,,,,
ob,2009,我が家,,11位,,,4,350KB,,,,,,,,,,
ob,2010,トータルテンボス,,優勝,,,,,,,3番,1018KB,,,,,,
ob,2010,エハラマサヒロ,,3位,,,12,974KB,,,1番,546KB,,,,,,
ob,2010,ハイキングウォーキング,,2位,,,13,958KB,,,2番,702KB,,,,,,
ob,2010,アームストロング,,4位,,,6,894KB,,,,,,,,,,
ob,2010,しんのすけとシャン,,5位,,,5,882KB,,,,,,,,,,
ob,2010,ハライチ,,6位,,,2,862KB,,,,,,,,,,
ob,2010,ななめ45°,,7位,,,9,810KB,,,,,,,,,,
ob,2010,THE GEESE,,8位,,,11,774KB,,,,,,,,,,
ob,2010,U字工事,,8位,,,3,774KB,,,,,,,,,,
ob,2010,ノンスモーキン,,10位,,,1,618KB,,,,,,,,,,
ob,2010,我人祥太,,11位,,,7,614KB,,,,,,,,,,
ob,2010,こりゃめでてーな,,12位,,,8,466KB,,,,,,,,,,
ob,2010,ランチランチ,,12位,,,10,466KB,,,,,,,,,,
ob,2010,イワイガワ,,14位,,,4,330KB,,,,,,,,,,
ob,2011,トップリード,,優勝,,,7,930KB,,,1番,682KB,,,,,,
ob,2011,タイムマシーン3号,,2位,,,1,906KB,,,3番,562KB,,,,,,
ob,2011,ななめ45°,,3位,,,3,814KB,,,2番,206KB,,,,,,
ob,2011,ザ・ゴールデンゴールデン,,4位,,,10,802KB,,,,,,,,,,
ob,2011,アームストロング,,5位,,,12,726KB,,,,,,,,,,
ob,2011,アルコ＆ピース,,6位,,,4,690KB,,,,,,,,,,
ob,2011,ラバーガール,,7位,,,11,626KB,,,,,,,,,,
ob,2011,THE GEESE,,8位,,,2,582KB,,,,,,,,,,
ob,2011,ゆったり感,,9位,,,5,578KB,,,,,,,,,,
ob,2011,かまいたち,,10位,,,6,474KB,,,,,,,,,,
ob,2011,カブトムシ,,11位,,,9,438KB,,,,,,,,,,
ob,2011,えんにち,,12位,,,8,394KB,,,,,,,,,,
ob,2012,トップリード,,5位,,,,,,,3-1番,558KB,,,,,,
ob,2012,タイムマシーン3号,,優勝,,,,,,,2-1番,646KB,,,3番,546KB,,
ob,2012,井下好井,,6位,,,,,,,1-1番,498KB,,,,,,
ob,2012,バイきんぐ,,3位,,1,2,806KB,,,1-2番,762KB,,,1番,390KB,,
ob,2012,ラバーガール,,4位,,2,2,734KB,,,2-2番,614KB,,,,,,
ob,2012,ソーセージ,,2位,,3,2,922KB,,,3-2番,698KB,,,2番,498KB,,
ob,2012,span!,,7位,,2,1,526KB,,,,,,,,,,
ob,2012,ムートン,,9位,,3,1,338KB,,,,,,,,,,
ob,2012,ザ・ゴールデンゴールデン,,8位,,1,1,454KB,,,,,,,,,,
ob,2013,ラバーガール,,3位,,C,1,950KB,,,4番,746KB,,,,,,
ob,2013,アームストロング,,6位,,B,3,622KB,,,,,,,,,,
ob,2013,ニッチェ,,4位,,A,2,842KB,,,1番,254KB,,,,,,
ob,2013,ヒューマン中村,,8位,,B,2,510KB,,,,,,,,,,
ob,2013,うしろシティ,,2位,,A,3,918KB,,,2番,866KB,,,,,,
ob,2013,トレンディエンジェル,,優勝,,B,1,862KB,,,3番,978KB,,,,,,
ob,2013,ジグザグジギー,,5位,,C,3,790KB,,,,,,,,,,
ob,2013,響,,7位,,A,1,550KB,,,,,,,,,,
ob,2013,Gたかし,,8位,,C,2,510KB,,,,,,,,,,
ob,2014,ジグザグジギー,,優勝,,,9,914KB,,,3番,882KB,,,,,,
ob,2014,風藤松原,,2位,,,6,878KB,,,2番,822KB,,,,,,
ob,2014,S×L,,3位,,,4,866KB,,,1番,698KB,,,,,,
ob,2014,うしろシティ,,4位,,,5,802KB,,,,,,,,,,
ob,2014,THE GEESE,,5位,,,1,766KB,,,,,,,,,,
ob,2014,スーパーマラドーナ,,6位,,,3,762KB,,,,,,,,,,
ob,2014,ザンゼンジ,,7位,,,11,718KB,,,,,,,,,,
ob,2014,学天即,,8位,,,7,498KB,,,,,,,,,,
ob,2014,ボーイフレンド,,9位,,,10,418KB,,,,,,,,,,
ob,2014,ニッチェ,,10位,,,2,394KB,,,,,,,,,,
ob,2014,BLUE RIVER,,11位,,,8,302KB,,,,,,,,,,
ob,2000,江戸むらさき,,セミファイナル進出,,,,,,,,,,,,,,
ob,2000,海原やすよ・ともこ,,セミファイナル進出,,,,,,,,,,,,,,
ob,2000,底ぬけAIR-LINE,,セミファイナル進出,,,,,,,,,,,,,,
ob,2000,いつもここから,,セミファイナル進出,,,,,,,,,,,,,,
ob,2000,中川家,,セミファイナル進出,,,,,,,,,,,,,,
ob,2000,アンジャッシュ,,セミファイナル進出,,,,,,,,,,,,,,
ob,2000,北陽,,セミファイナル進出,,,,,,,,,,,,,,
ob,2000,Over Drive,,セミファイナル進出,,,,,,,,,,,,,,
ob,2000,ホーム・チーム,,セミファイナル進出,,,,,,,,,,,,,,
ob,2000,やるせなす,,セミファイナル進出,,,,,,,,,,,,,,
ob,2001,アメリカザリガニ,,セミファイナル進出,,,,,,,,,,,,,,
ob,2001,陣内智則,,セミファイナル進出,,,,,,,,,,,,,,
ob,2001,テツandトモ,,セミファイナル進出,,,,,,,,,,,,,,
ob,2001,坂道コロコロ,,セミファイナル進出,,,,,,,,,,,,,,
ob,2001,$10,,セミファイナル進出,,,,,,,,,,,,,,
ob,2001,ユリオカ超特Q,,セミファイナル進出,,,,,,,,,,,,,,
ob,2001,プラスドライバー,,セミファイナル進出,,,,,,,,,,,,,,
ob,2001,パックンマックン,,セミファイナル進出,,,,,,,,,,,,,,
ob,2001,バナナマン,,セミファイナル進出,,,,,,,,,,,,,,
ob,2001,ツインカム,,セミファイナル進出,,,,,,,,,,,,,,
ob,2002,はなわ,,セミファイナル進出,,,,,,,,,,,,,,
ob,2002,ユリオカ超特Q,,セミファイナル進出,,,,,,,,,,,,,,
ob,2002,ニブンノゴ！,,セミファイナル進出,,,,,,,,,,,,,,
ob,2002,エレキコミック,,セミファイナル進出,,,,,,,,,,,,,,
ob,2002,バナナマン,,セミファイナル進出,,,,,,,,,,,,,,
ob,2002,アメリカザリガニ,,セミファイナル進出,,,,,,,,,,,,,,
ob,2002,テツandトモ,,セミファイナル進出,,,,,,,,,,,,,,
ob,2002,スマイリーキクチ,,セミファイナル進出,,,,,,,,,,,,,,
ob,2002,江戸むらさき,,セミファイナル進出,,,,,,,,,,,,,,
ob,2002,アルファルファ,,セミファイナル進出,,,,,,,,,,,,,,
ob,2003,アルファルファ,,セミファイナル進出,,,,,,,,,,,,,,
ob,2003,ダイノジ,,セミファイナル進出,,,,,,,,,,,,,,
ob,2003,パペットマペット,,セミファイナル進出,,,,,,,,,,,,,,
ob,2003,アメデオ,,セミファイナル進出,,,,,,,,,,,,,,
ob,2003,江戸むらさき,,セミファイナル進出,,,,,,,,,,,,,,
ob,2003,ペナルティ,,セミファイナル進出,,,,,,,,,,,,,,
ob,2003,麒麟,,セミファイナル進出,,,,,,,,,,,,,,
ob,2003,飛石連休,,セミファイナル進出,,,,,,,,,,,,,,
ob,2003,フットボールアワー,,セミファイナル進出,,,,,,,,,,,,,,
ob,2003,エレキコミック,,セミファイナル進出,,,,,,,,,,,,,,
ob,2004,江戸むらさき,,セミファイナル進出,,,,,,,,,,,,,,
ob,2004,飛石連休,,セミファイナル進出,,,,,,,,,,,,,,
ob,2004,ホーム・チーム,,セミファイナル進出,,,,,,,,,,,,,,
ob,2004,チャイルドマシーン,,セミファイナル進出,,,,,,,,,,,,,,
ob,2004,ハレルヤ,,セミファイナル進出,,,,,,,,,,,,,,
ob,2004,パンクブーブー,,セミファイナル進出,,,,,,,,,,,,,,
ob,2004,カンカラ,,セミファイナル進出,,,,,,,,,,,,,,
ob,2004,エレキコミック,,セミファイナル進出,,,,,,,,,,,,,,
ob,2004,ハマカーン,,セミファイナル進出,,,,,,,,,,,,,,
ob,2004,18KIN,,セミファイナル進出,,,,,,,,,,,,,,
ob,2005,オジンオズボーン,,セミファイナル進出,,,,,,,,,,,,,,
ob,2005,流れ星,,セミファイナル進出,,,,,,,,,,,,,,
ob,2005,超新塾,,セミファイナル進出,,,,,,,,,,,,,,
ob,2005,ユリオカ超特Q,,セミファイナル進出,,,,,,,,,,,,,,
ob,2005,ななめ45°,,セミファイナル進出,,,,,,,,,,,,,,
ob,2005,18KIN,,セミファイナル進出,,,,,,,,,,,,,,
ob,2005,ハレルヤ,,セミファイナル進出,,,,,,,,,,,,,,
ob,2005,カンカラ,,セミファイナル進出,,,,,,,,,,,,,,
ob,2005,火災報知器,,セミファイナル進出,,,,,,,,,,,,,,
ob,2005,360°モンキーズ,,セミファイナル進出,,,,,,,,,,,,,,
ob,2006,ハイキングウォーキング,,セミファイナル進出,,,,,,,,,,,,,,
ob,2006,カンカラ,,セミファイナル進出,,,,,,,,,,,,,,
ob,2006,ヤポンスキー,,セミファイナル進出,,,,,,,,,,,,,,
ob,2006,オジンオズボーン,,セミファイナル進出,,,,,,,,,,,,,,
ob,2006,流れ星,,セミファイナル進出,,,,,,,,,,,,,,
ob,2006,パンクブーブー,,セミファイナル進出,,,,,,,,,,,,,,
ob,2006,イワイガワ,,セミファイナル進出,,,,,,,,,,,,,,
ob,2006,とろサーモン,,セミファイナル進出,,,,,,,,,,,,,,
ob,2006,U字工事,,セミファイナル進出,,,,,,,,,,,,,,
ob,2006,5番6番,,セミファイナル進出,,,,,,,,,,,,,,
ob,2007,THE GEESE,,セミファイナル進出,,,,,,,,,,,,,,
ob,2007,東京03,,セミファイナル進出,,,,,,,,,,,,,,
ob,2007,佐久間一行,,セミファイナル進出,,,,,,,,,,,,,,
ob,2007,大輪教授,,セミファイナル進出,,,,,,,,,,,,,,
ob,2007,チーモンチョーチュウ,,セミファイナル進出,,,,,,,,,,,,,,
ob,2007,Bコース,,セミファイナル進出,,,,,,,,,,,,,,
ob,2007,星野卓也,,セミファイナル進出,,,,,,,,,,,,,,
ob,2007,U字工事,,セミファイナル進出,,,,,,,,,,,,,,
ob,2007,5番6番,,セミファイナル進出,,,,,,,,,,,,,,
ob,2007,我が家,,セミファイナル進出,,,,,,,,,,,,,,
ob,2008,ブロードキャスト,,セミファイナル進出,,,,,,,,,,,,,,
ob,2008,ハイキングウォーキング,,セミファイナル進出,,,,,,,,,,,,,,
ob,2008,イワイガワ,,セミファイナル進出,,,,,,,,,,,,,,
ob,2008,ななめ45°,,セミファイナル進出,,,,,,,,,,,,,,
ob,2008,響,,セミファイナル進出,,,,,,,,,,,,,,
ob,2008,東京03,,セミファイナル進出,,,,,,,,,,,,,,
ob,2008,我が家,,セミファイナル進出,,,,,,,,,,,,,,
ob,2008,ハマカーン,,セミファイナル進出,,,,,,,,,,,,,,
ob,2008,上々軍団,,セミファイナル進出,,,,,,,,,,,,,,
ob,2008,風藤松原,,セミファイナル進出,,,,,,,,,,,,,,
ob,2009,東京03,,セミファイナル進出,,,,,,,,,,,,,,
ob,2009,ブロードキャスト,,セミファイナル進出,,,,,,,,,,,,,,
ob,2009,上々軍団,,セミファイナル進出,,,,,,,,,,,,,,
ob,2009,U字工事,,セミファイナル進出,,,,,,,,,,,,,,
ob,2009,パップコーン,,セミファイナル進出,,,,,,,,,,,,,,
ob,2009,ラバーガール,,セミファイナル進出,,,,,,,,,,,,,,
ob,2009,えんにち,,セミファイナル進出,,,,,,,,,,,,,,
ob,2009,鎌鼬,,セミファイナル進出,,,,,,,,,,,,,,
ob,2009,トップリード,,セミファイナル進出,,,,,,,,,,,,,,
ob,2009,井上マー,,セミファイナル進出,,,,,,,,,,,,,,
ob,2010,ダブルブッキング,,視聴者投票1位バトル進出,,,,,,,,,,,,,,
ob,2010,マシンガンズ,,視聴者投票1位バトル進出,,,,,,,,,,,,,,
ob,2010,パンクブーブー,,視聴者投票1位バトル進出,,,,,,,,,,,,,,
ob,2010,ブロードキャスト,,視聴者投票1位バトル進出,,,,,,,,,,,,,,
ob,2010,スーパーマラドーナ,,視聴者投票1位バトル進出,,,,,,,,,,,,,,
ob,2010,アルコ＆ピース,,視聴者投票1位バトル進出,,,,,,,,,,,,,,
ob,2010,ラバーガール,,視聴者投票1位バトル進出,,,,,,,,,,,,,,
ob,2010,響,,視聴者投票1位バトル進出,,,,,,,,,,,,,,
abc,2025,エバース,,優勝,日常会話,B,3,70点,棺桶,https://www.youtube.com/watch?v=R05TQhAfwLE,2番,667点,たばことししゃも,,,,,
abc,2025,家族チャーハン,,2位,気怠さと気迫,A,2,60点,出所,https://www.youtube.com/watch?v=tAEyAGcmHKk,3番,652点,田舎,,,,,
abc,2025,かが屋,,3位,人間味1000%,C,3,55点,占い,https://www.youtube.com/watch?v=2SRnsC-0CHo,1番,649点,家計簿,,,,,
abc,2025,金の国,,決勝進出,リアルとバカの黄金比,A,1,,小学校以来の再会,,,,,,,,,
abc,2025,センチネル,,決勝進出,バター醤油漫才,A,3,,海外ドラマ,,,,,,,,,
abc,2025,天才ピアニスト,,決勝進出,アホな哀愁,A,4,,ドラマのラブシーン,,,,,,,,,
abc,2025,Gパンパンダ,,決勝進出,ヒューマンバースト,B,1,,インターン,https://www.youtube.com/watch?v=JDPLcBdXh-k,,,,,,,,
abc,2025,ザ・マミィ,,決勝進出,テクニカルパワープレー,B,2,,パワハラ,https://www.youtube.com/watch?v=gYykFjCkmhU,,,,,,,,
abc,2025,金魚番長,,決勝進出,サイコ&ファニー,B,4,,ロボコン,,,,,,,,,
abc,2025,ソマオ・ミートボール,,決勝進出,耳心地いいインパクト,C,1,,大きなカブ,https://www.youtube.com/watch?v=eU8vlCfrp7Y,,,,,,,,
abc,2025,フースーヤ,,決勝進出,ハイパーファニークレイジー\nハッピーフェニックス,C,2,,文化祭,,,,,,,,,
abc,2025,ハマノとヘンミ,,決勝進出,関節技から打撃の\nストロングスタイル,C,4,,定食屋,,,,,,,,,
abc,2024,令和ロマン,,優勝,,C,1,58点,猫の島,https://www.youtube.com/watch?v=xPC0xE-Avo4,1番,659点,実家,https://www.youtube.com/watch?v=gVIlbV349B8,,,,
abc,2024,青色1号,,2位,,B,4,58点,面接,,2番,655点,英語禁止ゲーム,https://www.youtube.com/watch?v=-JBqTp_xRnE,,,,
abc,2024,ダウ90000,,3位,,A,3,49点,ベランダ,https://www.youtube.com/watch?v=rvnc0fjNRqw,3番,648点,即興,https://www.youtube.com/watch?v=cGd37r2IFKI,,,,
abc,2024,ぐろう,,決勝進出,,A,1,,自転車,,,,,,,,,
abc,2024,天才ピアニスト,,決勝進出,,A,2,,タクシー,,,,,,,,,
abc,2024,金魚番長,,決勝進出,,A,4,,オーケストラ,,,,,,,,,
abc,2024,エバース,,決勝進出,,B,1,,ドライブデート,,,,,,,,,
abc,2024,やました,,決勝進出,,B,2,,3年記念日,,,,,,,,,
abc,2024,フランスピアノ,,決勝進出,,B,3,,パントマイム,https://www.youtube.com/watch?v=xc_YJb0KDuo,,,,,,,,
abc,2024,かが屋,,決勝進出,,C,2,,定期,https://www.youtube.com/watch?v=50IN9ErOGEk,,,,,,,,
abc,2024,フースーヤ,,決勝進出,,C,3,,シンデレラ,,,,,,,,,
abc,2024,ぎょねこ,,決勝進出,,C,4,,円周率,,,,,,,,,
abc,2023,ダブルヒガシ,,優勝,漫才ハードパンチャー,C,3,63点,,,2番,671点,,,,,,
abc,2023,令和ロマン,,2位,TOKYOフリーダム,B,2,53点,,,1番,671点,,,,,,
abc,2023,素敵じゃないか,,3位,大阪仕込みの東京イズム,A,2,53点,,,3番,651点,,,,,,
abc,2023,天才ピアニスト,,決勝進出,女王のチャレンジ,A,1,,,,,,,,,,,
abc,2023,こたけ正義感,,決勝進出,リーガルコメディアン,A,3,,,,,,,,,,,
abc,2023,サスペンダーズ,,決勝進出,正気と狂気の小劇場,A,4,,,,,,,,,,,
abc,2023,ダウ90000,,決勝進出,∞のコント空間,B,1,,,,,,,,,,,
abc,2023,ハイツ友の会,,決勝進出,ブラックガールズトーク,B,3,,,,,,,,,,,
abc,2023,友田オレ,,決勝進出,ダークホースは大学生,B,4,,,,,,,,,,,
abc,2023,ストレッチーズ,,決勝進出,東京べしゃりボーイズ,C,1,,,,,,,,,,,
abc,2023,ヨネダ2000,,決勝進出,ノンストップトリッキー,C,2,,,,,,,,,,,
abc,2023,オフローズ,,決勝進出,無印トリオの逆襲,C,4,,,,,,,,,,,
abc,2022,カベポスター,,優勝,草食系ロジカル漫才,C,4,65点,,,1番,675点,,,,,,
abc,2022,令和ロマン,,2位,ニューレトロべしゃり師,B,1,51点,,,2番,654点,,,,,,
abc,2022,こたけ正義感,,2位,お笑い六法全書,A,2,51点,,,3番,654点,,,,,,
abc,2022,ドーナツ・ピーナツ,,決勝進出,アグレッシブおもろうもん,A,1,,,,,,,,,,,
abc,2022,青色1号,,決勝進出,三つ巴ミステリアス,A,3,,,,,,,,,,,
abc,2022,かが屋,,決勝進出,プロ日常切り抜き師,A,4,,,,,,,,,,,
abc,2022,ハノーバー,,決勝進出,なにわの秘密兵器,B,2,,,,,,,,,,,
abc,2022,ダウ90000,,決勝進出,男女8人笑物語,B,3,,,,,,,,,,,
abc,2022,天才ピアニスト,,決勝進出,変幻自在コメディエンヌ,B,4,,,,,,,,,,,
abc,2022,フランスピアノ,,決勝進出,気が付けばクレッシェンド,C,1,,,,,,,,,,,
abc,2022,ヨネダ2000,,決勝進出,トリッキー&ファニー,C,2,,,,,,,,,,,
abc,2022,Gパンパンダ,,決勝進出,インテリ系トリックスター,C,3,,,,,,,,,,,
abc,2021,オズワルド,,優勝,冷静と情熱のサスペンダー,A,3,70点,,,3番,676点,,,,,,
abc,2021,カベポスター,,2位,草食系ロジカル漫才,C,3,60点,,,1番,672点,,,,,,
abc,2021,蛙亭,,3位,エキセントリック男女,B,4,51点,,,2番,665点,,,,,,
abc,2021,Gパンパンダ,,決勝進出,インテリ系トリックスター,A,1,,,,,,,,,,,
abc,2021,さすらいラビー,,決勝進出,怒涛のアンバランス,A,2,,,,,,,,,,,
abc,2021,さや香,,決勝進出,ナニワの熱演お兄さん,A,4,,,,,,,,,,,
abc,2021,パンプキンポテトフライ,,決勝進出,ミステリアス・ハイトーン,B,1,,,,,,,,,,,
abc,2021,ダブルヒガシ,,決勝進出,漫才ハードパンチャー,B,2,,,,,,,,,,,
abc,2021,コットン,,決勝進出,変幻自在!キャラパレード,B,3,,,,,,,,,,,
abc,2021,チェリー大作戦,,決勝進出,大阪コントエレジー,C,1,,,,,,,,,,,
abc,2021,赤もみじ,,決勝進出,吠える闘魂,C,2,,,,,,,,,,,
abc,2021,空気階段,,決勝進出,It's a ぶっとびワールド,C,4,,,,,,,,,,,
abc,2020,コウテイ,,優勝,奇天烈フルスロットル,B,3,65点,,,2番,666点,,,,,,
abc,2020,オズワルド,,2位,モダンなわびさび,A,4,53点,,,1番,654点,,,,,,
abc,2020,フタリシズカ,,3位,東京おバカストーリー,C,1,51点,,,3番,635点,,,,,,
abc,2020,世間知らズ,,決勝進出,衝撃のキモかわ男女,A,1,,,,,,,,,,,
abc,2020,チェリー大作戦,,決勝進出,新しいコント様式,A,2,,,,,,,,,,,
abc,2020,からし蓮根,,決勝進出,熊本産ピリ辛漫才,A,3,,,,,,,,,,,
abc,2020,ベルサイユ,,決勝進出,なにわ女の恋愛エレジー,B,1,,,,,,,,,,,
abc,2020,カベポスター,,決勝進出,草食系ロジカル漫才,B,2,,,,,,,,,,,
abc,2020,そいつどいつ,,決勝進出,歪んだ空間にようこそ,B,4,,,,,,,,,,,
abc,2020,滝音,,決勝進出,やみつきハイトーン,C,2,,,,,,,,,,,
abc,2020,ビスケットブラザーズ,,決勝進出,重量級こってり劇場,C,3,,,,,,,,,,,
abc,2020,さや香,,決勝進出,エモい！熱演お兄さん,C,4,,,,,,,,,,,
abc,2019,エンペラー,,優勝,王道からの暴走！,B,2,60点,,,1番,670点,,,,,,
abc,2019,カベポスター,,2位,草食系ロジカル漫才,C,3,55点,,,2番,665点,,,,,,
abc,2019,宮下草薙,,3位,止まらぬネガティブ妄想,A,3,46点,,,3番,652点,,,,,,
abc,2019,ラフレクラン,,決勝進出,変幻自在！仮想ワールド,A,1,,,,,,,,,,,
abc,2019,さや香,,決勝進出,なにわの熱演お兄さん,A,2,,,,,,,,,,,
abc,2019,田津原理音,,決勝進出,別にええけど言いたい男,A,4,,,,,,,,,,,
abc,2019,そいつどいつ,,決勝進出,歪んだ空間にようこそ,B,1,,,,,,,,,,,
abc,2019,ネイビーズアフロ,,決勝進出,饒舌アップビート漫才,B,3,,,,,,,,,,,
abc,2019,四千頭身,,決勝進出,元気×陰気×能天気,B,4,,,,,,,,,,,
abc,2019,シティホテル3号室,,決勝進出,ジワるダサさ満室,C,1,,,,,,,,,,,
abc,2019,コウテイ,,決勝進出,奇天烈フルスロットル,C,2,,,,,,,,,,,
abc,2019,トンツカタン,,決勝進出,トリオ仕掛けのコミカルワールド,C,4,,,,,,,,,,,
abc,2018,ファイヤーサンダー,,優勝,緻密なるコント策士,B,4,55点,,,2番,653点,,,,,,
abc,2018,東京ホテイソン,,2位,新世代のカブキもの,A,2,53点,,,1番,651点,,,,,,
abc,2018,蛙亭,,3位,この男女、アブノーマルにつき,C,1,51点,,,3番,641点,,,,,,
abc,2018,さや香,,決勝進出,冷静と情熱の温度差漫才,A,1,,,,,,,,,,,
abc,2018,ラフレクラン,,決勝進出,イケメン&キモメン,A,3,,,,,,,,,,,
abc,2018,濱田祐太郎,,決勝進出,世界に一つだけの漫談,A,4,,,,,,,,,,,
abc,2018,からし蓮根,,決勝進出,不可思議系漫才,B,1,,,,,,,,,,,
abc,2018,ゆりやんレトリィバァ,,決勝進出,濃厚こってりキャラランド,B,2,,,,,,,,,,,
abc,2018,フタリシズカ,,決勝進出,狂い咲く男女パートナー,B,3,,,,,,,,,,,
abc,2018,ビスケットブラザーズ,,決勝進出,重量級バカ劇場,C,2,,,,,,,,,,,
abc,2018,ハナコ,,決勝進出,ドラマチック三重奏,C,3,,,,,,,,,,,
abc,2018,たくろう,,決勝進出,やみつきほんわか漫才,C,4,,,,,,,,,,,
abc,2017,霜降り明星,,優勝,,C,3,65点,,,2番,668点,,,,,,
abc,2017,マルセイユ,,2位,,A,4,56点,,,3番,658点,,,,,,
abc,2017,ロングコートダディ,,3位,,B,1,53点,,,1番,625点,,,,,,
abc,2017,からし蓮根,,決勝進出,,A,1,,,,,,,,,,,
abc,2017,ラフレクラン,,決勝進出,,A,2,,,,,,,,,,,
abc,2017,ゆりやんレトリィバァ,,決勝進出,,A,3,,,,,,,,,,,
abc,2017,ジャイアントジャイアン,,決勝進出,,B,2,,,,,,,,,,,
abc,2017,田畑藤本,,決勝進出,,B,3,,,,,,,,,,,
abc,2017,THE GREATEST HITS,,決勝進出,,B,4,,,,,,,,,,,
abc,2017,紺野ぶるま,,決勝進出,,C,1,,,,,,,,,,,
abc,2017,ツートライブ,,決勝進出,,C,2,,,,,,,,,,,
abc,2017,ハナコ,,決勝進出,,C,4,,,,,,,,,,,
abc,2016,セルライトスパ,,優勝,,C,3,926点,,,2番,947点,,,,,,
abc,2016,大自然,,2位,,B,4,957点,,,3番,943点,,,,,,
abc,2016,アイロンヘッド,,3位,,A,1,900点,,,1番,923点,,,,,,
abc,2016,インディアンス,,決勝進出,,A,2,879点,,,,,,,,,,
abc,2016,馬鹿よ貴方は,,決勝進出,,A,3,876点,,,,,,,,,,
abc,2016,相席スタート,,決勝進出,,A,4,870点,,,,,,,,,,
abc,2016,さらば青春の光,,決勝進出,,B,1,933点,,,,,,,,,,
abc,2016,ニューヨーク,,決勝進出,,B,2,919点,,,,,,,,,,
abc,2016,尼神インター,,決勝進出,,B,3,918点,,,,,,,,,,
abc,2016,ダイタク,,決勝進出,,C,4,896点,,,,,,,,,,
abc,2016,ジグザグジギー,,決勝進出,,C,1,892点,,,,,,,,,,
abc,2016,ゆーびーむ☆,,決勝進出,,C,2,889点,,,,,,,,,,
abc,2015,GAG少年楽団,,優勝,,,7,480点,,,,,,,,,,
abc,2015,学天即,,2位,,,10,473点,,,,,,,,,,
abc,2015,うしろシティ,,3位,,,4,470点,,,,,,,,,,
abc,2015,ニューヨーク,,4位,,,6,467点,,,,,,,,,,
abc,2015,チョコレートプラネット,,5位,,,9,466点,,,,,,,,,,
abc,2015,シンクロック,,6位,,,5,460点,,,,,,,,,,
abc,2015,ガリバートンネル,,7位,,,2,454点,,,,,,,,,,
abc,2015,たかまつなな,,8位,,,3,453点,,,,,,,,,,
abc,2015,吉田たち,,9位,,,1,436点,,,,,,,,,,
abc,2015,中山女子短期大学,,10位,,,8,432点,,,,,,,,,,
abc,2014,天竺鼠,,優勝,,,5,483点,,,,,,,,,,
abc,2014,学天即,,2位,,,10,476点,,,,,,,,,,
abc,2014,和牛,,3位,,,3,456点,,,,,,,,,,
abc,2014,GAG少年楽団,,4位,,,8,451点,,,,,,,,,,
abc,2014,藤崎マーケット,,5位,,,7,442点,,,,,,,,,,
abc,2014,ラブレターズ,,6位,,,1,437点,,,,,,,,,,
abc,2014,シマッシュレコード,,6位,,,2,437点,,,,,,,,,,
abc,2014,シソンヌ,,8位,,,6,433点,,,,,,,,,,
abc,2014,ニューヨーク,,9位,,,4,431点,,,,,,,,,,
abc,2014,ジグザグジギー,,10位,,,9,429点,,,,,,,,,,
abc,2013,ジャルジャル,,優勝,,,9,484点,,,,,,,,,,
abc,2013,GAG少年楽団,,2位,,,6,471点,,,,,,,,,,
abc,2013,ジグザグジギー,,3位,,,7,469点,,,,,,,,,,
abc,2013,シソンヌ,,4位,,,3,466点,,,,,,,,,,
abc,2013,プリマ旦那,,5位,,,4,463点,,,,,,,,,,
abc,2013,天竺鼠,,6位,,,8,461点,,,,,,,,,,
abc,2013,アイロンヘッド,,7位,,,5,455点,,,,,,,,,,
abc,2013,ジャングルポケット,,8位,,,2,449点,,,,,,,,,,
abc,2013,和牛,,9位,,,1,443点,,,,,,,,,,
abc,2012,かまいたち,,優勝,,,9,458点,,,,,,,,,,
abc,2012,さらば青春の光,,2位,,,10,454点,,,,,,,,,,
abc,2012,ソーセージ,,3位,,,8,453点,,,,,,,,,,
abc,2012,三日月マンハッタン,,4位,,,6,443点,,,,,,,,,,
abc,2012,藤崎マーケット,,5位,,,3,441点,,,,,,,,,,
abc,2012,学天即,,6位,,,7,440点,,,,,,,,,,
abc,2012,ジグザグジギー,,7位,,,4,439点,,,,,,,,,,
abc,2012,ジャルジャル,,7位,,,5,439点,,,,,,,,,,
abc,2012,プラスマイナス,,9位,,,1,435点,,,,,,,,,,
abc,2012,パップコーン,,10位,,,2,417点,,,,,,,,,,
os,2026,センチネル,,本戦出場,,,1,,不動産,https://www.youtube.com/watch?v=mMEa8U7LuRs,,,,,,,,
os,2026,銀仁朗,,本戦出場,,,2,,遅刻,https://www.youtube.com/watch?v=5eDojAbPOFo,,,,,,,,
os,2026,サザンくろしお,,本戦出場,,,3,,フグ話術,https://www.youtube.com/watch?v=CjZPHmKUwlk,,,,,,,,
os,2026,アリ,,優勝,,,4,,アリか？ナシか？,,,,,,,,,
os,2026,エビカレンダー,,本戦出場,,,5,,カルバンクライン,https://www.youtube.com/watch?v=mc6DIl033Qo,,,,,,,,
os,2026,生姜猫,,2位,,,6,,サウナ,,,,,,,,,
os,2026,井原パラダイス,,本戦出場,,,7,,駄菓子屋,,,,,,,,,
os,2026,Dr.ヘラクレス,,本戦出場,,,8,,マイケル・ジャクソン,https://www.youtube.com/watch?v=fs8Mwseed8w,,,,,,,,
os,2026,DOG FOOD PARTY,,3位,,,9,,コンブレックス,https://www.youtube.com/watch?v=TPHRDGaJXM0,,,,,,,,
os,2026,マウンテンブック,,本戦出場,,,10,,夫婦漫才,https://www.youtube.com/watch?v=-W_s5E4Mw0M,,,,,,,,
os,2026,ジャガモンド,,本戦出場,,,11,,SNSで特定,,,,,,,,,
os,2026,相性はいいよね,,本戦出場,,,12,,前日記者会見,https://www.youtube.com/watch?v=HEldcdYeCMA,,,,,,,,
os,2025,まぐろ兄弟,,本戦出場,,,1,,相談,https://www.youtube.com/watch?v=UwH9OWaI1Lo,,,,,,,,
os,2025,スピーディーハンター,,本戦出場,,,2,,ゴキブリ,https://www.youtube.com/watch?v=hgwwy0GTH-s,,,,,,,,
os,2025,ネコニスズ,,優勝,,,3,,赤ちゃん,https://www.youtube.com/watch?v=ktjO_ALENoo,,,,,,,,
os,2025,マッスルオペラちゃん,,本戦出場,,,4,,お悩み解決,https://www.youtube.com/watch?v=8FuWddlUawc,,,,,,,,
os,2025,十九人,,3位,,,5,,耳が痛い,https://www.youtube.com/watch?v=PDQWqsTYvck,,,,,,,,
os,2025,スクラップス,,2位,,,6,,人形劇,https://www.youtube.com/watch?v=qQicb-jybj8,,,,,,,,
os,2025,福はら777,,本戦出場,,,7,,人生これから,https://www.youtube.com/watch?v=omcYYCUCml8,,,,,,,,
os,2025,スパイシーガーリック,,本戦出場,,,8,,モグラ叩き,,,,,,,,,
os,2025,えぐろ,,本戦出場,,,9,,建設女子,,,,,,,,,
os,2025,ナチョス。,,本戦出場,,,10,,カラオケ,https://www.youtube.com/watch?v=VcaDZRg7uqg,,,,,,,,
os,2025,サルベース,,本戦出場,,,11,,お母さん,https://www.youtube.com/watch?v=LMYPZqB6QWo,,,,,,,,
os,2025,ぼよんぼよん,,本戦出場,,,12,,ヨーヨー,https://www.youtube.com/watch?v=VEmgyPXRx54,,,,,,,,
os,2025,幸のとり,,本戦出場,,,13,,サボテン,,,,,,,,,
os,2024,橘井と小池,,優勝,,,,,,,,,,,,,,
os,2024,リンダカラー∞,,2位,,,,,,,,,,,,,,
os,2024,バッチトゥース,,3位,,,,,,,,,,,,,,
os,2024,じぐざぐ,,本戦出場,,,,,,,,,,,,,,
os,2024,シンクロニシティ,,本戦出場,,,,,,,,,,,,,,
os,2024,戦慄のピーカブー,,本戦出場,,,,,,,,,,,,,,
os,2024,ツンツクツン万博,,本戦出場,,,,,,,,,,,,,,
os,2024,猫怪獣,,本戦出場,,,,,,,,,,,,,,
os,2024,骨付きバナナ,,本戦出場,,,,,,,,,,,,,,
os,2024,めしあがれ,,本戦出場,,,,,,,,,,,,,,
os,2024,夜歩き,,本戦出場,,,,,,,,,,,,,,
os,2024,リバーマン,,本戦出場,,,,,,,,,,,,,,
os,2023,ちゃんぴおんず,,優勝,,,,,,,,,,,,,,
os,2023,ナイチンゲールダンス,,2位,,,,,,,,,,,,,,
os,2023,宮武ぜんた,,3位,,,,,,,,,,,,,,
os,2023,ひつじねいり,,本戦出場,,,,,,,,,,,,,,
os,2023,まんざらでもねぇ,,本戦出場,,,,,,,,,,,,,,
os,2023,喫茶ムーン,,本戦出場,,,,,,,,,,,,,,
os,2023,竹田こもちこんぶ,,本戦出場,,,,,,,,,,,,,,
os,2023,マードック,,本戦出場,,,,,,,,,,,,,,
os,2023,YELLOWww,,本戦出場,,,,,,,,,,,,,,
os,2023,元祖いちごちゃん,,本戦出場,,,,,,,,,,,,,,
os,2022,ゆめちゃん,,優勝,,,,,,,,,,,,,,
os,2022,ニュートンズ,,2位,,,,,,,,,,,,,,
os,2022,ブラゴーリ,,3位,,,,,,,,,,,,,,
os,2022,ハナイチゴ,,本戦出場,,,,,,,,,,,,,,
os,2022,三匹,,本戦出場,,,,,,,,,,,,,,
os,2022,あっぱれ婦人会,,本戦出場,,,,,,,,,,,,,,
os,2022,マリーマリー,,本戦出場,,,,,,,,,,,,,,
os,2022,チカトプライド,,本戦出場,,,,,,,,,,,,,,
os,2022,スナフキンズ,,本戦出場,,,,,,,,,,,,,,
os,2022,ぱーてぃーちゃん,,本戦出場,,,,,,,,,,,,,,
os,2021,ダイヤモンド,,優勝,,,,,,,,,,,,,,
os,2021,フタリシズカ,,2位,,,,,,,,,,,,,,
os,2021,やす子,,3位,,,,,,,,,,,,,,
os,2021,Everybody,,本戦出場,,,,,,,,,,,,,,
os,2021,エルフ,,本戦出場,,,,,,,,,,,,,,
os,2021,オフローズ,,本戦出場,,,,,,,,,,,,,,
os,2021,さんだる,,本戦出場,,,,,,,,,,,,,,
os,2021,戦士,,本戦出場,,,,,,,,,,,,,,
os,2021,野田ちゃん,,本戦出場,,,,,,,,,,,,,,
os,2021,ワラバランス,,本戦出場,,,,,,,,,,,,,,
os,2020,エイトブリッジ,,優勝,,,,,,,,,,,,,,
os,2020,放課後ハートビート,,2位,,,,,,,,,,,,,,
os,2020,そいつどいつ,,3位,,,,,,,,,,,,,,
os,2020,シンテンチ,,本戦出場,,,,,,,,,,,,,,
os,2020,さきぽん,,本戦出場,,,,,,,,,,,,,,
os,2020,駆け抜けて軽トラ,,本戦出場,,,,,,,,,,,,,,
os,2020,グリーンバンバン,,本戦出場,,,,,,,,,,,,,,
os,2020,ベルサイユ,,本戦出場,,,,,,,,,,,,,,
os,2020,ダニエルズ,,本戦出場,,,,,,,,,,,,,,
os,2020,ラランド,,本戦出場,,,,,,,,,,,,,,
os,2019,ぺこぱ,,優勝,,,,,,,,,,,,,,
os,2019,セルライトスパ,,2位,,,,,,,,,,,,,,
os,2019,ゼスト,,3位,,,,,,,,,,,,,,
os,2019,サツキ,,本戦出場,,,,,,,,,,,,,,
os,2019,レオタードゆり,,本戦出場,,,,,,,,,,,,,,
os,2019,夢屋まさる,,本戦出場,,,,,,,,,,,,,,
os,2019,ねこじゃらし,,本戦出場,,,,,,,,,,,,,,
os,2019,ワールドヲーター,,本戦出場,,,,,,,,,,,,,,
os,2019,まんぷくユナイテッド,,本戦出場,,,,,,,,,,,,,,
os,2019,ソノヘンノ女,,本戦出場,,,,,,,,,,,,,,
os,2018,レインボー,,優勝,,,,,,,,,,,,,,
os,2018,アントワネット,,2位,,,,,,,,,,,,,,
os,2018,宮下草薙,,3位,,,,,,,,,,,,,,
os,2018,アユチャンネル,,本戦出場,,,,,,,,,,,,,,
os,2018,完熟フレッシュ,,本戦出場,,,,,,,,,,,,,,
os,2018,吉住,,本戦出場,,,,,,,,,,,,,,
os,2018,ひょっこりはん,,本戦出場,,,,,,,,,,,,,,
os,2018,東京ホテイソン,,本戦出場,,,,,,,,,,,,,,
os,2018,ロングアイランド,,本戦出場,,,,,,,,,,,,,,
os,2018,ジャンゴ,,本戦出場,,,,,,,,,,,,,,
os,2017,ブルゾンちえみ with B,,優勝,,,,,,,,,,,,,,
os,2017,ペンギンズ,,2位,,,,,,,,,,,,,,
os,2017,脳みそ夫,,3位,,,,,,,,,,,,,,
os,2017,やわら,,本戦出場,,,,,,,,,,,,,,
os,2017,LOVE,,本戦出場,,,,,,,,,,,,,,
os,2017,カミナリ,,本戦出場,,,,,,,,,,,,,,
os,2017,シューマッハ,,本戦出場,,,,,,,,,,,,,,
os,2017,もりせいじゅ,,本戦出場,,,,,,,,,,,,,,
os,2017,おとぎばなし,,本戦出場,,,,,,,,,,,,,,
os,2017,空気階段,,本戦出場,,,,,,,,,,,,,,
os,2016,ネルソンズ,,優勝,,,,,,,,,,,,,,
os,2016,鶏あえず,,2位,,,,,,,,,,,,,,
os,2016,ZAZY,,3位,,,,,,,,,,,,,,
os,2016,ダイタク,,本戦出場,,,,,,,,,,,,,,
os,2016,脳みそ夫,,本戦出場,,,,,,,,,,,,,,
os,2016,ベビーシムズ,,本戦出場,,,,,,,,,,,,,,
os,2016,やさしい雨,,本戦出場,,,,,,,,,,,,,,
os,2016,尼神インター,,本戦出場,,,,,,,,,,,,,,
os,2016,ホタテーズ,,本戦出場,,,,,,,,,,,,,,
os,2016,ガール座,,本戦出場,,,,,,,,,,,,,,
os,2015,おかずクラブ,,優勝,,,,,,,,,,,,,,
os,2015,ダブルアート,,2位,,,,,,,,,,,,,,
os,2015,クマムシ,,3位,,,,,,,,,,,,,,
os,2015,8.6秒バズーカー,,本戦出場,,,,,,,,,,,,,,
os,2015,てんしとあくま,,本戦出場,,,,,,,,,,,,,,
os,2015,シュークリーマーズ,,本戦出場,,,,,,,,,,,,,,
os,2015,トンツカタン,,本戦出場,,,,,,,,,,,,,,
os,2015,しゃもじ,,本戦出場,,,,,,,,,,,,,,
os,2015,高橋ちゃん,,本戦出場,,,,,,,,,,,,,,
os,2015,ブッダマリア,,本戦出場,,,,,,,,,,,,,,
os,2015,尼神インター,,本戦出場,,,,,,,,,,,,,,
os,2015,ばーん,,本戦出場,,,,,,,,,,,,,,
os,2015,小杉まりも,,本戦出場,,,,,,,,,,,,,,
os,2014,ポラロイドマガジン,,優勝,,,,,,,,,,,,,,
os,2014,日本エレキテル連合,,2位,,,,,,,,,,,,,,
os,2014,和牛,,2位,,,,,,,,,,,,,,
os,2014,ジグザグジギー,,本戦出場,,,,,,,,,,,,,,
os,2014,勝又,,本戦出場,,,,,,,,,,,,,,
os,2014,ザンゼンジ,,本戦出場,,,,,,,,,,,,,,
os,2014,りっち。,,本戦出場,,,,,,,,,,,,,,
os,2014,囲碁将棋,,本戦出場,,,,,,,,,,,,,,
os,2014,モダンボーイズ,,本戦出場,,,,,,,,,,,,,,
os,2014,もりやすバンバンビガロ,,本戦出場,,,,,,,,,,,,,,
os,2014,バイク川崎バイク,,本戦出場,,,,,,,,,,,,,,
os,2014,スパローズ,,本戦出場,,,,,,,,,,,,,,
os,2014,鬼ヶ島,,本戦出場,,,,,,,,,,,,,,
os,2014,プー＆ムー,,本戦出場,,,,,,,,,,,,,,
os,2014,冷蔵庫マン,,本戦出場,,,,,,,,,,,,,,
os,2014,馬と魚,,本戦出場,,,,,,,,,,,,,,
os,2013,流れ星,,優勝,,,,,,,,,,,,,,
os,2013,あばれる君,,2位,,,,,,,,,,,,,,
os,2013,モンブランズ,,2位,,,,,,,,,,,,,,
os,2013,MORIYAMA,,本戦出場,,,,,,,,,,,,,,
os,2013,横澤夏子,,本戦出場,,,,,,,,,,,,,,
os,2013,ギフト☆矢野,,本戦出場,,,,,,,,,,,,,,
os,2013,バイク川崎バイク,,本戦出場,,,,,,,,,,,,,,
os,2013,ジューシーズ,,本戦出場,,,,,,,,,,,,,,
os,2013,なすなかにし,,本戦出場,,,,,,,,,,,,,,
os,2013,マシンガンズ,,本戦出場,,,,,,,,,,,,,,
os,2013,鬼ヶ島,,本戦出場,,,,,,,,,,,,,,
os,2013,尼神インター,,本戦出場,,,,,,,,,,,,,,
os,2013,クマムシ,,本戦出場,,,,,,,,,,,,,,
os,2013,日本エレキテル連合,,本戦出場,,,,,,,,,,,,,,
os,2013,鬼越トマホーク,,本戦出場,,,,,,,,,,,,,,
os,2012,横澤夏子,,優勝,,,,,,,,,,,,,,
os,2012,うるとらブギーズ,,2位,,,,,,,,,,,,,,
os,2012,瞬間メタル,,2位,,,,,,,,,,,,,,
os,2012,勝又,,本戦出場,,,,,,,,,,,,,,
os,2012,カバと爆ノ介,,本戦出場,,,,,,,,,,,,,,
os,2012,スギタヒロシ,,本戦出場,,,,,,,,,,,,,,
os,2012,アンダーライン,,本戦出場,,,,,,,,,,,,,,
os,2012,ジグザグジギー,,本戦出場,,,,,,,,,,,,,,
os,2012,ニッチェ,,本戦出場,,,,,,,,,,,,,,
os,2012,永野,,本戦出場,,,,,,,,,,,,,,
os,2012,ザンゼンジ,,本戦出場,,,,,,,,,,,,,,
os,2012,コマンダンテ,,本戦出場,,,,,,,,,,,,,,
os,2012,閃光花火,,本戦出場,,,,,,,,,,,,,,
os,2012,アナログタロウ,,本戦出場,,,,,,,,,,,,,,
os,2012,ミルクボーイ,,本戦出場,,,,,,,,,,,,,,
tsugi,2010,ザ・ゴールデンゴールデン,,優勝,,,,,,,,,,,,,,
tsugi,2010,インポッシブル,,決勝進出,,,,,,,,,,,,,,
tsugi,2010,エルシャラカーニ,,決勝進出,,,,,,,,,,,,,,
tsugi,2010,コア,,決勝進出,,,,,,,,,,,,,,
tsugi,2010,ペパーミントの風に吹かれて,,決勝進出,,,,,,,,,,,,,,
tsugi,2011,ニッチェ,,優勝,,,,,,,,,,,,,,
tsugi,2011,あばれる君,,決勝進出,,,,,,,,,,,,,,
tsugi,2011,エレファントジョン,,決勝進出,,,,,,,,,,,,,,
tsugi,2011,ケチン・ダ・コチン,,決勝進出,,,,,,,,,,,,,,
tsugi,2011,コア,,決勝進出,,,,,,,,,,,,,,
tsugi,2012,三拍子,,優勝,,,,,,,,,,,,,,
tsugi,2012,エルシャラカーニ,,決勝進出,,,,,,,,,,,,,,
tsugi,2012,ジグザグジギー,,決勝進出,,,,,,,,,,,,,,
tsugi,2012,トップリード,,決勝進出,,,,,,,,,,,,,,
tsugi,2012,バイきんぐ,,決勝進出,,,,,,,,,,,,,,
tsugi,2013,夜ふかしの会,,優勝,,,,,,,,,,,,,,
tsugi,2013,あばれる君,,決勝進出,,,,,,,,,,,,,,
tsugi,2013,アルコ＆ピース,,決勝進出,,,,,,,,,,,,,,
tsugi,2013,ムートン,,決勝進出,,,,,,,,,,,,,,
tsugi,2013,ジグザグジギー,,決勝進出,,,,,,,,,,,,,,
tsugi,2014,ルシファー吉岡,,優勝,,,,,,,,,,,,,,
tsugi,2014,アルコ＆ピース,,決勝進出,,,,,,,,,,,,,,
tsugi,2014,インポッシブル,,決勝進出,,,,,,,,,,,,,,
tsugi,2014,タイムマシーン3号,,決勝進出,,,,,,,,,,,,,,
tsugi,2014,浜口浜村,,決勝進出,,,,,,,,,,,,,,
tsugi,2015,ギフト☆矢野,,優勝,,,,,,,,,,,,,,
tsugi,2015,うしろシティ,,決勝進出,,,,,,,,,,,,,,
tsugi,2015,だーりんず,,決勝進出,,,,,,,,,,,,,,
tsugi,2015,トップリード,,決勝進出,,,,,,,,,,,,,,
tsugi,2015,とにかく明るい安村,,決勝進出,,,,,,,,,,,,,,
tsugi,2016,トンツカタン,,優勝,,,,,,,,,,,,,,
tsugi,2016,ハナコ,,決勝進出,,,,,,,,,,,,,,
tsugi,2016,マツモトクラブ,,決勝進出,,,,,,,,,,,,,,
tsugi,2016,やさしい雨,,決勝進出,,,,,,,,,,,,,,
tsugi,2016,ヤングウッズ,,決勝進出,,,,,,,,,,,,,,
tsugi,2017,パーパー,,優勝,,,,,,,,,,,,,,
tsugi,2017,Aマッソ,,決勝進出,,,,,,,,,,,,,,
tsugi,2017,シューマッハ,,決勝進出,,,,,,,,,,,,,,
tsugi,2017,パニーニ,,決勝進出,,,,,,,,,,,,,,
tsugi,2017,ローズヒップファニーファニー,,決勝進出,,,,,,,,,,,,,,
tsugi,2018,ハナコ,,優勝,,,,,,,,,,,,,,
tsugi,2018,卯月,,決勝進出,,,,,,,,,,,,,,
tsugi,2018,土佐兄弟,,決勝進出,,,,,,,,,,,,,,
tsugi,2018,やさしい雨,,決勝進出,,,,,,,,,,,,,,
tsugi,2018,四千頭身,,決勝進出,,,,,,,,,,,,,,
tsugi,2019,岡野陽一,,決勝進出,,A,1,0票,,,,,,,,,,
tsugi,2019,サツキ,,決勝進出,,A,2,0票,,,,,,,,,,
tsugi,2019,かが屋,,2位,,A,3,9票,,,4番,3票,,,,,,
tsugi,2019,納言,,4位,,A,4,0票,,,1番,0票,,,,,,
tsugi,2019,Gパンパンダ,,決勝進出,,A,5,0票,,,,,,,,,,
tsugi,2019,畑英之,,決勝進出,,B,1,1票,,,,,,,,,,
tsugi,2019,宮下草薙,,決勝進出,,B,2,0票,,,,,,,,,,
tsugi,2019,さんだる,,3位,,B,3,5票,,,2番,1票,,,,,,
tsugi,2019,や団,,決勝進出,,B,4,0票,,,,,,,,,,
tsugi,2019,アイロンヘッド,,決勝進出,,B,5,3票,,,,,,,,,,
tsugi,2019,ザ・パーフェクト,,決勝進出,,C,1,0票,,,,,,,,,,
tsugi,2019,吉住,,決勝進出,,C,2,0票,,,,,,,,,,
tsugi,2019,馬鹿よ貴方は,,決勝進出,,C,3,0票,,,,,,,,,,
tsugi,2019,ザ・マミィ,,優勝,,C,4,9票,,,3番,5票,,,,,,
tsugi,2019,寺田寛明,,決勝進出,,C,5,0票,,,,,,,,,,
tsugi,2019,ファイヤーサンダー,,決勝進出,,C,6,0票,,,,,,,,,,
tsugi,2021,9番街レトロ,,決勝進出,,A,1,2票,,,,,,,,,,
tsugi,2021,ゼンモンキー,,決勝進出,,A,2,2票,,,,,,,,,,
tsugi,2021,トンツカタン,,決勝進出,,A,3,1票,,,,,,,,,,
tsugi,2021,ダニエルズ,,2位,,A,4,3票,,,3番,1票,,,,,,
tsugi,2021,ママタルト,,決勝進出,,A,5,2票,,,,,,,,,,
tsugi,2021,マッハスピード豪速球,,決勝進出,,B,1,1票,,,,,,,,,,
tsugi,2021,モシモシ,,決勝進出,,B,2,3票,,,,,,,,,,
tsugi,2021,ダイヤモンド,,決勝進出,,B,3,2票,,,,,,,,,,
tsugi,2021,キュウ,,決勝進出,,B,4,0票,,,,,,,,,,
tsugi,2021,Yes!アキト,,2位,,B,5,4票,,,1番,1票,,,,,,
tsugi,2021,金の国,,優勝,,C,1,9票,,,2番,8票,,,,,,
tsugi,2021,4000年に一度咲く金指,,決勝進出,,C,2,0票,,,,,,,,,,
tsugi,2021,サスペンダーズ,,決勝進出,,C,3,1票,,,,,,,,,,
tsugi,2021,ポンループ,,決勝進出,,C,4,0票,,,,,,,,,,
tsugi,2021,や団,,決勝進出,,C,5,0票,,,,,,,,,,
tsugi,2022,ママタルト,,決勝進出,,A,1,3票,,,,,,,,,,
tsugi,2022,TCクラクション,,決勝進出,,A,2,0票,,,,,,,,,,
tsugi,2022,ストレッチーズ,,優勝,,A,3,4票,,,2番,5票,,,,,,
tsugi,2022,サスペンダーズ,,決勝進出,,A,4,1票,,,,,,,,,,
tsugi,2022,ゼンモンキー,,決勝進出,,A,5,2票,,,,,,,,,,
tsugi,2022,Gパンパンダ,,2位,,B,1,5票,,,1番,5票,,,,,,
tsugi,2022,竹内ズ,,決勝進出,,B,2,3票,,,,,,,,,,
tsugi,2022,キュウ,,決勝進出,,B,3,1票,,,,,,,,,,
tsugi,2022,パンプキンポテトフライ,,決勝進出,,B,4,1票,,,,,,,,,,
tsugi,2022,わらふぢなるお,,決勝進出,,B,5,0票,,,,,,,,,,
tsugi,2022,ネギゴリラ,,3位,,C,1,5票,,,3番,0票,,,,,,
tsugi,2022,ハナイチゴ,,決勝進出,,C,2,2票,,,,,,,,,,
tsugi,2022,森本サイダー,,決勝進出,,C,3,0票,,,,,,,,,,
tsugi,2022,さんだる,,決勝進出,,C,4,1票,,,,,,,,,,
tsugi,2022,10億円,,決勝進出,,C,5,2票,,,,,,,,,,
tsugi,2023,インテイク,,決勝進出,,A,1,2票,,,,,,,,,,
tsugi,2023,さんだる,,決勝進出,,A,2,0票,,,,,,,,,,
tsugi,2023,ツンツクツン万博,,3位,,A,3,5票,,,2番,1票,,,,,,
tsugi,2023,さすらいラビー,,決勝進出,,A,4,3票,,,,,,,,,,
tsugi,2023,三日月マンハッタン,,決勝進出,,A,5,0票,,,,,,,,,,
tsugi,2023,群青団地,,決勝進出,,B,1,0票,,,,,,,,,,
tsugi,2023,TCクラクション,,決勝進出,,B,2,1票,,,,,,,,,,
tsugi,2023,ファイヤーサンダー,,決勝進出,,B,3,1票,,,,,,,,,,
tsugi,2023,ママタルト,,決勝進出,,B,4,4票,,,,,,,,,,
tsugi,2023,ひつじねいり,,2位,,B,5,4票,,,3番,2票,,,,,,
tsugi,2023,ゼンモンキー,,決勝進出,,C,1,5票,,,,,,,,,,
tsugi,2023,徳原旅行,,決勝進出,,C,2,0票,,,,,,,,,,
tsugi,2023,まんじゅう大帝国,,決勝進出,,C,3,0票,,,,,,,,,,
tsugi,2023,パンプキンポテトフライ,,決勝進出,,C,4,0票,,,,,,,,,,
tsugi,2023,ナイチンゲールダンス,,優勝,,C,5,5票,,,1番,7票,,,,,,
tsugi,2024,マルセイユ,,2位,,A,1,5票,,,2番,4票,,,,,,
tsugi,2024,スタミナパン,,決勝進出,,A,2,1票,,,,,,,,,,
tsugi,2024,ひつじねいり,,決勝進出,,A,3,4票,,,,,,,,,,
tsugi,2024,Yes!アキト,,決勝進出,,A,4,0票,,,,,,,,,,
tsugi,2024,キャプテンバイソン,,決勝進出,,A,5,0票,,,,,,,,,,
tsugi,2024,ポテトカレッジ,,決勝進出,,B,1,0票,,,,,,,,,,
tsugi,2024,えびしゃ,,優勝,,B,2,8票,,,3番,4票,,,,,,
tsugi,2024,素敵じゃないか,,決勝進出,,B,3,1票,,,,,,,,,,
tsugi,2024,群青団地,,決勝進出,,B,4,1票,,,,,,,,,,
tsugi,2024,ネコニスズ,,決勝進出,,B,5,0票,,,,,,,,,,
tsugi,2024,ツンツクツン万博,,決勝進出,,C,1,2票,,,,,,,,,,
tsugi,2024,センチネル,,決勝進出,,C,2,0票,,,,,,,,,,
tsugi,2024,金澤TKCファクトリー,,決勝進出,,C,3,0票,,,,,,,,,,
tsugi,2024,豆鉄砲,,決勝進出,,C,4,3票,,,,,,,,,,
tsugi,2024,エバース,,3位,,C,5,5票,,,1番,2票,,,,,,
tsugi,2025,ネコニスズ,,決勝進出,,A,1,1票,,,,,,,,,,
tsugi,2025,さんだる,,決勝進出,,A,2,0票,,,,,,,,,,
tsugi,2025,サルベース,,決勝進出,,A,3,2票,,,,,,,,,,
tsugi,2025,二代目ちくわぶ,,決勝進出,,A,4,3票,,,,,,,,,,
tsugi,2025,スタミナパン,,2位,,A,5,4票,,,2番,3票,,,,,,
tsugi,2025,群青団地,,決勝進出,,B,1,1票,,,,,,,,,,
tsugi,2025,ヒガ2000,,決勝進出,,B,2,3票,,,,,,,,,,
tsugi,2025,レインマンズ,,決勝進出,,B,3,1票,,,,,,,,,,
tsugi,2025,豆鉄砲,,優勝,,B,4,4票,,,3番,4票,,,,,,
tsugi,2025,めぞん,,決勝進出,,B,5,1票,,,,,,,,,,
tsugi,2025,ツンツクツン万博,,決勝進出,,C,1,1票,,,,,,,,,,
tsugi,2025,徳原旅行,,決勝進出,,C,2,1票,,,,,,,,,,
tsugi,2025,ぎょねこ,,決勝進出,,C,3,0票,,,,,,,,,,
tsugi,2025,さすらいラビー,,2位,,C,4,8票,,,1番,3票,,,,,,
tsugi,2025,金澤TKCファクトリー,,決勝進出,,C,5,0票,,,,,,,,,,
w30,2025,や団,,本戦出場,,A,1,0票,ルーキーズ,,,,,,,,,
w30,2025,レインボー,,本戦出場,,A,2,1票,キャバクラ,,,,,,,,,
w30,2025,春とヒコーキ,,3位,,A,3,2票,信者,,1番,1票,野球,,,,,
w30,2025,ヨネダ2000,,本戦出場,,A,4,1票,決戦,,,,,,,,,
w30,2025,シテントル,,本戦出場,,A,5,0票,老人ホーム,,,,,,,,,
w30,2025,クロコップ,,本戦出場,,A,6,0票,スケバン刑事,,,,,,,,,
w30,2025,うるとらブギーズ,,本戦出場,,A,7,0票,総理の決断,,,,,,,,,
w30,2025,ななまがり,,本戦出場,,A,8,1票,グラビアモンスター,,,,,,,,,
w30,2025,お見送り芸人しんいち,,本戦出場,,B,1,0票,賞レースの歌,,,,,,,,,
w30,2025,ぴろしき,,本戦出場,,B,2,2票,転校生,,,,,,,,,
w30,2025,ガクヅケ,,本戦出場,,B,3,0票,出待ち,,,,,,,,,
w30,2025,サツマカワRPG,,本戦出場,,B,4,0票,飲み会終わり,,,,,,,,,
w30,2025,ダブルアート,,本戦出場,,B,5,0票,スイカ泥棒,,,,,,,,,
w30,2025,ウォーターズ,,2位,,B,6,3票,脱獄,,2番,2票,手料理,,,,,
w30,2025,大自然,,本戦出場,,B,7,0票,魔界のゲート,,,,,,,,,
w30,2025,チャンス大城,,本戦出場,,B,8,0票,ブランコを押す脱臼おじさん,,,,,,,,,
w30,2025,いぬ,,本戦出場,,C,1,1票,ボルダリング,,,,,,,,,
w30,2025,サスペンダーズ,,本戦出場,,C,2,0票,悪魔召喚,,,,,,,,,
w30,2025,わらふぢなるお,,本戦出場,,C,3,0票,,,,,,,,,,
w30,2025,ぶったま,,本戦出場,,C,4,0票,SMクラブ,,,,,,,,,
w30,2025,鳥居パラダイス,,本戦出場,,C,5,0票,お葬式,,,,,,,,,
w30,2025,お宿,,4位,,C,6,3票,年齢確認,,3番,0票,年齢確認,,,,,
w30,2025,カゲヤマ,,本戦出場,,C,7,0票,3匹の子豚,,,,,,,,,
w30,2025,キンタロー。,,本戦出場,,C,8,1票,青森ねぶた祭り,,,,,,,,,
w30,2025,インポッシブル,,4位,,D,1,2票,海水浴,,6番,0票,授業,,,,,
w30,2025,天才ピアニスト,,本戦出場,,D,2,1票,侵入,,,,,,,,,
w30,2025,ボブスレー黒岡,,本戦出場,,D,3,0票,ミイラ,,,,,,,,,
w30,2025,マジメニマフィン,,本戦出場,,D,4,0票,,,,,,,,,,
w30,2025,ファイヤーサンダー,,4位,,D,5,2票,カツラ,,4番,0票,オフィス,,,,,
w30,2025,レイザーラモン,,本戦出場,,D,6,0票,なまはげ,,,,,,,,,
w30,2025,歩子,,本戦出場,,D,7,0票,概念モノマネ,,,,,,,,,
w30,2025,ラブレターズ,,本戦出場,,D,8,0票,バイト面接,,,,,,,,,
w30,2025,スタミナパン,,本戦出場,,E,1,0票,鬼,,,,,,,,,
w30,2025,泥まみれ,,本戦出場,,E,2,1票,ハラスメント,,,,,,,,,
w30,2025,ザ・ギース,,本戦出場,,E,3,0票,日本一忙しいヨゴレタレント,,,,,,,,,
w30,2025,牧野ステテコ,,本戦出場,,E,4,0票,落とし物,,,,,,,,,
w30,2025,脳みそ夫,,本戦出場,,E,5,0票,緑茶子,,,,,,,,,
w30,2025,ニッポンの社長,,本戦出場,,E,6,0票,幼馴染,,,,,,,,,
w30,2025,シティホテル3号室,,本戦出場,,E,7,0票,都市伝説,,,,,,,,,
w30,2025,永野,,優勝,,E,8,4票,イケメン4人の男性器を触る妖精,,5番,2票,巨大化したX JAPANのToshl,,,,,
w30,2024,いぬ,,3位,,A,1,3票,喫茶店,,1番,0票,マラソンボクシング,,,,,
w30,2024,天才ピアニスト,,本戦出場,,A,2,0票,説教,,,,,,,,,
w30,2024,ガキフランキー,,本戦出場,,A,3,0票,もち,,,,,,,,,
w30,2024,カゲヤマ,,本戦出場,,A,4,0票,ケバブ屋,,,,,,,,,
w30,2024,レインボー,,本戦出場,,A,5,0票,恋愛観察バラエティのこの後絶対に振られるであろう雰囲気,,,,,,,,,
w30,2024,や団,,本戦出場,,A,6,1票,デスゲーム,,,,,,,,,
w30,2024,ラブレターズ,,本戦出場,,A,7,0票,Ah!,,,,,,,,,
w30,2024,大自然,,本戦出場,,A,8,1票,クリスマス,,,,,,,,,
w30,2024,わらふぢなるお,,本戦出場,,B,1,0票,おすそ分け,,,,,,,,,
w30,2024,スタミナパン,,本戦出場,,B,2,0票,モグラの恩返し,,,,,,,,,
w30,2024,サツマカワRPG,,3位,,B,3,3票,風船,,2番,0票,クイズ,,,,,
w30,2024,滝音,,本戦出場,,B,4,0票,保健体育,,,,,,,,,
w30,2024,ダブルアート,,本戦出場,,B,5,0票,運命の人,,,,,,,,,
w30,2024,マジメニマフィン,,本戦出場,,B,6,1票,南米,,,,,,,,,
w30,2024,ラニーノーズ,,本戦出場,,B,7,1票,メッセージ性ありそうな宇宙人,,,,,,,,,
w30,2024,キンタロー。,,本戦出場,,B,8,0票,地元熊本営業でいつになくはりきるコロッケ,,,,,,,,,
w30,2024,ファイヤーサンダー,,本戦出場,,C,1,0票,カフェの常連,,,,,,,,,
w30,2024,スパイシーガーリック,,本戦出場,,C,2,0票,アルバイト,,,,,,,,,
w30,2024,そいつどいつ,,本戦出場,,C,3,0票,授業,,,,,,,,,
w30,2024,ウエスP,,本戦出場,,C,4,0票,動くブロワーでテーブルクロス引き,,,,,,,,,
w30,2024,インポッシブル,,本戦出場,,C,5,0票,稲刈り,,,,,,,,,
w30,2024,戦慄のピーカブー,,本戦出場,,C,6,0票,,,,,,,,,,
w30,2024,ななまがり,,優勝,,C,7,5票,初瀬死ぬ,,3番,3票,男性客限定マジックショー,,,,,
w30,2024,チャンス大城,,本戦出場,,C,8,0票,クラッカー,,,,,,,,,
w30,2024,トム・ブラウン,,3位,,D,1,3票,道案内,,4番,0票,ボイパ,,,,,
w30,2024,オダウエダ,,本戦出場,,D,2,0票,恐怖,,,,,,,,,
w30,2024,やさしいズ,,本戦出場,,D,3,0票,モノマネ,,,,,,,,,
w30,2024,ぶったま,,本戦出場,,D,4,1票,事故,,,,,,,,,
w30,2024,マウンテンブック,,本戦出場,,D,5,0票,マッチングアプリ,,,,,,,,,
w30,2024,マツモトクラブ,,本戦出場,,D,6,0票,手編みのセーター,,,,,,,,,
w30,2024,レイザーラモン,,本戦出場,,D,7,0票,細川たかし,,,,,,,,,
w30,2024,牧野ステテコ,,本戦出場,,D,8,1票,ガサツ,,,,,,,,,
w30,2024,パンプキンポテトフライ,,本戦出場,,E,1,0票,医者,,,,,,,,,
w30,2024,オキシジェン,,2位,,E,2,5票,謎かけ,,5番,2票,セリフ全部忘れた漫才師,,,,,
w30,2024,鈍器ノ様ナ者,,本戦出場,,E,3,0票,ティラノサウルス,,,,,,,,,
w30,2024,文句,,本戦出場,,E,4,0票,路上ライブ,,,,,,,,,
w30,2024,脳みそ夫,,本戦出場,,E,5,0票,豆腐ガールきぬ子,,,,,,,,,
w30,2024,泥まみれ,,本戦出場,,E,6,0票,宇宙人,,,,,,,,,
w30,2024,鳥居パラダイス,,本戦出場,,E,7,0票,引っ越し,,,,,,,,,
w30,2024,永野,,本戦出場,,E,8,0票,みちょぱがロケしているのをマンションの10階から見つけた人,,,,,,,,,
w30,2023,大自然,,本戦出場,,A,1,0票,リーダー,,,,,,,,,
w30,2023,フタリシズカ,,本戦出場,,A,2,0票,放課後,,,,,,,,,
w30,2023,金の国,,本戦出場,,A,3,0票,香水,,,,,,,,,
w30,2023,スピーディーハンター,,本戦出場,,A,4,1票,熊,,,,,,,,,
w30,2023,オダウエダ,,本戦出場,,A,5,0票,強盗,,,,,,,,,
w30,2023,ラブレターズ,,本戦出場,,A,6,2票,グラフィティ,,,,,,,,,
w30,2023,そいつどいつ,,本戦出場,,A,7,0票,寿司屋,,,,,,,,,
w30,2023,キンタロー。,,2位,,A,8,2票,変面,,1番,2票,信じられないくらいレベルの高いお隣の国の幼稚園児のお遊戯,,,,,
w30,2023,プラス・マイナス,,本戦出場,,B,1,0票,相撲,,,,,,,,,
w30,2023,怪奇！YesどんぐりRPG,,本戦出場,,B,2,0票,タクシー,,,,,,,,,
w30,2023,超速バギー,,本戦出場,,B,3,0票,セヨ!,,,,,,,,,
w30,2023,オキシジェン,,優勝,,B,4,3票,刑事ドラマで犯人を追い詰めるも静かな芝居すぎて大事な所が聞き取れない國村隼,,2番,3票,先輩と店員を行ったり来たりする人,,,,,
w30,2023,ママタルト,,本戦出場,,B,5,0票,別れ,,,,,,,,,
w30,2023,ネルソンズ,,本戦出場,,B,6,0票,心の声,,,,,,,,,
w30,2023,天才ピアニスト,,本戦出場,,B,7,2票,再会,,,,,,,,,
w30,2023,永野,,本戦出場,,B,8,0票,スパイダーマンの中身がX JAPANのToshlさんだったところ,,,,,,,,,
w30,2023,みなみかわ,,本戦出場,,C,1,0票,昭和に実際にいたAD,,,,,,,,,
w30,2023,サスペンダーズ,,本戦出場,,C,2,0票,謝ってる人,,,,,,,,,
w30,2023,インポッシブル,,本戦出場,,C,3,1票,深海探査艇,,,,,,,,,
w30,2023,センチネル,,本戦出場,,C,4,1票,寄付,,,,,,,,,
w30,2023,ニッポンの社長,,本戦出場,,C,5,0票,昼下がり,,,,,,,,,
w30,2023,トンツカタン,,本戦出場,,C,6,0票,インコ,,,,,,,,,
w30,2023,ぽ〜くちょっぷ,,本戦出場,,C,7,0票,自己紹介,,,,,,,,,
w30,2023,GAG,,3位,,C,8,3票,変な奴に追いかけられてると思っていたらその変な奴はBEAMSの店員に追いかけられていた,,3番,0票,ダーツバー,,,,,
w30,2023,いぬ,,本戦出場,,D,1,0票,不良少年,,,,,,,,,
w30,2023,滝音,,本戦出場,,D,2,0票,帰り道,,,,,,,,,
w30,2023,もう中学生,,本戦出場,,D,3,0票,ボウリング,,,,,,,,,
w30,2023,レインボー,,本戦出場,,D,4,0票,ガールズバー,,,,,,,,,
w30,2023,戦慄のピーカブー,,本戦出場,,D,5,0票,注文,,,,,,,,,
w30,2023,ミスター大冒険。,,本戦出場,,D,6,0票,ガリレオ,,,,,,,,,
w30,2023,わらふぢなるお,,本戦出場,,D,7,0票,もんじゃ焼き屋,,,,,,,,,
w30,2023,ぶったま,,3位,,D,8,5票,京都の学校,,4番,0票,撮り鉄,,,,,
w30,2023,ななまがり,,3位,,E,1,5票,未来,,5番,0票,天狗,,,,,
w30,2023,や団,,本戦出場,,E,2,0票,事件現場,,,,,,,,,
w30,2023,スタミナパン,,本戦出場,,E,3,0票,お会計,,,,,,,,,
w30,2023,サンシャイン,,本戦出場,,E,4,0票,青春,,,,,,,,,
w30,2023,チャンス大城,,本戦出場,,E,5,0票,都庁のてっぺんの凹みに頭が挟まって抜けない巨人,,,,,,,,,
w30,2023,マジメニマフィン,,本戦出場,,E,6,0票,籠屋,,,,,,,,,
w30,2023,ゾフィー,,本戦出場,,E,7,0票,先生と生徒,,,,,,,,,
w30,2023,牧野ステテコ,,本戦出場,,E,8,0票,見せちゃいけない部位,,,,,,,,,
w30,2022,天才ピアニスト,,本戦出場,,A,1,0票,運動会,,,,,,,,,
w30,2022,SAKURAI,,本戦出場,,A,2,0票,数字の歌,,,,,,,,,
w30,2022,フタリシズカ,,本戦出場,,A,3,0票,赤ちゃん,,,,,,,,,
w30,2022,スタミナパン,,本戦出場,,A,4,0票,中華料理屋,,,,,,,,,
w30,2022,にたりひょん吉,,本戦出場,,A,5,0票,川柳講座,,,,,,,,,
w30,2022,ラブレターズ,,本戦出場,,A,6,0票,手相占い,,,,,,,,,
w30,2022,そいつどいつ,,本戦出場,,A,7,1票,ケンカ,,,,,,,,,
w30,2022,ぶったま,,4位,,A,8,4票,葬式,,1番,0票,パンチングマシーン,,,,,
w30,2022,チョコレートプラネット,,本戦出場,,B,1,0票,カツオ,,,,,,,,,
w30,2022,ドンココ,,本戦出場,,B,2,0票,出会い,,,,,,,,,
w30,2022,みなみかわ,,本戦出場,,B,3,1票,数十年前のディレクター,,,,,,,,,
w30,2022,わらふぢなるお,,本戦出場,,B,4,0票,不動産屋,,,,,,,,,
w30,2022,レインボー,,本戦出場,,B,5,0票,何で稼いでるか分からない六本木にいる薄着の金持ち,,,,,,,,,
w30,2022,金の国,,本戦出場,,B,6,0票,信号待ち,,,,,,,,,
w30,2022,もう中学生,,本戦出場,,B,7,0票,お城,,,,,,,,,
w30,2022,ななまがり,,3位,,B,8,4票,おばあちゃん,,2番,1票,パラレルワールド,,,,,
w30,2022,大自然,,本戦出場,,C,1,1票,座禅,,,,,,,,,
w30,2022,キンタロー。,,本戦出場,,C,2,1票,北京オリンピックで見た天才子供トランペッター,,,,,,,,,
w30,2022,オダウエダ,,本戦出場,,C,3,0票,借り物競走,,,,,,,,,
w30,2022,ジェラードン,1,優勝,,C,4,3票,リモート会議,,3番,2票,型抜き,,,,,
w30,2022,戦慄のピーカブー,,本戦出場,,C,5,0票,怖い話,,,,,,,,,
w30,2022,牧野ステテコ,,本戦出場,,C,6,0票,餅つき大会,,,,,,,,,
w30,2022,や団,,本戦出場,,C,7,0票,空手道場,,,,,,,,,
w30,2022,永野,,本戦出場,,C,8,0票,性病の検査を受けてない女が向こうから歩いてくるところ,,,,,,,,,
w30,2022,いぬ,,本戦出場,,D,1,2票,妖怪退治,,,,,,,,,
w30,2022,ネルソンズ,,本戦出場,,D,2,0票,居酒屋,,,,,,,,,
w30,2022,本多スイミングスクール,,本戦出場,,D,3,0票,プール間違い探し,,,,,,,,,
w30,2022,ダブルアート,,本戦出場,,D,4,0票,魔王,,,,,,,,,
w30,2022,おたまじゃくし,,本戦出場,,D,5,0票,反抗期,,,,,,,,,
w30,2022,マジメニマフィン,,本戦出場,,D,6,0票,庭師,,,,,,,,,
w30,2022,サスペンダーズ,,4位,,D,7,3票,デート,,4番,0票,パンダ,,,,,
w30,2022,ゆりやんレトリィバァ,,本戦出場,,D,8,0票,バスケットボールタップダンサー,,,,,,,,,
w30,2022,ニッポンの社長,,2位,,E,1,3票,久しぶり,,5番,2票,親子,,,,,
w30,2022,うるとらブギーズ,,本戦出場,,E,2,0票,説教,,,,,,,,,
w30,2022,ワンドール,,本戦出場,,E,3,0票,幽霊,,,,,,,,,
w30,2022,怪奇！YesどんぐりRPG,,本戦出場,,E,4,0票,全校集会,,,,,,,,,
w30,2022,滝音,,本戦出場,,E,5,0票,ケンタちゃん,,,,,,,,,
w30,2022,パンプキンポテトフライ,,本戦出場,,E,6,0票,父親との再会,,,,,,,,,
w30,2022,ビスケットブラザーズ,,本戦出場,,E,7,2票,すれ違い,,,,,,,,,
w30,2022,チャンス大城,,本戦出場,,E,8,0票,犬のためだけに歌う氷室京介,,,,,,,,,
w30,2021,チョコレートプラネット,,本戦出場,,A,1,0票,セルフウエイトリフティング,,,,,,,,,
w30,2021,プラス・マイナス 岩橋,,3位,,A,2,2票,やってはいけないドレミのうた,,1番,0票,クラリネットをこわしちゃった,,,,,
w30,2021,ダブルアート,,本戦出場,,A,3,0票,音符,,,,,,,,,
w30,2021,ウエスP,,本戦出場,,A,4,0票,バニーガール,,,,,,,,,
w30,2021,ネルソンズ,,本戦出場,,A,5,0票,犬の散歩,,,,,,,,,
w30,2021,ウエストランド,,本戦出場,,A,6,1票,気功が使える人,,,,,,,,,
w30,2021,ななまがり,,本戦出場,,A,7,2票,ギンモ,,,,,,,,,
w30,2021,木村ファミリー,,本戦出場,,A,8,0票,今晩の献立,,,,,,,,,
w30,2021,東京ダイナマイト,,本戦出場,,B,1,1票,ビーフシチュー,,,,,,,,,
w30,2021,ZAZY,,本戦出場,,B,2,0票,すごいっすね〜,,,,,,,,,
w30,2021,まんざらでもねぇ,,本戦出場,,B,3,0票,万引き,,,,,,,,,
w30,2021,いぬ,,2位,,B,4,2票,お酌,,2番,2票,フィットネスジム,,,,,
w30,2021,滝音,,本戦出場,,B,5,1票,居酒屋バイト,,,,,,,,,
w30,2021,シャンプーハット こいで,,本戦出場,,B,6,0票,ミュージシャンの宣材写真,,,,,,,,,
w30,2021,もう中学生,,本戦出場,,B,7,0票,おけ博,,,,,,,,,
w30,2021,ジソンシン,,本戦出場,,B,8,1票,コンビニ,,,,,,,,,
w30,2021,ジェラードン,,3位,,C,1,4票,イビル,,3番,0票,イビル,,,,,
w30,2021,オズワルド,,本戦出場,,C,2,0票,大きい買い物,,,,,,,,,
w30,2021,牧野ステテコ,,本戦出場,,C,3,0票,あまちゃん,,,,,,,,,
w30,2021,TEAM近藤,,本戦出場,,C,4,0票,ハンドベル,,,,,,,,,
w30,2021,雷鳥,,本戦出場,,C,5,0票,レオタード,,,,,,,,,
w30,2021,マユリカ,,本戦出場,,C,6,0票,インテリアショップ,,,,,,,,,
w30,2021,女将,,本戦出場,,C,7,0票,殺人現場,,,,,,,,,
w30,2021,キンタロー。,,本戦出場,,C,8,1票,お隣の国の天才子供歌手,,,,,,,,,
w30,2021,わらふぢなるお,,本戦出場,,D,1,0票,短距離走,,,,,,,,,
w30,2021,レイザーラモンRG,,本戦出場,,D,2,0票,水ダウ王 ある沢拓司,,,,,,,,,
w30,2021,大自然,,本戦出場,,D,3,1票,思春期の息子の悩みをヨットに乗せ引き出そうとするアメリカの父親,,,,,,,,,
w30,2021,ニッポンの社長,,優勝,,D,4,3票,転校生,,4番,3票,殺人鬼,,,,,
w30,2021,ロビンフット,,本戦出場,,D,5,0票,交番,,,,,,,,,
w30,2021,ジグザグジギー,,本戦出場,,D,6,0票,乱闘,,,,,,,,,
w30,2021,マツモトクラブ,,本戦出場,,D,7,0票,プロボクサーとパンティと,,,,,,,,,
w30,2021,歩子,,本戦出場,,D,8,1票,概念ものまね,,,,,,,,,
w30,2021,スタミナパン,,本戦出場,,E,1,1票,感謝屋,,,,,,,,,
w30,2021,守谷日和,,本戦出場,,E,2,0票,歌舞伎役者,,,,,,,,,
w30,2021,ロバート,,本戦出場,,E,3,1票,ロケ隊,,,,,,,,,
w30,2021,レインボー,,本戦出場,,E,4,0票,同窓会,,,,,,,,,
w30,2021,うるとらブギーズ,,本戦出場,,E,5,0票,新スポーツ,,,,,,,,,
w30,2021,シオマリアッチ,,本戦出場,,E,6,0票,ショート鬼かっけー,,,,,,,,,
w30,2021,チャンス大城,,3位,,E,7,3票,犬に噛まれて覚醒したルチアーノ・パヴァロッティ,,5番,0票,ターミネーター,,,,,
w30,2021,Gたかし,,本戦出場,,E,8,0票,振り込め詐欺をするアントニオ猪木,,,,,,,,,
ytv,2012,モンスターエンジン,,優勝,,,8,552点,,,,,,,,,,
ytv,2012,学天即,,2位,,,6,535点,,,,,,,,,,
ytv,2012,プリマ旦那,,3位,,,4,523点,,,,,,,,,,
ytv,2012,ウーマンラッシュアワー,,4位,,,1,515点,,,,,,,,,,
ytv,2012,スーパーマラドーナ,,5位,,,7,513点,,,,,,,,,,
ytv,2012,ミルクボーイ,,6位,,,2,512点,,,,,,,,,,
ytv,2012,ジャルジャル,,7位,,,3,509点,,,,,,,,,,
ytv,2012,スマイル,,8位,,,5,485点,,,,,,,,,,
ytv,2013,銀シャリ,,優勝,,,4,566点,,,2番,572点,,,,,,
ytv,2013,学天即,,2位,,,1,548点,,,1番,555点,,,,,,
ytv,2013,和牛,,3位,,,3,547点,,,,,,,,,,
ytv,2013,ウーマンラッシュアワー,,3位,,,2,547点,,,,,,,,,,
ytv,2013,プリマ旦那,,5位,,,6,543点,,,,,,,,,,
ytv,2013,GAG少年楽団,,6位,,,5,532点,,,,,,,,,,
ytv,2014,藤崎マーケット,,優勝,,,4,564点,,,1番,574点,,,,,,
ytv,2014,和牛,,2位,,,6,566点,,,2番,567点,,,,,,
ytv,2014,かまいたち,,3位,,,1,563点,,,,,,,,,,
ytv,2014,学天即,,4位,,,3,560点,,,,,,,,,,
ytv,2014,GAG少年楽団,,5位,,,2,543点,,,,,,,,,,
ytv,2014,タナからイケダ,,5位,,,5,543点,,,,,,,,,,
ytv,2015,学天即,,優勝,,,5,567点,,,2番,577点,,,,,,
ytv,2015,吉田たち,,2位,,,1,562点,,,1番,573点,,,,,,
ytv,2015,マルセイユ,,3位,,,2,554点,,,,,,,,,,
ytv,2015,アイロンヘッド,,4位,,,4,551点,,,,,,,,,,
ytv,2015,祇園,,5位,,,6,546点,,,,,,,,,,
ytv,2015,タナからイケダ,,6位,,,3,543点,,,,,,,,,,
ytv,2016,コマンダンテ,,優勝,,,4,559点,,,2番,565点,,,,,,
ytv,2016,ミキ,,2位,,,3,557点,,,1番,561点,,,,,,
ytv,2016,ヘンダーソン,,3位,,,6,551点,,,,,,,,,,
ytv,2016,吉田たち,,4位,,,2,550点,,,,,,,,,,
ytv,2016,尼神インター,,5位,,,1,536点,,,,,,,,,,
ytv,2016,アイロンヘッド,,6位,,,5,526点,,,,,,,,,,
ytv,2017,吉田たち,,優勝,,,5,568点,,,2番,581点,,,,,,
ytv,2017,ミキ,,2位,,,6,558点,,,1番,565点,,,,,,
ytv,2017,プリマ旦那,,3位,,,2,557点,,,,,,,,,,
ytv,2017,見取り図,,4位,,,1,553点,,,,,,,,,,
ytv,2017,ムニムニヤエバ,,5位,,,3,545点,,,,,,,,,,
ytv,2017,セルライトスパ,,6位,,,4,530点,,,,,,,,,,
ytv,2018,霜降り明星,,優勝,,,5,578点,,,2番,572点,,,,,,
ytv,2018,ネイビーズアフロ,,2位,,,4,564点,,,1番,562点,,,,,,
ytv,2018,ニッポンの社長,,3位,,,1,557点,,,,,,,,,,
ytv,2018,ロングコートダディ,,4位,,,6,554点,,,,,,,,,,
ytv,2018,マユリカ,,5位,,,2,549点,,,,,,,,,,
ytv,2018,プリマ旦那,,6位,,,3,544点,,,,,,,,,,
ytv,2019,からし蓮根,,優勝,,,5,575点,,,2番,580点,,,,,,
ytv,2019,たくろう,,2位,,,6,571点,,,1番,572点,,,,,,
ytv,2019,ネイビーズアフロ,,3位,,,3,562点,,,,,,,,,,
ytv,2019,セルライトスパ,,4位,,,1,552点,,,,,,,,,,
ytv,2019,紅しょうが,,5位,,,4,551点,,,,,,,,,,
ytv,2019,コウテイ,,6位,,,2,543点,,,,,,,,,,
ytv,2020,ビスケットブラザーズ,,優勝,,,1,559点,,,2番,563点,,,,,,
ytv,2020,ニッポンの社長,,2位,,,3,555点,,,1番,555点,,,,,,
ytv,2020,蛙亭,,3位,,,4,548点,,,,,,,,,,
ytv,2020,紅しょうが,,3位,,,5,548点,,,,,,,,,,
ytv,2020,カベポスター,,5位,,,2,546点,,,,,,,,,,
ytv,2020,マユリカ,,決勝進出,,,,,,,,,,,,,,
ytv,2021,隣人,,優勝,,,4,470点,,,2番,470点,,,,,,
ytv,2021,コウテイ,,2位,,,2,465点,,,1番,468点,,,,,,
ytv,2021,マユリカ,,3位,,,1,458点,,,,,,,,,,
ytv,2021,たくろう,,4位,,,5,456点,,,,,,,,,,
ytv,2021,タチマチ,,5位,,,6,451点,,,,,,,,,,
ytv,2021,紅しょうが,,6位,,,3,450点,,,,,,,,,,
ytv,2022,カベポスター,,優勝,,,2,464点,,,2番,465点,,,,,,
ytv,2022,ダブルヒガシ,,2位,,,5,463点,,,1番,459点,,,,,,
ytv,2022,フースーヤ,,3位,,,6,462点,,,,,,,,,,
ytv,2022,さや香,,4位,,,3,460点,,,,,,,,,,
ytv,2022,丸亀じゃんご,,5位,,,1,452点,,,,,,,,,,
ytv,2022,たくろう,,6位,,,4,448点,,,,,,,,,,
ytv,2023,ダブルヒガシ,,優勝,,,2,465点,,,2番,4票,,,,,,
ytv,2023,ドーナツ・ピーナツ,,2位,,,3,465点,,,1番,1票,,,,,,
ytv,2023,豪快キャプテン,,3位,,,5,460点,,,,,,,,,,
ytv,2023,チェリー大作戦,,4位,,,1,453点,,,,,,,,,,
ytv,2023,フースーヤ,,5位,,,4,451点,,,,,,,,,,
ytv,2023,天才ピアニスト,,決勝進出,,,,,,,,,,,,,,
ytv,2023,コウテイ,,決勝進出,,,,,,,,,,,,,,
ytv,2024,空前メテオ,,優勝,,,3,467点,,,2番,3票,,,,,,
ytv,2024,ぐろう,,2位,,,5,465点,,,1番,2票,,,,,,
ytv,2024,バッテリィズ,,3位,,,4,463点,,,,,,,,,,
ytv,2024,ドーナツ・ピーナツ,,4位,,,6,461点,,,,,,,,,,
ytv,2024,たくろう,,5位,,,1,458点,,,,,,,,,,
ytv,2024,ぎょうぶ,,6位,,,7,455点,,,,,,,,,,
ytv,2024,ハイツ友の会,,7位,,,2,454点,,,,,,,,,,
ytv,2025,フースーヤ,,優勝,,,6,456点,,,2番,4票,,,,,,
ytv,2025,翠星チークダンス,,2位,,,4,451点,,,1番,1票,,,,,,
ytv,2025,タチマチ,,3位,,,2,451点,,,,,,,,,,
ytv,2025,ぐろう,,4位,,,1,450点,,,,,,,,,,
ytv,2025,マーメイド,,5位,,,3,442点,,,,,,,,,,
ytv,2025,オーパスツー,,6位,,,7,439点,,,,,,,,,,
ytv,2025,マーティー,,7位,,,5,438点,,,,,,,,,,
u5,2023,金魚番長,,優勝,,C,3,6票,,,2番,4票,,,,,,
u5,2023,キャプテンバイソン,,2位,,B,2,4票,,,3番,2票,,,,,,
u5,2023,あくびぼうや,,3位,,A,2,4票,,,1番,0票,,,,,,
u5,2023,三遊間,,決勝進出,,A,1,1票,,,,,,,,,,
u5,2023,ハマノとヘンミ,,決勝進出,,A,3,1票,,,,,,,,,,
u5,2023,イチゴ,,決勝進出,,B,1,1票,,,,,,,,,,
u5,2023,どんちっち,,決勝進出,,B,3,1票,,,,,,,,,,
u5,2023,エナマキシマ,,決勝進出,,C,1,0票,,,,,,,,,,
u5,2023,ライムギ,,決勝進出,,C,2,0票,,,,,,,,,,
u5,2024,清川雄司,,優勝,なにわの技坊主,B,2,4票,,,2番,5票,,,,,,
u5,2024,キャプテンバイソン,,2位,ミステリアスお兄さんリベンジ,A,3,6票,,,3番,2票,,,,,,
u5,2024,ツンツクツン万博,,3位,エキセントリックミュージカル,C,2,3票,,,1番,0票,,,,,,
u5,2024,伝書鳩,,決勝進出,スーパールーキー,A,1,1票,,,,,,,,,,
u5,2024,マーティー,,決勝進出,王道×ファンタジー,A,2,0票,,,,,,,,,,
u5,2024,ライムギ,,決勝進出,憑依系コント漫才,B,1,0票,,,,,,,,,,
u5,2024,家族チャーハン,,決勝進出,遅咲きの草食系と肉食系,B,3,3票,,,,,,,,,,
u5,2024,ぐろう,,決勝進出,しゃべくりファイター,C,1,2票,,,,,,,,,,
u5,2024,例えば炎,,決勝進出,同級生の大暴れ,C,3,2票,,,,,,,,,,
u5,2025,あなたとネ,,優勝,ノーブランドのダークホース,C,2,6票,,,1番,4票,,,,,,
u5,2025,シカノシンプ,,準優勝,純朴メガネのニューエイジ,B,1,4票,,,3番,3票,,,,,,
u5,2025,兄弟,,3位,シン兄弟漫才,A,1,4票,,,2番,0票,,,,,,
u5,2025,生姜猫,,決勝進出,幼馴染の凸凹コンビ,A,2,1票,,,,,,,,,,
u5,2025,無尽蔵,,決勝進出,最高学府！W東大,A,3,2票,,,,,,,,,,
u5,2025,ぺ,,決勝進出,一文字必殺,B,2,1票,,,,,,,,,,
u5,2025,釈迦虎,,決勝進出,元銀行マンと元消防士,B,3,2票,,,,,,,,,,
u5,2025,伝書鳩,,決勝進出,芸歴2年目！2年連続,C,1,0票,,,,,,,,,,
u5,2025,例えば炎,,決勝進出,同級生のリベンジ,C,3,1票,,,,,,,,,,
uta,2013,すち子＆真也,,優勝,吉本新喜劇で生まれた女と男やさかい!,,5,87点,,,3番,6票,,,,,,
uta,2013,ななめ45°,,2位,右肩上がりのお笑いトライアングル,,7,86点,,,2番,2票,,,,,,
uta,2013,矢野号,,3位,完全無名のダークホース!,,8,88点,,,4番,1票,,,,,,
uta,2013,どぶろっく,,4位,愛と妄想の芸人フォークデュオ!,,3,85点,,,1番,1票,,,,,,
uta,2013,2700,,5位,動きキレッキレのダンシングマシーン!,,1,85点,,,,,,,,,,
uta,2013,嘉門達夫,,6位,心は悪ガキ体は54歳!,,9,83点,,,,,,,,,,
uta,2013,マキタスポーツ,,7位,パロディソングの探求者,,10,82点,,,,,,,,,,
uta,2013,アイロンヘッド,,8位,魅惑のメロディックコント師!,,2,82点,,,,,,,,,,
uta,2013,阿佐ヶ谷姉妹,,9位,歌って踊れるアラフォーシスターズ,,6,81点,,,,,,,,,,
uta,2013,キンタロー。,,10位,奪え!歌ネタ界のセンターステージ,,4,80点,,,,,,,,,,
uta,2014,手賀沼ジュン,,優勝,（1st）遅れて来たハイスペックミュージシャン\n（最終）あなたも、逆から、読んでみる?,,8,582点,,,2番,587点,,,,,,
uta,2014,すち子＆真也,,2位,（1st）新喜劇から生まれた王者やさかい\n（最終）2連覇目指す王者やさかい,,7,573点,,,1番,582点,,,,,,
uta,2014,インスタントジョンソン,,3位,苦節17年!ついにベールを脱いだお笑い三銃士,,6,568点,,,,,,,,,,
uta,2014,RG＆椿鬼奴,,4位,NO MUSIC NO LIFE,,3,565点,,,,,,,,,,
uta,2014,タブレット純,,5位,ムード歌謡の気弱な王子様,,5,561点,,,,,,,,,,
uta,2014,AMEMIYA,,6位,新しい歌ネタはじめました,,4,556点,,,,,,,,,,
uta,2014,馬と魚,,7位,変幻自在のなりきりミュージシャン,,2,551点,,,,,,,,,,
uta,2014,大福,,8位,届け!教科書にのらないメッセージ,,1,536点,,,,,,,,,,
uta,2015,中山功太,,優勝,（1st）地獄を知る男が魅せる芸人の意地\n（最終）今こそ地獄から這い上がれ!,,7,473点,,,2番,476点,,,,,,
uta,2015,COWCOW,,優勝,（1st）生涯チャレンジャーはあたりまえ!\n（最終）笑顔と癒しのハーモニー,,3,467点,,,1番,476点,,,,,,
uta,2015,どぶろっく,,3位,（1st）青春ボーイズ!歌とギターと、時々、スケベ\n（最終）やっぱり女が好きなんです…,,2,474点,,,3番,465点,,,,,,
uta,2015,バンビーノ,,4位,ダンソン封印 進化するリズムネタ,,6,459点,,,,,,,,,,
uta,2015,田中上野,,5位,芥川賞作家も認めた画力と詩の化学反応,,1,450点,,,,,,,,,,
uta,2015,パーマ大佐,,6位,抗えない…音楽一家の天才遺伝子,,4,446点,,,,,,,,,,
uta,2015,2700,,7位,息子よ、目に焼き付けろ!父が輝く奇跡の瞬間を,,8,440点,,,,,,,,,,
uta,2015,ドドん,,8位,これで負けたら坊主に専念!,,5,435点,,,,,,,,,,
uta,2016,かまいたち,,優勝,（1st）走れ!先人が築いたスター街道\n（最終）スターの切符をつかみ取れ,,3,485点,,,3番,481点,,,,,,
uta,2016,ラニーノーズ,,2位,（1st）ツインギターが奏でる新世代のメロディ!\n（最終）刻め!勝利の新世代ビート,,9,465点,,,1番,481点,,,,,,
uta,2016,ゆたかな真也は一の介,,3位,（1st）新喜劇が生んだ!予測不能のトリプル化学反応\n（最終）奇跡を起こす新喜劇化学反応,,5,465点,,,2番,469点,,,,,,
uta,2016,どぶろっく,,4位,本気になった無冠の帝王,,7,462点,,,,,,,,,,
uta,2016,まとばゆう,,5位,新たな歴史を刻む天才エリートピアニスト,,4,461点,,,,,,,,,,
uta,2016,シャンプーハット・こいで,,6位,テレちゃう男の本気歌,,2,456点,,,,,,,,,,
uta,2016,チョコレートプラネット,,7位,小道具で奏でろ!!変幻自在のコントマエストロ,,6,454点,,,,,,,,,,
uta,2016,2700,,8位,3度目の正直で真のリズム王へ,,8,452点,,,,,,,,,,
uta,2016,トット,,9位,響け!歌唄いの漫才師,,1,446点,,,,,,,,,,
uta,2017,藤崎マーケット,,優勝,,,8,469点,,,3番,465点,,,,,,
uta,2017,ナイツ,,2位,,,9,452点,,,1番,463点,,,,,,
uta,2017,COWCOW,,3位,,,1,453点,,,2番,460点,,,,,,
uta,2017,カミナリ,,4位,,,5,452点,,,,,,,,,,
uta,2017,ANZEN漫才,,5位,,,3,451点,,,,,,,,,,
uta,2017,ゆりやんレトリィバァ,,6位,,,2,450点,,,,,,,,,,
uta,2017,パーマ大佐,,7位,,,7,448点,,,,,,,,,,
uta,2017,ASH＆Dコーポレーション,,8位,,,6,443点,,,,,,,,,,
uta,2017,霜降り明星,,9位,,,4,443点,,,,,,,,,,
uta,2018,メンバー,,優勝,,,6,486点,,,3番,486点,,,,,,
uta,2018,どぶろっく,,2位,,,9,483点,,,2番,481点,,,,,,
uta,2018,アイロンヘッド,,3位,,,8,480点,,,1番,478点,,,,,,
uta,2018,ニッチェ,,4位,,,7,449点,,,,,,,,,,
uta,2018,超新塾,3,5位,,,5,448点,,,,,,,,,,
uta,2018,さや香,,6位,,,2,447点,,,,,,,,,,
uta,2018,アキラ100％,,7位,,,3,441点,,,,,,,,,,
uta,2018,ミキ,,8位,,,4,437点,,,,,,,,,,
uta,2018,トット,,9位,,,1,430点,,,,,,,,,,
uta,2019,ラニーノーズ,,優勝,,,2,473点,,,3番,481点,,,,,,
uta,2019,きつね,,2位,,,4,470点,,,1番,475点,,,,,,
uta,2019,友近・ゆりやんレトリィバァ,,3位,,,8,470点,,,2番,471点,,,,,,
uta,2019,メンバー,,4位,,,7,469点,,,,,,,,,,
uta,2019,お見送り芸人しんいち,,5位,,,5,467点,,,,,,,,,,
uta,2019,新作のハーモニカ,,6位,,,6,466点,,,,,,,,,,
uta,2019,ナイツ,,7位,,,9,463点,,,,,,,,,,
uta,2019,令和喜多みな実,,8位,,,1,461点,,,,,,,,,,
uta,2019,天才ピアニスト,,9位,,,3,449点,,,,,,,,,,
uta,2020,さや香,,優勝,,,3,462点,,,3番,463点,,,,,,
uta,2020,きつね,,2位,,,2,461点,,,1番,463点,,,,,,
uta,2020,うしろシティ,,3位,,,5,461点,,,2番,457点,,,,,,
uta,2020,SAKURAI,,4位,,,6,459点,,,,,,,,,,
uta,2020,こがけん,,5位,,,9,456点,,,,,,,,,,
uta,2020,アイロンヘッド,,6位,,,4,456点,,,,,,,,,,
uta,2020,お見送り芸人しんいち,,7位,,,8,445点,,,,,,,,,,
uta,2020,五次元のシャボン玉,,8位,,,7,445点,,,,,,,,,,
uta,2020,ジャングルポケット,,9位,,,1,438点,,,,,,,,,,
uta,2021,ZAZY,,優勝,,,9,570点,,,3番,580点,,,,,,
uta,2021,ダブルヒガシ,,2位,,,5,570点,,,2番,567点,,,,,,
uta,2021,こがけん,,3位,,,8,568点,,,1番,554点,,,,,,
uta,2021,メンバー,,4位,,,6,566点,,,,,,,,,,
uta,2021,ミクミクサイダー,,5位,,,4,561点,,,,,,,,,,
uta,2021,アイロンヘッド,,6位,,,2,556点,,,,,,,,,,
uta,2021,ホーリーオーギー,,7位,,,7,555点,,,,,,,,,,
uta,2021,ラブレターズ,,8位,,,1,541点,,,,,,,,,,
uta,2021,きつね,,9位,,,3,540点,,,,,,,,,,
nhks,2014,アイロンヘッド,,優勝,,,,,,,,,,,,,,
nhks,2014,巨匠,,準優勝,,,,,,,,,,,,,,
nhks,2014,ジグザグジギー,,決勝進出,,,,,,,,,,,,,,
nhks,2014,エル・カブキ,,決勝進出,,,,,,,,,,,,,,
nhks,2014,藤崎マーケット,,決勝進出,,,,,,,,,,,,,,
nhks,2014,Yes-man,,決勝進出,,,,,,,,,,,,,,
nhks,2014,タナからイケダ,,決勝進出,,,,,,,,,,,,,,
nhks,2014,チョコレートプラネット,,決勝進出,,,,,,,,,,,,,,
nhks,2015,チョコレートプラネット,,優勝,,,,,,,,,,,,,,
nhks,2015,アキナ,,準優勝,,,,,,,,,,,,,,
nhks,2015,スーパーニュウニュウ,,決勝進出,,,,,,,,,,,,,,
nhks,2015,ロビンソンズ,,決勝進出,,,,,,,,,,,,,,
nhks,2015,アインシュタイン,,決勝進出,,,,,,,,,,,,,,
nhks,2015,ザンゼンジ,,決勝進出,,,,,,,,,,,,,,
nhks,2015,和牛,,決勝進出,,,,,,,,,,,,,,
nhks,2015,インディアンス,,決勝進出,,,,,,,,,,,,,,
nhks,2016,トット,,優勝,,,,,,,,,,,,,,
nhks,2016,ラフレクラン,,準優勝,,,,,,,,,,,,,,
nhks,2016,アインシュタイン,,決勝進出,,,,,,,,,,,,,,
nhks,2016,だーりんず,,決勝進出,,,,,,,,,,,,,,
nhks,2016,勝又：,,決勝進出,,,,,,,,,,,,,,
nhks,2016,スーパーニュウニュウ,,決勝進出,,,,,,,,,,,,,,
nhks,2016,大自然,,決勝進出,,,,,,,,,,,,,,
nhks,2016,アキナ,,決勝進出,,,,,,,,,,,,,,
nhks,2017,アキナ,,優勝,,,,,,,,,,,,,,
nhks,2017,ネルソンズ,,準優勝,,,,,,,,,,,,,,
nhks,2017,Aマッソ,,決勝進出,,,,,,,,,,,,,,
nhks,2017,ハナコ,,決勝進出,,,,,,,,,,,,,,
nhks,2017,ミキ,,決勝進出,,,,,,,,,,,,,,
nhks,2017,パーマ大佐,,決勝進出,,,,,,,,,,,,,,
nhks,2017,てんしとあくま,,決勝進出,,,,,,,,,,,,,,
nhks,2017,濱田祐太郎,,決勝進出,,,,,,,,,,,,,,
nhks,2018,Gパンパンダ,,優勝,,,,,,,,,,,,,,
nhks,2018,ネルソンズ,,準優勝,,,,,,,,,,,,,,
nhks,2018,パーパー,,決勝進出,,,,,,,,,,,,,,
nhks,2018,インディアンス,,決勝進出,,,,,,,,,,,,,,
nhks,2018,ヒガシ逢ウサカ,,決勝進出,,,,,,,,,,,,,,
nhks,2018,ミキ,,決勝進出,,,,,,,,,,,,,,
nhks,2018,からし蓮根,,決勝進出,,,,,,,,,,,,,,
nhks,2018,アインシュタイン,,決勝進出,,,,,,,,,,,,,,
nhks,2019,ラフレクラン,,優勝,,,,,,,,,,,,,,
nhks,2019,ゾフィー,,準優勝,,,,,,,,,,,,,,
nhks,2019,堀川絵美,,決勝進出,,,,,,,,,,,,,,
nhks,2019,インディアンス,,決勝進出,,,,,,,,,,,,,,
nhks,2019,隣人,,決勝進出,,,,,,,,,,,,,,
nhks,2019,ジュリエッタ,,決勝進出,,,,,,,,,,,,,,
nhks,2019,かが屋,,決勝進出,,,,,,,,,,,,,,
nhks,2019,たくろう,,決勝進出,,,,,,,,,,,,,,
nhks,2020,令和ロマン,,優勝,,,,,,,,,,,,,,
nhks,2020,さや香,,準優勝,,,,,,,,,,,,,,
nhks,2020,吉住,,決勝進出,,,,,,,,,,,,,,
nhks,2020,THIS IS パン,,決勝進出,,,,,,,,,,,,,,
nhks,2020,フタリシズカ,,決勝進出,,,,,,,,,,,,,,
nhks,2020,チェリー大作戦,,決勝進出,,,,,,,,,,,,,,
nhks,2020,カベポスター,,決勝進出,,,,,,,,,,,,,,
nhks,2020,ねこ屋敷,,決勝進出,,,,,,,,,,,,,,
nhks,2021,ニッポンの社長,,優勝,,,,,,,,,,,,,,
nhks,2021,ハイツ友の会,,準優勝,,,,,,,,,,,,,,
nhks,2021,素敵じゃないか,,決勝進出,,,,,,,,,,,,,,
nhks,2021,トンツカタン,,決勝進出,,,,,,,,,,,,,,
nhks,2021,丸亀じゃんご,,決勝進出,,,,,,,,,,,,,,
nhks,2021,モンローズ,,決勝進出,,,,,,,,,,,,,,
nhks,2021,チェリー大作戦,,決勝進出,,,,,,,,,,,,,,
nhks,2021,ミキ,,決勝進出,,,,,,,,,,,,,,
nhks,2022,スパイシーガーリック,,優勝,,,,,,,,,,,,,,
nhks,2022,隣人,,準優勝,,,,,,,,,,,,,,
nhks,2022,フースーヤ,,決勝進出,,,,,,,,,,,,,,
nhks,2022,パーティーパーティー,,決勝進出,,,,,,,,,,,,,,
nhks,2022,紅しょうが,,決勝進出,,,,,,,,,,,,,,
nhks,2022,10億円,,決勝進出,,,,,,,,,,,,,,
nhks,2022,トンツカタン,,決勝進出,,,,,,,,,,,,,,
nhks,2022,オダウエダ,,決勝進出,,,,,,,,,,,,,,
nhks,2023,天才ピアニスト,,優勝,,,,,,,,,,,,,,
nhks,2023,ジョックロック,,準優勝,,,,,,,,,,,,,,
nhks,2023,翠星チークダンス,,決勝進出,,,,,,,,,,,,,,
nhks,2023,プール,,決勝進出,,,,,,,,,,,,,,
nhks,2023,サスペンダーズ,,決勝進出,,,,,,,,,,,,,,
nhks,2023,レインボー,,決勝進出,,,,,,,,,,,,,,
nhks,2023,いろはラムネ,,決勝進出,,,,,,,,,,,,,,
nhks,2023,チェリー大作戦,,決勝進出,,,,,,,,,,,,,,
nhks,2024,エバース,,優勝,,,,,,,,,,,,,,
nhks,2024,ジョックロック,,準優勝,,,,,,,,,,,,,,
nhks,2024,軟水,,決勝進出,,,,,,,,,,,,,,
nhks,2024,ラビットラ,,決勝進出,,,,,,,,,,,,,,
nhks,2024,オーサカクレオパトラ,,決勝進出,,,,,,,,,,,,,,
nhks,2024,かが屋,,決勝進出,,,,,,,,,,,,,,
nhks,2024,やました,,決勝進出,,,,,,,,,,,,,,
nhks,2024,スタミナパン,,決勝進出,,,,,,,,,,,,,,
nhks,2025,マイスイートメモリーズ,,優勝,完熟コント職人,A,1,4票,脚立,,1番,4票,夜道,,,,,
nhks,2025,金の国,,決勝進出,笑いの黄金比,A,2,0票,占い,,,,,,,,,
nhks,2025,cacao,,決勝進出,阿吽（あうん）の呼吸\nの三重殺（トリプルプレー）,A,3,1票,カツアゲ,,,,,,,,,
nhks,2025,家族チャーハン,,決勝進出,熱烈歓“芸”,A,4,2票,美容院,,,,,,,,,
nhks,2025,豪快キャプテン,,決勝進出,押忍（おす）！漫才番長！,B,1,1票,みかん,,,,,,,,,
nhks,2025,四千頭身,,決勝進出,逆襲の\n“第7世代”,B,2,0票,台本が逆,,,,,,,,,
nhks,2025,生姜猫,,準優勝,今大会\n最年少トリオ,B,3,5票,写真,https://www.youtube.com/watch?v=XaQ3bnBfb3I,2番,3票,言葉サウナ,,,,,
nhks,2025,ヨネダ2000,,決勝進出,愛と誠の\n新機軸漫才,B,4,1票,挨拶,,,,,,,,,
ln,2015,S×L,,決勝進出,,,,,,,,,,,,,,
ln,2015,ジグザグジギー,,決勝進出,,,,,,,,,,,,,,
ln,2015,湘南デストラーデ,,決勝進出,,,,,,,,,,,,,,
ln,2015,相席スタート,,決勝進出,,,,,,,,,,,,,,
ln,2015,モグライダー,,決勝進出,,,,,,,,,,,,,,
ln,2015,メイプル超合金,,決勝進出,,,,,,,,,,,,,,
ln,2015,ニューヨーク,,優勝,,,,,,,,,,,,,,
ln,2015,ヤーレンズ,,決勝進出,,,,,,,,,,,,,,
ln,2015,エル・カブキ,,決勝進出,,,,,,,,,,,,,,
ln,2015,ANZEN漫才,,決勝進出,,,,,,,,,,,,,,
ln,2016,エル・カブキ,,決勝進出,,,,,,,,,,,,,,
ln,2016,ラブレターズ,,決勝進出,,,,,,,,,,,,,,
ln,2016,ヤーレンズ,,決勝進出,,,,,,,,,,,,,,
ln,2016,わらふぢなるお,,決勝進出,,,,,,,,,,,,,,
ln,2016,錦鯉,,決勝進出,,,,,,,,,,,,,,
ln,2016,ゆにばーす,,決勝進出,,,,,,,,,,,,,,
ln,2016,カミナリ,,決勝進出,,,,,,,,,,,,,,
ln,2016,ウエストランド,,決勝進出,,,,,,,,,,,,,,
ln,2016,ピーマンズスタンダード,,決勝進出,,,,,,,,,,,,,,
ln,2016,ロビンソンズ,,決勝進出,,,,,,,,,,,,,,
ln,2016,空気階段,,優勝,,,,,,,,,,,,,,
ln,2017,ルシファー吉岡,,決勝進出,,,,,,,,,,,,,,
ln,2017,ペンギンズ,,決勝進出,,,,,,,,,,,,,,
ln,2017,やさしいズ,,決勝進出,,,,,,,,,,,,,,
ln,2017,空気階段,,優勝,,,,,,,,,,,,,,
ln,2017,エル・カブキ,,決勝進出,,,,,,,,,,,,,,
ln,2017,ななまがり,,決勝進出,,,,,,,,,,,,,,
ln,2017,カントリーズ,,決勝進出,,,,,,,,,,,,,,
ln,2017,まんじゅう大帝国,,決勝進出,,,,,,,,,,,,,,
ln,2017,ロビンソンズ,,決勝進出,,,,,,,,,,,,,,
ln,2017,湘南デストラーデ,,決勝進出,,,,,,,,,,,,,,
ln,2017,岡野陽一,,決勝進出,,,,,,,,,,,,,,
ln,2018,ゾフィー,,決勝進出,,,,,,,,,,,,,,
ln,2018,ゆにばーす,,決勝進出,,,,,,,,,,,,,,
ln,2018,岡野陽一,,決勝進出,,,,,,,,,,,,,,
ln,2018,レインボー,,決勝進出,,,,,,,,,,,,,,
ln,2018,ロビンソンズ,,決勝進出,,,,,,,,,,,,,,
ln,2018,やさしいズ,,優勝,,,,,,,,,,,,,,
ln,2018,ガクヅケ,,決勝進出,,,,,,,,,,,,,,
ln,2018,真空ジェシカ,,決勝進出,,,,,,,,,,,,,,
ln,2018,ネルソンズ,,マイナビ賞,,,,,,,,,,,,,,
ln,2018,アイロンヘッド,,決勝進出,,,,,,,,,,,,,,
ln,2018,吉住,,決勝進出,,,,,,,,,,,,,,
ln,2019,まんじゅう大帝国,,決勝進出,,,,,,,,,,,,,,
ln,2019,ダンビラムーチョ,,決勝進出,,,,,,,,,,,,,,
ln,2019,ななまがり,,決勝進出,,,,,,,,,,,,,,
ln,2019,かが屋,,決勝進出,,,,,,,,,,,,,,
ln,2019,ギフト☆矢野,,決勝進出,,,,,,,,,,,,,,
ln,2019,トンツカタン,,マイナビ賞,,,,,,,,,,,,,,
ln,2019,宮下草薙,,決勝進出,,,,,,,,,,,,,,
ln,2019,ザ・マミィ,,決勝進出,,,,,,,,,,,,,,
ln,2019,錦鯉,,決勝進出,,,,,,,,,,,,,,
ln,2019,納言,,決勝進出,,,,,,,,,,,,,,
ln,2019,ママタルト,,決勝進出,,,,,,,,,,,,,,
ln,2019,真空ジェシカ,,優勝,,,,,,,,,,,,,,
ln,2020,ヤーレンズ,,決勝進出,,,,,,,,,,,,,,
ln,2020,ラランド,,決勝進出,,,,,,,,,,,,,,
ln,2020,ぼる塾,,決勝進出,,,,,,,,,,,,,,
ln,2020,錦鯉,,決勝進出,,,,,,,,,,,,,,
ln,2020,オズワルド,,優勝,,,,,,,,,,,,,,
ln,2020,カラタチ,,決勝進出,,,,,,,,,,,,,,
ln,2020,蛙亭,,決勝進出,,,,,,,,,,,,,,
ln,2020,ファイヤーサンダー,,マイナビ賞,,,,,,,,,,,,,,
ln,2020,吉住,,決勝進出,,,,,,,,,,,,,,
ln,2021,スーパーニュウニュウ,,決勝進出,,,,,,,,,,,,,,
ln,2021,ナイチンゲールダンス,,決勝進出,,,,,,,,,,,,,,
ln,2021,シシガシラ,,決勝進出,,,,,,,,,,,,,,
ln,2021,キュウ,,決勝進出,,,,,,,,,,,,,,
ln,2021,ママタルト,,決勝進出,,,,,,,,,,,,,,
ln,2021,令和ロマン,,決勝進出,,,,,,,,,,,,,,
ln,2021,TCクラクション,,決勝進出,,,,,,,,,,,,,,
ln,2021,そいつどいつ,,マイナビ賞,,,,,,,,,,,,,,
ln,2021,サスペンダーズ,,決勝進出,,,,,,,,,,,,,,
ln,2021,金の国,,優勝,,,,,,,,,,,,,,
ln,2021,演芸おんせん,,決勝進出,,,,,,,,,,,,,,
ln,2022,モシモシ,,決勝進出,,,,,,,,,,,,,,
ln,2022,ママタルト,,決勝進出,,,,,,,,,,,,,,
ln,2022,ガクヅケ,,決勝進出,,,,,,,,,,,,,,
ln,2022,パンプキンポテトフライ,,決勝進出,,,,,,,,,,,,,,
ln,2022,サスペンダーズ,,優勝,,,,,,,,,,,,,,
ln,2022,シシガシラ,,決勝進出,,,,,,,,,,,,,,
ln,2022,大自然,,決勝進出,,,,,,,,,,,,,,
ln,2022,きしたかの,,決勝進出,,,,,,,,,,,,,,
ln,2022,TCクラクション,,マイナビ賞,,,,,,,,,,,,,,
ln,2023,金魚番長,,優勝,,,,,,,,,,,,,,
ln,2023,春とヒコーキ,,決勝進出,,,,,,,,,,,,,,
ln,2023,きしたかの,,決勝進出,,,,,,,,,,,,,,
ln,2023,怪奇！YesどんぐりRPG,,決勝進出,,,,,,,,,,,,,,
ln,2023,10億円,,決勝進出,,,,,,,,,,,,,,
ln,2023,鬼としみちゃむ,,決勝進出,,,,,,,,,,,,,,
ln,2023,マルセイユ,,決勝進出,,,,,,,,,,,,,,
ln,2023,ストレッチーズ,,マイナビ賞,,,,,,,,,,,,,,
ln,2023,シンクロニシティ,,決勝進出,,,,,,,,,,,,,,
ln,2023,令和ロマン,,決勝進出,,,,,,,,,,,,,,
ln,2023,キャプテンバイソン,,決勝進出,,,,,,,,,,,,,,
ln,2023,金澤TKCファクトリー,,決勝進出,,,,,,,,,,,,,,
ln,2024,エバース,,決勝進出,,,,,,,,,,,,,,
ln,2024,まんじゅう大帝国,,決勝進出,,,,,,,,,,,,,,
ln,2024,センチネル,,決勝進出,,,,,,,,,,,,,,
ln,2024,ジョックロック,,決勝進出,,,,,,,,,,,,,,
ln,2024,さすらいラビー,,決勝進出,,,,,,,,,,,,,,
ln,2024,春とヒコーキ,,決勝進出,,,,,,,,,,,,,,
ln,2024,9番街レトロ,,決勝進出,,,,,,,,,,,,,,
ln,2024,かが屋,,優勝,,,,,,,,,,,,,,
ln,2024,ポテトカレッジ,,決勝進出,,,,,,,,,,,,,,
ln,2024,元祖いちごちゃん,,決勝進出,,,,,,,,,,,,,,
ln,2024,めぞん,,マイナビ賞,,,,,,,,,,,,,,
ln,2025,喫茶ムーン,,マイナビ賞,,,1,,見送り,,,,,,,,,
ln,2025,スタミナパン,,決勝進出,,,2,,居酒屋,https://www.youtube.com/watch?v=Qxw7MYX21_8,,,,,,,,
ln,2025,イチゴ,,決勝進出,,,3,,声に自信がある,,,,,,,,,
ln,2025,ぎょねこ,,決勝進出,,,4,,占い,,,,,,,,,
ln,2025,ヤッホイ,,決勝進出,,,5,,花火,,,,,,,,,
ln,2025,今夜も星が綺麗,,決勝進出,,,6,,留守電,,,,,,,,,
ln,2025,おミュータンツ,,決勝進出,,,7,,年齢確認,,,,,,,,,
ln,2025,シンクロニシティ,,決勝進出,,,8,,市役所,,,,,,,,,
ln,2025,例えば炎,,決勝進出,,,9,,ボクシングジム,,,,,,,,,
ln,2025,フランスピアノ,,決勝進出,,,10,,ビデオレター,https://www.youtube.com/watch?v=pbJePGtHXSE,,,,,,,,
ln,2025,おおぞらモード,,優勝,,,11,,授業参観,,,,,,,,,
tks,2019,マッハスピード豪速球,,優勝,,,,,,,,,,,,,,
tks,2019,モンローズ,,準優勝,,,,,,,,,,,,,,
tks,2019,いい塩梅,,決勝進出,,,,,,,,,,,,,,
tks,2019,ザ・パーフェクト,,決勝進出,,,,,,,,,,,,,,
tks,2019,ブラットピーク,,決勝進出,,,,,,,,,,,,,,
tks,2019,がじゅまる,,決勝進出,,,,,,,,,,,,,,
tks,2019,ヤマメ,,決勝進出,,,,,,,,,,,,,,
tks,2019,オッパショ石,,決勝進出,,,,,,,,,,,,,,
tks,2019,ゆかりてるみ,,決勝進出,,,,,,,,,,,,,,
tks,2019,キープランニング,,決勝進出,,,,,,,,,,,,,,
tks,2020,おせつときょうた,,決勝進出,,,,,,,,,,,,,,
tks,2020,オッパショ石,,決勝進出,,,,,,,,,,,,,,
tks,2020,ザ・パーフェクト,,決勝進出,,,,,,,,,,,,,,
tks,2020,ザ・マミィ,,決勝進出,,,,,,,,,,,,,,
tks,2020,バオバブ,,決勝進出,,,,,,,,,,,,,,
tks,2020,バジトウフー,,決勝進出,,,,,,,,,,,,,,
tks,2020,マリオネットブラザーズ,,決勝進出,,,,,,,,,,,,,,
tks,2020,まんじゅう大帝国,,決勝進出,,,,,,,,,,,,,,
tks,2021,オキシジェン,,優勝,,,,,,,,,,,,,,
tks,2021,母心,,準優勝,,,,,,,,,,,,,,
tks,2021,Yes!アキト,,決勝進出,,,,,,,,,,,,,,
tks,2021,女将,,決勝進出,,,,,,,,,,,,,,
tks,2021,サスペンダーズ,,決勝進出,,,,,,,,,,,,,,
tks,2021,ジーター,,決勝進出,,,,,,,,,,,,,,
tks,2021,ニュークレープ,,決勝進出,,,,,,,,,,,,,,
tks,2021,ママタルト,,決勝進出,,,,,,,,,,,,,,
tks,2022,四天王,,優勝,,,,,,,,,,,,,,
tks,2022,アマレス兄弟,,決勝進出,,,,,,,,,,,,,,
tks,2022,カカロニ,,決勝進出,,,,,,,,,,,,,,
tks,2022,ストロベリーロマンス,,決勝進出,,,,,,,,,,,,,,
tks,2022,ぽんぽこ,,決勝進出,,,,,,,,,,,,,,
tks,2022,魔族,,決勝進出,,,,,,,,,,,,,,
tks,2022,モシモシ,,決勝進出,,,,,,,,,,,,,,
tks,2023,ハンジロウ,,優勝,,,,,,,,,,,,,,
tks,2023,オッパショ石,,決勝進出,,,,,,,,,,,,,,
tks,2023,センチネル,,決勝進出,,,,,,,,,,,,,,
tks,2023,TCクラクション,,決勝進出,,,,,,,,,,,,,,
tks,2023,ポンループ,,決勝進出,,,,,,,,,,,,,,
tks,2023,まんじゅう大帝国,,決勝進出,,,,,,,,,,,,,,
tks,2023,や団,,決勝進出,,,,,,,,,,,,,,
tks,2023,ヤーレンズ,,決勝進出,,,,,,,,,,,,,,
tks,2024,ヤーレンズ,,優勝,,,,,,,,,,,,,,
tks,2024,キャメル,,決勝進出,,,,,,,,,,,,,,
tks,2024,ジグザグジギー,,決勝進出,,,,,,,,,,,,,,
tks,2024,センチネル,,決勝進出,,,,,,,,,,,,,,
tks,2024,ちゃんぴおんず,,決勝進出,,,,,,,,,,,,,,
tks,2024,ぴろしき,,決勝進出,,,,,,,,,,,,,,
tks,2024,マイアミバスケットボールクラブ,,決勝進出,,,,,,,,,,,,,,
tks,2024,ルミ子,,決勝進出,,,,,,,,,,,,,,
tks,2025,ハマノとヘンミ,,優勝,,,,,,,,,,,,,,
tks,2025,シティホテル3号室,,優勝,,,,,,,,,,,,,,
tks,2025,オッパショ石,,決勝進出,,,,,,,,,,,,,,
tks,2025,元祖いちごちゃん,,決勝進出,,,,,,,,,,,,,,
tks,2025,サイヤング,,決勝進出,,,,,,,,,,,,,,
tks,2025,サルベース,,決勝進出,,,,,,,,,,,,,,
tks,2025,ジグザグジギー,,決勝進出,,,,,,,,,,,,,,
tks,2025,TCクラクション,,決勝進出,,,,,,,,,,,,,,
tks,2026,スパイシーガーリック,,優勝,,,,,,,,,,,,,,
tks,2026,おおぞらモード,,決勝進出,,,,,,,,,,,,,,
tks,2026,共犯者,,決勝進出,,,,,,,,,,,,,,
tks,2026,サルベース,,決勝進出,,,,,,,,,,,,,,
tks,2026,ジグザグジギー,,決勝進出,,,,,,,,,,,,,,
tks,2026,ツンツクツン万博,,決勝進出,,,,,,,,,,,,,,
tks,2026,ナチョス。,,決勝進出,,,,,,,,,,,,,,
tks,2026,ラパルフェ,,決勝進出,,,,,,,,,,,,,,
